{"type":"FeatureCollection","features":[{"type":"Feature","geometry":{"type":"Polygon","coordinates":[[[12.431,41.898],[12.439,41.898],[12.438,41.906],[12.431,41.905],[12.431,41.898]]]},"properties":{"iso":"VA"}},{"type":"Feature","geometry":{"type":"MultiPolygon","coordinates":[[[[70.958,40.239],[71.305,40.287],[71.692,40.152],[71.956,40.259],[72.131,40.439],[72.358,40.402],[72.402,40.578],[72.567,40.524],[72.774,40.65],[73.113,40.786],[72.99,40.86],[72.62,40.884],[72.364,41.043],[72.187,41.026],[72.164,41.174],[71.879,41.195],[71.792,41.413],[71.421,41.342],[71.408,41.136],[71.111,41.153],[70.782,41.263],[70.646,41.46],[70.471,41.413],[70.181,41.571],[70.455,41.725],[70.631,41.875],[70.803,41.923],[70.842,42.02],[71.229,42.163],[71.036,42.285],[70.947,42.249],[70.715,42.169],[70.613,42.055],[70.416,42.079],[70.096,41.821],[69.664,41.672],[69.368,41.491],[69.065,41.367],[68.987,41.205],[68.737,41.042],[68.584,40.876],[68.601,40.66],[68.496,40.609],[68.292,40.656],[68.048,40.809],[68.113,41.029],[67.936,41.197],[66.814,41.142],[66.669,41.271],[66.538,41.741],[66.499,41.995],[66.01,42.005],[66.1,42.991],[65.803,42.877],[65.496,43.311],[65.271,43.418],[64.905,43.715],[64.443,43.551],[63.207,43.628],[62.072,43.489],[61.99,43.492],[61.161,44.169],[61.008,44.394],[60.188,44.784],[58.555,45.555],[57.477,45.337],[55.976,44.995],[55.976,43.618],[55.977,42.47],[55.977,41.322],[57.018,41.263],[57.119,41.35],[57.018,41.451],[56.964,41.857],[57.229,42.084],[57.382,42.156],[57.814,42.19],[58.029,42.488],[58.234,42.448],[58.26,42.688],[58.477,42.663],[58.589,42.778],[58.877,42.561],[59.123,42.524],[59.277,42.356],[59.451,42.3],[59.858,42.295],[60.006,42.191],[59.963,41.954],[60.107,41.907],[60.076,41.701],[60.138,41.594],[60.09,41.399],[60.455,41.222],[60.755,41.246],[61.329,41.195],[61.497,41.276],[61.8,41.163],[61.954,41.031],[62.095,40.683],[62.298,40.467],[62.375,40.332],[62.442,40.036],[62.651,39.858],[63.506,39.377],[63.721,39.188],[64.163,38.954],[64.31,38.977],[64.66,38.736],[65.077,38.539],[65.613,38.239],[65.857,38.269],[66.173,38.167],[66.39,38.051],[66.575,38.011],[66.629,37.932],[66.526,37.786],[66.522,37.348],[66.828,37.371],[67.069,37.335],[67.32,37.21],[67.517,37.267],[67.759,37.172],[67.814,37.487],[68.088,37.835],[68.294,38.033],[68.333,38.238],[68.144,38.383],[68.048,38.669],[68.149,38.891],[68.104,38.962],[67.677,39.008],[67.617,39.15],[67.35,39.242],[67.426,39.466],[67.719,39.621],[68.077,39.564],[68.463,39.537],[68.586,39.635],[68.639,39.839],[68.869,39.907],[68.805,40.05],[68.653,40.183],[68.952,40.223],[69.228,40.188],[69.304,40.327],[69.206,40.567],[69.414,40.797],[69.713,40.657],[70.292,40.892],[70.442,41.023],[70.751,40.74],[70.712,40.669],[70.383,40.454],[70.653,40.201],[70.958,40.239]]],[[[71.156,39.883],[71.229,40.048],[71.08,40.08],[71.012,39.895],[71.156,39.883]]]]},"properties":{"iso":"UZ"}},{"type":"Feature","geometry":{"type":"Polygon","coordinates":[[[-2.01,49.181],[-2.082,49.255],[-2.221,49.266],[-2.236,49.176],[-2.01,49.181]]]},"properties":{"iso":"JE"}},{"type":"Feature","geometry":{"type":"Polygon","coordinates":[[[-2.547,49.429],[-2.542,49.507],[-2.646,49.468],[-2.547,49.429]]]},"properties":{"iso":"GG"}},{"type":"Feature","geometry":{"type":"Polygon","coordinates":[[[-4.614,54.059],[-4.338,54.269],[-4.509,54.377],[-4.746,54.119],[-4.614,54.059]]]},"properties":{"iso":"IM"}},{"type":"Feature","geometry":{"type":"MultiPolygon","coordinates":[[[[-2.742,51.581],[-3.042,51.249],[-3.375,51.197],[-3.842,51.231],[-4.188,51.189],[-4.296,51.027],[-4.523,50.977],[-4.583,50.776],[-5.342,50.246],[-5.571,50.197],[-5.225,50.021],[-4.728,50.29],[-4.173,50.391],[-3.793,50.229],[-3.584,50.322],[-3.405,50.632],[-2.999,50.717],[-2.777,50.706],[-2.548,50.616],[-2.35,50.637],[-2.036,50.603],[-2.031,50.725],[-1.517,50.747],[-1.285,50.857],[-0.785,50.765],[-0.204,50.814],[0.205,50.763],[0.684,50.886],[0.96,50.926],[1.044,51.047],[1.398,51.182],[1.415,51.363],[0.889,51.36],[0.687,51.387],[0.593,51.519],[0.891,51.571],[0.955,51.808],[1.274,51.845],[1.317,51.957],[1.559,52.087],[1.747,52.469],[1.657,52.754],[1.382,52.894],[1.056,52.959],[0.559,52.967],[0.28,52.809],[0.046,52.906],[0.356,53.16],[0.128,53.468],[0.011,53.743],[-0.206,54.022],[-0.084,54.118],[-0.37,54.279],[-0.671,54.504],[-1.154,54.654],[-1.292,54.774],[-1.655,55.57],[-2.147,55.903],[-2.599,56.027],[-2.837,56.026],[-3.049,55.952],[-3.178,56.08],[-2.98,56.194],[-2.768,56.202],[-2.653,56.318],[-2.775,56.483],[-2.593,56.562],[-2.26,56.863],[-2.02,57.259],[-1.778,57.494],[-1.867,57.612],[-2.074,57.702],[-2.244,57.681],[-3.084,57.673],[-3.403,57.708],[-3.868,57.6],[-4.078,57.677],[-3.888,57.787],[-3.99,57.959],[-3.212,58.321],[-3.101,58.434],[-3.053,58.635],[-4.715,58.51],[-4.925,58.588],[-5.067,58.52],[-5.008,58.263],[-5.338,58.239],[-5.394,58.044],[-5.177,57.906],[-5.608,57.881],[-5.745,57.668],[-5.679,57.572],[-5.818,57.436],[-5.562,57.233],[-5.736,56.961],[-5.731,56.853],[-6.035,56.764],[-5.937,56.606],[-5.392,56.515],[-5.61,56.055],[-5.623,55.813],[-5.768,55.363],[-5.556,55.39],[-5.386,55.77],[-5.246,55.929],[-4.844,56.051],[-4.892,55.699],[-4.724,55.598],[-4.721,55.421],[-4.965,55.149],[-5.135,54.858],[-5.032,54.761],[-4.818,54.846],[-4.517,54.758],[-4.304,54.836],[-3.958,54.781],[-3.783,54.87],[-3.434,54.964],[-3.268,54.907],[-3.465,54.773],[-3.592,54.564],[-3.569,54.468],[-3.166,54.128],[-2.846,54.135],[-2.9,53.961],[-3.027,53.906],[-2.925,53.733],[-3.059,53.586],[-3.065,53.427],[-3.326,53.347],[-3.809,53.303],[-4.111,53.219],[-4.638,52.891],[-4.101,52.915],[-3.98,52.542],[-4.149,52.326],[-4.383,52.197],[-5.088,51.996],[-5.201,51.861],[-5.125,51.706],[-4.902,51.626],[-4.601,51.738],[-4.386,51.741],[-4.115,51.566],[-3.944,51.598],[-3.562,51.414],[-3.293,51.39],[-2.979,51.539],[-2.742,51.581]]],[[[-1.287,60.467],[-1.494,60.292],[-1.179,60.114],[-1.066,60.382],[-1.287,60.467]]],[[[-1.149,50.656],[-1.313,50.773],[-1.515,50.67],[-1.306,50.589],[-1.149,50.656]]],[[[-4.155,53.303],[-4.315,53.417],[-4.568,53.386],[-4.553,53.26],[-4.373,53.134],[-4.155,53.303]]],[[[-5.231,55.448],[-5.105,55.449],[-5.16,55.667],[-5.393,55.618],[-5.231,55.448]]],[[[-7.219,55.092],[-7.377,55.028],[-7.55,54.768],[-7.886,54.666],[-7.794,54.571],[-8.044,54.512],[-8.118,54.414],[-7.855,54.215],[-7.355,54.121],[-6.936,54.374],[-6.65,54.059],[-6.218,54.089],[-6.019,54.051],[-5.826,54.236],[-5.607,54.273],[-5.646,54.478],[-5.47,54.5],[-5.717,54.817],[-5.986,55.03],[-6.129,55.217],[-6.475,55.241],[-6.947,55.183],[-7.219,55.092]]],[[[-6.146,57.461],[-6.247,57.651],[-6.617,57.563],[-6.761,57.442],[-6.442,57.327],[-6.323,57.202],[-6.034,57.201],[-5.949,57.045],[-5.669,57.227],[-6.136,57.314],[-6.146,57.461]]],[[[-5.991,55.804],[-5.797,56.006],[-5.939,56.045],[-6.072,55.893],[-5.991,55.804]]],[[[-6.176,56.289],[-5.778,56.344],[-5.761,56.491],[-6.103,56.646],[-6.176,56.289]]],[[[-6.093,55.802],[-6.311,55.856],[-6.253,55.607],[-6.055,55.695],[-6.093,55.802]]],[[[-6.326,58.189],[-6.199,58.363],[-6.237,58.503],[-7.085,58.182],[-7.057,58.003],[-6.864,57.933],[-7.083,57.814],[-6.957,57.75],[-6.425,58.021],[-6.326,58.189]]],[[[-7.093,57.627],[-7.206,57.683],[-7.499,57.636],[-7.321,57.534],[-7.093,57.627]]]]},"properties":{"iso":"GB","c":[54.374,-1.977],"bb":[[50.02,-6.04],[58.63,1.75]]}},{"type":"Feature","geometry":{"type":"Polygon","coordinates":[[[56.08,26.063],[55.941,25.794],[55.523,25.498],[55.304,25.237],[55.035,25],[56.38,25],[56.363,25.569],[56.298,25.651],[56.145,25.691],[56.167,26.047],[56.08,26.063]]]},"properties":{"iso":"AE"}},{"type":"Feature","geometry":{"type":"Polygon","coordinates":[[[29.706,45.26],[29.727,45.343],[29.602,45.683],[30.219,45.867],[30.512,46.105],[30.722,46.366],[30.796,46.552],[31.137,46.624],[31.532,46.665],[31.78,46.632],[31.974,46.709],[32.127,46.597],[32.354,46.565],[32.361,46.475],[32.008,46.43],[32.036,46.261],[32.477,46.084],[32.942,46.124],[33.202,46.176],[33.43,46.058],[33.594,46.096],[33.665,45.947],[33.28,45.765],[33.142,45.749],[32.508,45.404],[32.611,45.328],[32.919,45.348],[33.187,45.195],[33.392,45.188],[33.555,45.098],[33.612,44.908],[33.451,44.554],[33.656,44.433],[33.91,44.388],[34.282,44.538],[34.47,44.722],[34.717,44.807],[35.088,44.803],[35.155,44.896],[35.358,44.978],[35.473,45.098],[35.678,45.102],[35.87,45.005],[36.393,45.065],[36.575,45.394],[36.171,45.453],[36.013,45.372],[35.833,45.402],[35.558,45.311],[35.374,45.354],[35.023,45.701],[34.857,45.987],[34.85,46.19],[35.064,46.267],[35.23,46.441],[35.4,46.381],[35.827,46.624],[36.025,46.667],[36.279,46.659],[36.432,46.733],[36.689,46.764],[37.34,46.917],[37.543,47.075],[38.214,47.091],[38.281,47.277],[38.201,47.321],[38.287,47.559],[38.719,47.714],[38.9,47.855],[39.391,47.834],[39.736,47.845],[39.885,48.168],[39.961,48.238],[39.836,48.543],[39.645,48.591],[39.793,48.808],[39.687,49.008],[39.89,49.064],[40.07,49.2],[40.126,49.369],[40.031,49.597],[39.781,49.572],[39.463,49.728],[39.303,49.742],[39.175,49.856],[38.918,49.825],[38.648,49.953],[38.451,49.964],[38.259,50.052],[38.047,49.92],[37.704,50.109],[37.582,50.292],[37.423,50.411],[36.759,50.292],[36.619,50.209],[36.306,50.28],[36.116,50.409],[35.89,50.437],[35.674,50.346],[35.412,50.54],[35.44,50.728],[35.312,51.044],[35.158,51.061],[35.064,51.203],[34.712,51.172],[34.281,51.312],[34.121,51.679],[34.398,51.78],[34.113,51.98],[33.922,52.251],[33.735,52.345],[33.148,52.34],[32.9,52.256],[32.508,52.309],[32.363,52.272],[32.283,52.114],[31.974,52.047],[31.763,52.101],[31.346,52.105],[30.981,52.046],[30.667,51.814],[30.533,51.596],[30.633,51.355],[30.545,51.265],[30.333,51.326],[30.161,51.478],[29.553,51.435],[29.346,51.383],[29.136,51.617],[28.648,51.457],[28.599,51.543],[28.184,51.608],[27.859,51.592],[27.27,51.614],[27.142,51.752],[26.453,51.813],[25.925,51.914],[25.267,51.938],[24.362,51.868],[24.127,51.665],[23.951,51.585],[23.707,51.641],[23.605,51.518],[23.664,51.31],[24.106,50.845],[23.978,50.786],[24.095,50.617],[23.973,50.41],[23.712,50.377],[23.036,49.899],[22.649,49.539],[22.732,49.295],[22.706,49.171],[22.539,49.073],[22.295,48.686],[22.143,48.569],[22.132,48.405],[22.254,48.407],[22.35,48.256],[22.582,48.134],[22.769,48.11],[22.877,47.947],[23.203,48.085],[23.408,47.99],[23.629,47.996],[24.178,47.906],[24.579,47.931],[24.893,47.718],[25.464,47.911],[26.163,47.993],[26.306,48.204],[26.619,48.26],[26.847,48.387],[27.229,48.371],[27.549,48.478],[27.82,48.416],[28.088,48.257],[28.327,48.161],[28.774,48.12],[28.973,47.933],[29.195,47.882],[29.211,47.732],[29.123,47.53],[29.16,47.456],[29.549,47.247],[29.515,47.091],[29.572,46.964],[29.878,46.829],[29.942,46.724],[29.924,46.539],[30.131,46.423],[29.838,46.351],[29.146,46.527],[28.927,46.424],[29.006,46.176],[28.948,46.05],[28.739,45.937],[28.729,45.852],[28.492,45.666],[28.471,45.507],[28.213,45.45],[28.451,45.292],[28.761,45.234],[29.224,45.403],[29.568,45.371],[29.706,45.26]]]},"properties":{"iso":"UA","c":[48.316,33.959],"bb":[[44.39,22.13],[52.34,40.13]]}},{"type":"Feature","geometry":{"type":"Polygon","coordinates":[[[66.522,37.348],[66.526,37.786],[66.629,37.932],[66.575,38.011],[66.39,38.051],[66.173,38.167],[65.857,38.269],[65.613,38.239],[65.077,38.539],[64.66,38.736],[64.31,38.977],[64.163,38.954],[63.721,39.188],[63.506,39.377],[62.651,39.858],[62.442,40.036],[62.375,40.332],[62.298,40.467],[62.095,40.683],[61.954,41.031],[61.8,41.163],[61.497,41.276],[61.329,41.195],[60.755,41.246],[60.455,41.222],[60.09,41.399],[60.138,41.594],[60.076,41.701],[60.107,41.907],[59.963,41.954],[60.006,42.191],[59.858,42.295],[59.451,42.3],[59.277,42.356],[59.123,42.524],[58.877,42.561],[58.589,42.778],[58.477,42.663],[58.26,42.688],[58.234,42.448],[58.029,42.488],[57.814,42.19],[57.382,42.156],[57.229,42.084],[56.964,41.857],[57.018,41.451],[57.119,41.35],[57.018,41.263],[55.977,41.322],[55.545,41.263],[55.434,41.296],[55.25,41.458],[54.952,41.81],[54.904,41.919],[54.678,42.078],[54.121,42.335],[53.685,42.297],[53.25,42.206],[52.871,42.061],[52.494,41.78],[52.609,41.529],[52.83,41.342],[52.883,41.653],[52.815,41.712],[52.97,41.976],[53.164,42.094],[53.625,42.136],[53.846,42.091],[54.095,41.519],[54.285,41.364],[54.592,41.194],[54.704,41.071],[54.71,40.891],[54.547,40.832],[54.319,40.835],[54.193,40.72],[53.87,40.649],[53.764,40.666],[53.615,40.819],[53.333,40.783],[53.145,40.825],[52.943,41.038],[52.85,40.686],[52.734,40.399],[52.744,40.22],[52.898,39.913],[52.988,39.988],[53.404,39.96],[53.487,39.909],[53.472,39.669],[53.39,39.536],[53.236,39.609],[53.125,39.432],[53.203,39.317],[53.336,39.341],[53.618,39.216],[53.869,38.949],[53.84,38.515],[53.854,38.286],[53.824,37.928],[53.914,37.344],[54.192,37.332],[54.745,37.502],[54.849,37.723],[55.076,37.902],[55.381,38.051],[55.578,38.1],[56.229,38.073],[56.441,38.249],[56.775,38.25],[56.907,38.213],[57.194,38.216],[57.424,37.948],[57.711,37.905],[58.109,37.783],[58.262,37.666],[58.436,37.639],[58.815,37.683],[59.241,37.521],[59.367,37.334],[59.562,37.179],[59.949,37.042],[60.063,36.963],[60.341,36.638],[61.12,36.643],[61.212,36.099],[61.153,35.977],[61.252,35.868],[61.262,35.62],[61.345,35.629],[61.543,35.458],[61.72,35.419],[61.984,35.444],[62.253,35.25],[62.611,35.233],[63.057,35.446],[63.17,35.678],[63.109,35.819],[63.863,36.012],[64.01,36.012],[64.092,36.113],[64.358,36.226],[64.511,36.341],[64.816,37.132],[65.09,37.238],[65.555,37.251],[65.641,37.468],[65.765,37.569],[66.108,37.415],[66.522,37.348]]]},"properties":{"iso":"TM"}},{"type":"Feature","geometry":{"type":"MultiPolygon","coordinates":[[[[43.439,41.107],[43.205,41.199],[43.149,41.307],[42.788,41.564],[42.567,41.559],[42.466,41.44],[42.211,41.487],[41.926,41.496],[41.824,41.432],[41.51,41.517],[41.414,41.424],[40.959,41.212],[40.265,40.961],[40.128,40.943],[39.808,40.983],[39.426,41.106],[38.852,41.018],[38.557,40.937],[38.381,40.925],[37.91,41.002],[37.766,41.079],[37.431,41.114],[37.066,41.184],[36.992,41.275],[36.778,41.363],[36.51,41.263],[36.278,41.336],[36.179,41.427],[36.052,41.683],[35.92,41.714],[35.558,41.634],[35.298,41.729],[35.122,41.891],[35.155,42.028],[35.006,42.063],[34.75,41.957],[34.193,41.964],[33.381,42.018],[32.947,41.892],[32.306,41.73],[32.086,41.589],[31.458,41.32],[31.255,41.108],[30.81,41.085],[30.345,41.197],[29.919,41.151],[29.322,41.228],[29.094,41.177],[29.046,41.008],[29.365,40.809],[29.801,40.76],[28.958,40.631],[28.788,40.534],[29.007,40.39],[28.63,40.376],[28.289,40.403],[27.728,40.329],[27.476,40.32],[27.285,40.456],[27.012,40.396],[26.738,40.4],[26.475,40.197],[26.313,40.025],[26.181,39.99],[26.113,39.467],[26.827,39.563],[26.911,39.517],[26.682,39.292],[26.854,39.116],[26.815,38.961],[27.014,38.887],[26.764,38.71],[26.907,38.482],[26.861,38.373],[26.595,38.419],[26.587,38.557],[26.378,38.624],[26.43,38.441],[26.291,38.277],[26.582,38.149],[26.683,38.198],[26.944,38.063],[27.232,37.979],[27.224,37.725],[27.078,37.688],[27.219,37.389],[27.52,37.249],[27.535,37.164],[27.349,37.02],[27.668,37.007],[28.134,37.029],[28.224,36.996],[27.804,36.736],[28.084,36.751],[28.196,36.686],[28.304,36.812],[28.484,36.804],[28.718,36.701],[29.038,36.693],[29.143,36.397],[29.348,36.259],[29.689,36.157],[30.232,36.307],[30.387,36.243],[30.484,36.31],[30.558,36.526],[30.582,36.797],[30.644,36.866],[31.353,36.801],[31.778,36.613],[32.022,36.535],[32.378,36.184],[32.534,36.101],[32.795,36.036],[33.1,36.103],[33.695,36.182],[34.023,36.341],[34.3,36.604],[34.601,36.784],[34.811,36.799],[35.176,36.635],[35.393,36.575],[35.537,36.597],[35.661,36.724],[36.049,36.911],[36.18,36.807],[36.188,36.659],[35.883,36.406],[35.811,36.31],[35.957,35.998],[35.893,35.917],[36.127,35.831],[36.348,36.004],[36.375,36.171],[36.641,36.264],[36.538,36.457],[36.659,36.803],[36.942,36.758],[37.066,36.653],[37.436,36.643],[38.192,36.902],[38.444,36.862],[38.767,36.693],[39.357,36.682],[39.687,36.739],[40.016,36.826],[40.706,37.098],[40.959,37.109],[41.265,37.069],[41.516,37.089],[42.06,37.206],[42.269,37.277],[42.359,37.109],[42.456,37.129],[42.775,37.372],[42.937,37.325],[43.092,37.367],[43.516,37.245],[43.836,37.224],[44.013,37.314],[44.208,37.203],[44.202,37.052],[44.282,36.978],[44.606,37.176],[44.765,37.142],[44.794,37.29],[44.574,37.435],[44.561,37.745],[44.211,37.908],[44.431,38.357],[44.291,38.42],[44.272,38.836],[44.145,38.994],[44.178,39.145],[44.079,39.218],[44.023,39.377],[44.389,39.422],[44.456,39.667],[44.587,39.769],[44.817,39.65],[44.768,39.704],[44.56,39.888],[44.289,40.04],[44.005,40.014],[43.792,40.07],[43.71,40.167],[43.569,40.482],[43.723,40.72],[43.632,40.929],[43.439,41.107]]],[[[26.039,40.727],[26.105,40.611],[26.792,40.627],[26.72,40.544],[26.447,40.445],[26.254,40.315],[26.33,40.123],[26.772,40.498],[27.258,40.687],[27.43,40.84],[27.499,40.973],[27.747,41.013],[27.925,40.991],[28.172,41.081],[28.78,40.974],[28.956,41.008],[29.057,41.23],[28.947,41.248],[28.346,41.466],[28.198,41.554],[27.987,41.855],[28.014,41.969],[27.879,41.987],[27.535,41.921],[27.295,42.08],[27.012,42.059],[26.885,41.992],[26.615,41.965],[26.511,41.826],[26.321,41.717],[26.581,41.601],[26.625,41.402],[26.331,41.239],[26.331,40.954],[26.039,40.727]]],[[[25.74,40.105],[25.97,40.136],[25.918,40.238],[25.741,40.196],[25.74,40.105]]]]},"properties":{"iso":"TR","c":[38.924,35.558],"bb":[[35.83,26.11],[42.06,44.82]]}},{"type":"Feature","geometry":{"type":"MultiPolygon","coordinates":[[[[9.519,30.229],[9.895,30.387],[10.216,30.783],[10.243,31.032],[10.115,31.464],[10.306,31.705],[10.476,31.736],[10.609,31.93],[10.826,32.081],[11.505,32.414],[11.534,32.525],[11.454,32.643],[11.505,33.182],[11.203,33.249],[11.085,33.563],[10.723,33.514],[10.713,33.689],[10.454,33.663],[10.159,33.85],[10.049,34.056],[10.065,34.212],[10.2,34.346],[10.535,34.545],[10.866,34.884],[11.12,35.24],[11.043,35.335],[11.004,35.634],[10.591,35.887],[10.477,36.175],[10.526,36.323],[10.798,36.493],[10.967,36.743],[11.127,36.874],[11.054,37.073],[10.951,37.059],[10.766,36.93],[10.571,36.879],[10.412,36.732],[10.189,37.034],[10.196,37.206],[9.876,37.254],[9.688,37.34],[9.142,37.195],[8.824,36.998],[8.577,36.937],[8.601,36.834],[8.444,36.761],[8.37,36.633],[8.231,36.545],[8.349,36.368],[8.246,35.871],[8.318,35.655],[8.316,35.403],[8.394,35.204],[8.277,34.979],[8.246,34.734],[8.123,34.564],[7.838,34.41],[7.749,34.254],[7.514,34.081],[7.5,33.832],[7.763,33.233],[8.076,33.089],[8.211,32.927],[8.333,32.544],[9.044,32.072],[9.363,30.833],[9.519,30.229]]],[[[10.931,33.717],[11.038,33.785],[10.922,33.893],[10.745,33.889],[10.722,33.739],[10.931,33.717]]]]},"properties":{"iso":"TN"}},{"type":"Feature","geometry":{"type":"Polygon","coordinates":[[[70.958,40.239],[70.653,40.201],[70.383,40.454],[70.712,40.669],[70.751,40.74],[70.442,41.023],[70.292,40.892],[69.713,40.657],[69.414,40.797],[69.206,40.567],[69.304,40.327],[69.228,40.188],[68.952,40.223],[68.653,40.183],[68.805,40.05],[68.869,39.907],[68.639,39.839],[68.586,39.635],[68.463,39.537],[68.077,39.564],[67.719,39.621],[67.426,39.466],[67.35,39.242],[67.617,39.15],[67.677,39.008],[68.104,38.962],[68.149,38.891],[68.048,38.669],[68.144,38.383],[68.333,38.238],[68.294,38.033],[68.088,37.835],[67.814,37.487],[67.759,37.172],[67.958,36.972],[68.068,36.95],[68.387,37.138],[68.669,37.258],[68.96,37.325],[69.265,37.108],[69.414,37.208],[69.399,37.399],[69.492,37.553],[69.626,37.594],[69.941,37.6],[70.045,37.547],[70.251,37.664],[70.215,37.924],[70.418,38.075],[70.616,38.334],[70.879,38.456],[71.052,38.418],[71.256,38.307],[71.333,38.17],[71.279,37.918],[71.552,37.933],[71.58,37.864],[71.505,37.603],[71.433,37.128],[71.597,36.733],[71.802,36.694],[72.154,36.901],[72.359,36.983],[72.657,37.029],[72.757,37.173],[72.896,37.268],[73.211,37.408],[73.481,37.472],[73.721,37.419],[73.75,37.232],[74.167,37.329],[74.26,37.415],[74.659,37.394],[74.891,37.232],[75.119,37.386],[74.894,37.601],[74.938,37.773],[74.79,38.104],[74.772,38.275],[74.836,38.404],[74.745,38.51],[74.277,38.66],[74.131,38.661],[74.026,38.54],[73.802,38.607],[73.696,38.854],[73.796,39.002],[73.607,39.229],[73.632,39.449],[73.47,39.461],[73.235,39.375],[72.872,39.36],[72.64,39.386],[72.358,39.337],[72.23,39.208],[72.043,39.352],[71.806,39.276],[71.732,39.423],[71.546,39.453],[71.404,39.598],[71.065,39.493],[71.005,39.412],[70.733,39.413],[70.608,39.564],[70.392,39.582],[70.245,39.543],[69.599,39.574],[69.298,39.525],[69.229,39.761],[69.307,39.969],[69.432,39.91],[69.53,40.097],[69.967,40.202],[70.451,40.049],[70.946,40.188],[70.958,40.239]]]},"properties":{"iso":"TJ"}},{"type":"Feature","geometry":{"type":"Polygon","coordinates":[[[42.359,37.109],[42.269,37.277],[42.06,37.206],[41.516,37.089],[41.265,37.069],[40.959,37.109],[40.706,37.098],[40.016,36.826],[39.687,36.739],[39.357,36.682],[38.767,36.693],[38.444,36.862],[38.192,36.902],[37.436,36.643],[37.066,36.653],[36.942,36.758],[36.659,36.803],[36.538,36.457],[36.641,36.264],[36.375,36.171],[36.348,36.004],[36.127,35.831],[35.893,35.917],[35.764,35.572],[35.902,35.421],[35.943,35.224],[35.89,35.06],[35.899,34.852],[35.976,34.629],[36.433,34.613],[36.326,34.513],[36.504,34.432],[36.585,34.221],[36.282,33.894],[36.092,33.832],[35.942,33.668],[36.022,33.563],[35.869,33.432],[35.816,33.362],[35.785,33.291],[35.888,32.944],[35.787,32.735],[35.895,32.714],[36.059,32.534],[36.22,32.495],[36.372,32.387],[36.818,32.317],[38.056,32.995],[38.774,33.372],[39.564,33.768],[40.689,34.332],[40.987,34.429],[41.195,34.769],[41.216,35.288],[41.354,35.64],[41.353,35.81],[41.246,36.073],[41.296,36.383],[41.417,36.515],[41.789,36.597],[42.35,37.061],[42.359,37.109]]]},"properties":{"iso":"SY"}},{"type":"Feature","geometry":{"type":"Polygon","coordinates":[[[9.528,47.271],[9.626,47.467],[9.524,47.524],[9.183,47.671],[8.881,47.656],[8.618,47.766],[8.198,47.607],[7.927,47.564],[7.616,47.593],[7.42,47.455],[7.203,47.433],[7.053,47.489],[6.9,47.394],[7.001,47.323],[6.625,47.004],[6.456,46.948],[6.41,46.755],[6.161,46.611],[6.06,46.428],[6.087,46.147],[6.273,46.252],[6.235,46.333],[6.429,46.431],[6.758,46.416],[6.817,46.275],[6.772,46.165],[7.021,45.926],[7.129,45.88],[7.539,45.978],[7.788,45.922],[7.993,46.016],[8.125,46.161],[8.082,46.256],[8.371,46.445],[8.458,46.246],[8.954,45.83],[9.047,45.876],[9.022,46.051],[9.251,46.287],[9.26,46.475],[9.428,46.482],[9.481,46.349],[9.639,46.296],[9.939,46.362],[10.087,46.6],[10.431,46.55],[10.398,46.665],[10.453,46.865],[10.349,46.985],[10.18,46.862],[9.997,46.885],[9.845,47.007],[9.58,47.057],[9.488,47.062],[9.528,47.271]]]},"properties":{"iso":"CH","c":[46.809,8.43],"bb":[[45.83,6.06],[47.77,10.45]]}},{"type":"Feature","geometry":{"type":"MultiPolygon","coordinates":[[[[20.622,69.037],[20.117,69.021],[20.337,68.9],[20.319,68.754],[19.969,68.542],[20.24,68.478],[19.97,68.356],[19.053,68.493],[18.379,68.562],[18.163,68.528],[18.177,68.201],[17.917,67.965],[17.325,68.104],[16.784,67.895],[16.586,67.628],[16.194,67.505],[16.127,67.426],[16.434,67.155],[16.404,67.055],[15.423,66.49],[15.484,66.306],[15.153,66.191],[14.543,66.129],[14.635,65.845],[14.48,65.301],[14.115,64.946],[13.65,64.582],[14.078,64.464],[14.141,64.174],[13.961,64.014],[13.3,64.075],[12.988,64.05],[12.663,63.94],[12.175,63.596],[12.212,63.492],[12,63.292],[12.218,63.001],[12.109,62.919],[12.115,62.592],[12.304,62.286],[12.155,61.721],[12.596,61.541],[12.881,61.352],[12.683,61.047],[12.294,61.003],[12.315,60.892],[12.589,60.451],[12.486,60.107],[12.169,59.913],[11.932,59.864],[11.681,59.592],[11.798,59.29],[11.643,58.926],[11.388,59.037],[11.147,58.989],[11.208,58.866],[11.272,58.476],[11.432,58.34],[11.449,58.118],[11.703,57.973],[11.735,57.718],[11.879,57.679],[11.962,57.426],[12.421,56.906],[12.718,56.663],[12.884,56.618],[12.857,56.452],[12.656,56.441],[12.802,56.264],[12.593,56.138],[12.978,55.694],[12.886,55.411],[13.321,55.346],[13.806,55.429],[14.174,55.397],[14.342,55.528],[14.203,55.729],[14.215,55.833],[14.559,56.049],[14.755,56.033],[14.782,56.162],[15.327,56.151],[15.627,56.186],[15.827,56.125],[15.997,56.223],[16.151,56.501],[16.349,56.709],[16.528,57.068],[16.476,57.265],[16.652,57.501],[16.555,57.812],[16.695,57.918],[16.7,58.161],[16.77,58.214],[16.652,58.434],[16.924,58.493],[16.639,58.651],[16.978,58.654],[17.457,58.858],[18.285,59.109],[18.509,59.408],[18.217,59.421],[18.971,59.757],[18.933,59.942],[18.787,60.079],[18.535,60.153],[18.558,60.254],[18.25,60.362],[17.956,60.59],[17.661,60.535],[17.555,60.643],[17.251,60.701],[17.131,61.576],[17.417,61.741],[17.375,61.866],[17.563,62.212],[17.373,62.427],[17.834,62.503],[17.974,62.721],[17.896,62.831],[18.463,62.896],[18.606,63.178],[19.034,63.238],[19.354,63.477],[19.722,63.463],[19.914,63.611],[20.205,63.662],[20.763,63.868],[21.018,64.178],[21.465,64.38],[21.279,64.725],[21.138,64.809],[21.574,65.126],[21.566,65.408],[21.88,65.424],[22.254,65.598],[22.366,65.843],[22.747,65.871],[23.102,65.735],[23.691,65.829],[24.155,65.805],[23.907,66.148],[23.751,66.191],[23.701,66.481],[23.866,66.577],[23.989,66.811],[23.677,67.068],[23.623,67.184],[23.775,67.329],[23.468,67.45],[23.537,67.59],[23.502,67.875],[23.639,67.954],[22.782,68.391],[21.997,68.521],[21.465,68.691],[20.622,69.037]]],[[[18.994,57.812],[18.841,57.9],[18.537,57.831],[18.137,57.557],[18.105,57.272],[18.285,57.083],[18.7,57.243],[18.785,57.361],[18.814,57.706],[18.994,57.812]]],[[[16.477,56.24],[16.778,56.805],[16.63,56.877],[16.412,56.569],[16.401,56.311],[16.477,56.24]]]]},"properties":{"iso":"SE","c":[62.039,14.854],"bb":[[55.35,11.15],[69.04,24.16]]}},{"type":"Feature","geometry":{"type":"MultiPolygon","coordinates":[[[[4.275,39.83],[4.226,40.032],[3.853,40.063],[3.843,39.976],[4.275,39.83]]],[[[3.241,39.757],[3.159,39.971],[2.785,39.855],[2.371,39.613],[2.5,39.478],[2.634,39.556],[2.77,39.41],[3.073,39.301],[3.245,39.387],[3.462,39.698],[3.241,39.757]]],[[[1.428,42.596],[1.349,42.691],[0.697,42.845],[0.632,42.69],[-0.041,42.689],[-0.299,42.825],[-0.586,42.799],[-0.763,42.94],[-0.934,42.95],[-1.285,43.06],[-1.429,43.037],[-1.411,43.24],[-1.753,43.325],[-1.794,43.407],[-1.991,43.345],[-2.337,43.328],[-2.607,43.413],[-2.875,43.454],[-3.046,43.372],[-3.605,43.519],[-3.889,43.499],[-4.313,43.415],[-4.523,43.416],[-5.105,43.502],[-5.316,43.553],[-5.666,43.582],[-5.847,43.645],[-6.08,43.595],[-6.901,43.586],[-7.061,43.554],[-7.262,43.595],[-7.504,43.74],[-7.698,43.765],[-8.005,43.694],[-8.257,43.58],[-8.249,43.439],[-8.537,43.337],[-8.874,43.334],[-9.178,43.174],[-9.235,42.977],[-9.042,42.814],[-8.988,42.586],[-8.812,42.64],[-8.812,42.47],[-8.691,42.274],[-8.887,42.105],[-8.777,41.941],[-8.538,42.069],[-8.213,42.134],[-8.13,42.018],[-8.225,41.896],[-8.152,41.812],[-7.921,41.884],[-7.693,41.888],[-7.404,41.834],[-7.03,41.951],[-6.618,41.942],[-6.542,41.673],[-6.392,41.665],[-6.212,41.532],[-6.403,41.375],[-6.69,41.215],[-6.928,41.009],[-6.818,40.654],[-6.848,40.411],[-6.81,40.343],[-7.015,40.208],[-6.896,40.022],[-7.037,39.714],[-7.454,39.681],[-7.445,39.536],[-7.335,39.465],[-7.306,39.338],[-7.172,39.135],[-6.998,39.056],[-7.046,38.907],[-7.282,38.715],[-7.343,38.457],[-7.023,38.045],[-7.185,38.006],[-7.444,37.728],[-7.504,37.585],[-7.406,37.179],[-7.175,37.209],[-6.885,37.194],[-6.492,36.955],[-6.396,36.832],[-6.384,36.637],[-6.269,36.597],[-6.17,36.334],[-6.041,36.188],[-5.625,36.026],[-5.361,36.135],[-5.171,36.424],[-4.935,36.502],[-4.674,36.506],[-4.367,36.718],[-3.828,36.756],[-3.431,36.708],[-3.259,36.756],[-2.788,36.715],[-2.596,36.806],[-2.306,36.82],[-2.112,36.777],[-1.939,36.946],[-1.798,37.233],[-1.641,37.387],[-1.328,37.561],[-0.822,37.581],[-0.823,37.712],[-0.683,37.992],[-0.647,38.152],[-0.381,38.436],[-0.053,38.586],[0.202,38.759],[-0.034,38.891],[-0.205,39.063],[-0.329,39.417],[-0.327,39.52],[-0.075,39.876],[0.364,40.319],[0.596,40.615],[0.859,40.686],[0.715,40.823],[1.033,41.062],[1.567,41.196],[2.083,41.287],[2.311,41.467],[3.005,41.767],[3.248,41.944],[3.166,42.256],[3.307,42.289],[3.211,42.431],[2.97,42.467],[2.568,42.346],[2.2,42.421],[2.033,42.354],[1.706,42.503],[1.486,42.434],[1.428,42.596]]],[[[1.409,38.857],[1.624,39.039],[1.564,39.121],[1.349,39.081],[1.257,38.879],[1.409,38.857]]],[[[-13.784,28.845],[-13.478,29.007],[-13.454,29.151],[-13.788,29.056],[-13.86,28.869],[-13.784,28.845]]],[[[-14.333,28.056],[-14.197,28.169],[-13.928,28.253],[-13.828,28.585],[-13.857,28.738],[-14.003,28.707],[-14.232,28.216],[-14.333,28.056]]],[[[-15.407,28.071],[-15.453,28.137],[-15.683,28.154],[-15.809,27.994],[-15.807,27.888],[-15.71,27.784],[-15.559,27.747],[-15.389,27.875],[-15.407,28.071]]],[[[-16.418,28.151],[-16.334,28.38],[-16.119,28.528],[-16.319,28.558],[-16.517,28.413],[-16.905,28.34],[-16.795,28.149],[-16.658,28.007],[-16.543,28.032],[-16.418,28.151]]],[[[-17.225,28.014],[-17.101,28.083],[-17.259,28.203],[-17.325,28.118],[-17.225,28.014]]],[[[-17.859,28.486],[-17.758,28.569],[-17.745,28.787],[-17.929,28.845],[-18.001,28.758],[-17.859,28.486]]]]},"properties":{"iso":"ES","c":[39.949,-3.466],"bb":[[36.03,-9.23],[43.77,3.31]]}},{"type":"Feature","geometry":{"type":"Polygon","coordinates":[[[22.132,48.405],[22.143,48.569],[22.295,48.686],[22.539,49.073],[22.02,49.21],[21.89,49.343],[21.64,49.412],[21.079,49.418],[20.947,49.317],[20.616,49.392],[20.363,49.385],[20.164,49.316],[20.058,49.181],[19.802,49.192],[19.774,49.372],[19.664,49.396],[19.442,49.598],[19.149,49.4],[18.968,49.396],[18.832,49.511],[18.596,49.491],[18.365,49.336],[18.161,49.257],[18.086,49.065],[17.758,48.888],[17.483,48.828],[17.188,48.861],[17.063,48.781],[16.953,48.599],[16.865,48.387],[16.973,48.198],[17.147,48.006],[17.317,47.991],[17.762,47.77],[18.146,47.763],[18.724,47.787],[18.792,48],[18.914,48.051],[19.467,48.111],[19.625,48.223],[19.899,48.131],[20.334,48.296],[20.49,48.527],[20.867,48.546],[21.067,48.506],[21.451,48.552],[21.767,48.338],[22.132,48.405]]]},"properties":{"iso":"SK","c":[48.642,19.609],"bb":[[47.76,16.86],[49.6,22.54]]}},{"type":"Feature","geometry":{"type":"Polygon","coordinates":[[[13.578,45.517],[13.879,45.428],[14.086,45.478],[14.37,45.481],[14.534,45.645],[14.734,45.508],[15.11,45.451],[15.339,45.467],[15.277,45.733],[15.625,45.834],[15.666,46.048],[15.636,46.201],[16.227,46.373],[16.321,46.535],[16.516,46.5],[16.381,46.639],[16.284,46.857],[16.093,46.863],[15.958,46.678],[15.767,46.711],[15.439,46.63],[15.001,46.626],[14.757,46.499],[14.504,46.417],[13.7,46.52],[13.68,46.463],[13.4,46.318],[13.4,46.225],[13.633,46.177],[13.486,46.04],[13.614,45.962],[13.57,45.834],[13.831,45.68],[13.72,45.588],[13.578,45.517]]]},"properties":{"iso":"SI","c":[46.112,14.609],"bb":[[45.43,13.4],[46.86,16.52]]}},{"type":"Feature","geometry":{"type":"Polygon","coordinates":[[[22.705,44.238],[22.495,44.435],[22.554,44.54],[22.721,44.606],[22.498,44.706],[22.351,44.676],[22.093,44.542],[21.909,44.666],[21.636,44.71],[21.384,44.87],[21.357,44.991],[21.492,45.122],[20.942,45.365],[20.774,45.484],[20.775,45.75],[20.359,45.975],[20.242,46.109],[20.161,46.142],[19.531,46.155],[19.208,45.984],[19.087,46.016],[18.905,45.932],[18.839,45.836],[19.055,45.527],[19.005,45.4],[19.33,45.268],[19.388,45.173],[19.063,45.137],[19.1,44.974],[19.007,44.869],[19.237,44.914],[19.357,44.859],[19.292,44.697],[19.151,44.527],[19.152,44.303],[19.339,44.226],[19.584,44.043],[19.55,43.987],[19.257,43.943],[19.488,43.704],[19.451,43.562],[19.194,43.533],[19.219,43.45],[19.552,43.212],[19.944,43.082],[20.34,42.893],[20.344,42.828],[20.624,43.034],[20.623,43.199],[20.844,43.173],[21.057,43.092],[21.237,42.913],[21.403,42.832],[21.391,42.751],[21.753,42.67],[21.563,42.248],[21.904,42.322],[22.24,42.358],[22.344,42.314],[22.524,42.441],[22.436,42.629],[22.467,42.842],[22.706,42.884],[22.942,43.097],[22.977,43.188],[22.768,43.354],[22.555,43.454],[22.395,43.707],[22.365,43.862],[22.421,44.007],[22.597,44.075],[22.705,44.238]]]},"properties":{"iso":"RS","c":[44.151,21.044],"bb":[[42.25,18.84],[46.16,22.98]]}},{"type":"Feature","geometry":{"type":"Polygon","coordinates":[[[34.951,29.354],[34.799,28.721],[34.78,28.507],[34.616,28.148],[35.078,28.087],[35.18,28.035],[35.424,27.734],[35.581,27.432],[35.763,27.259],[35.852,27.07],[36.032,26.881],[36.25,26.595],[36.519,26.105],[36.675,26.039],[36.763,25.751],[36.921,25.641],[37.149,25.291],[37.258,25],[50.635,25],[50.558,25.087],[50.455,25.425],[50.281,25.566],[50.13,25.847],[50.032,26.111],[50.155,26.101],[50.214,26.308],[50.185,26.405],[50.027,26.527],[49.986,26.829],[49.717,26.956],[49.538,27.152],[49.405,27.181],[49.175,27.438],[49.238,27.493],[48.906,27.629],[48.774,27.959],[48.626,28.133],[48.442,28.543],[47.671,28.533],[47.583,28.628],[47.433,28.99],[46.531,29.096],[46.356,29.064],[45.499,29.132],[44.691,29.202],[44.1,29.619],[42.858,30.495],[42.074,31.08],[40.808,31.725],[40.369,31.939],[39.145,32.125],[38.962,31.995],[37.774,31.696],[36.959,31.492],[37.479,31.008],[37.98,30.5],[37.634,30.313],[37.469,29.995],[36.755,29.866],[36.476,29.495],[36.068,29.201],[36.015,29.19],[34.951,29.354]]]},"properties":{"iso":"SA"}},{"type":"Feature","geometry":{"type":"Polygon","coordinates":[[[12.426,43.894],[12.515,43.953],[12.441,43.982],[12.426,43.894]]]},"properties":{"iso":"SM"}},{"type":"Feature","geometry":{"type":"MultiPolygon","coordinates":[[[[87.814,49.162],[88,49.197],[88,72],[82.479,72],[82.755,71.903],[83.2,71.875],[83.571,71.594],[83.151,71.104],[83.579,70.766],[83.736,70.546],[83.497,70.345],[82.682,70.218],[83.03,70.581],[83.051,70.815],[82.869,70.955],[82.336,70.807],[82.239,70.998],[82.323,71.26],[82.918,71.42],[83.234,71.668],[82.986,71.749],[82.547,71.759],[82.08,71.707],[81.511,71.746],[80.841,72],[78.185,72],[78.187,71.907],[77.551,71.842],[77.074,72],[76.399,72],[76.032,71.91],[76.312,71.595],[77.481,71.312],[77.908,71.324],[78.213,71.266],[78.526,70.912],[78.068,70.986],[77.59,71.168],[76.11,71.219],[75.332,71.342],[75.28,71.43],[75.503,71.655],[75.247,71.813],[75.274,71.959],[74.501,72],[73.672,71.845],[73.086,71.445],[73.507,71.264],[74.311,70.654],[74.207,70.445],[73.83,70.176],[73.56,69.707],[73.891,69.418],[73.776,69.198],[73.977,69.115],[74.363,69.145],[74.815,69.091],[75.42,69.239],[76.001,69.235],[77.651,68.903],[77.995,68.259],[77.665,68.19],[77.536,68.008],[77.588,67.752],[78.922,67.589],[77.986,67.559],[77.675,67.59],[77.174,67.779],[77.248,67.941],[77.238,68.47],[77.112,68.596],[76.735,68.777],[76.459,68.978],[76.108,68.976],[75.125,68.862],[74.58,68.751],[74.391,68.421],[74.743,68.074],[74.77,67.766],[74.075,67.414],[73.792,66.995],[73.342,66.807],[72.417,66.561],[72.322,66.332],[71.917,66.247],[71.566,66.334],[71.146,66.367],[70.339,66.342],[69.194,66.579],[69.013,66.788],[69.218,66.829],[69.877,66.845],[70.383,66.602],[70.725,66.519],[70.939,66.548],[71.551,66.76],[71.365,66.962],[71.847,67.008],[72.594,67.587],[72.949,67.696],[73.152,67.865],[73.139,68.181],[73.465,68.431],[73.548,68.575],[72.812,68.815],[72.527,69.081],[72.616,69.484],[72.53,70.173],[72.469,70.275],[72.7,70.457],[72.732,70.823],[72.581,71.151],[72.079,71.307],[71.912,71.548],[72.279,71.696],[72.561,72],[68.596,72],[68.269,71.683],[67.542,71.412],[66.918,71.282],[66.847,71.064],[66.666,70.901],[66.822,70.797],[67.285,70.739],[67.146,70.22],[67.239,70.108],[66.926,70.014],[66.804,69.659],[67.064,69.694],[68.006,69.48],[68.117,69.236],[68.543,68.967],[68.763,68.917],[69.141,68.951],[68.829,68.567],[68.504,68.348],[67.731,68.514],[67.149,68.754],[67.002,68.874],[66.416,68.948],[65.736,69.132],[65.032,69.27],[64.19,69.535],[63.361,69.675],[62.631,69.743],[61.771,69.763],[61.016,69.851],[60.171,69.591],[60.665,69.11],[60.934,68.987],[60.489,68.729],[59.896,68.706],[59.897,68.422],[59.604,68.351],[59.099,68.444],[59.112,68.616],[59.371,68.738],[58.919,69.004],[58.173,68.89],[57.127,68.554],[56.044,68.649],[55.418,68.568],[54.923,68.374],[54.861,68.202],[54.561,68.273],[53.968,68.227],[53.261,68.267],[53.343,68.343],[53.931,68.436],[53.759,68.634],[53.971,68.844],[53.802,68.996],[52.684,68.731],[52.55,68.592],[52.67,68.427],[51.995,68.539],[51.336,68.402],[50.839,68.35],[49.931,68.065],[49.155,67.87],[48.696,67.874],[48.878,67.731],[47.875,67.584],[47.908,67.455],[47.768,67.276],[47.709,67.045],[47.496,66.93],[46.691,66.826],[45.986,66.853],[45.562,67.186],[44.939,67.351],[44.939,67.477],[45.529,67.758],[46.69,67.849],[46.684,67.97],[45.892,68.48],[45.078,68.578],[44.048,68.549],[43.472,68.68],[43.404,68.609],[44.169,68.327],[44.225,67.996],[43.782,67.254],[44.292,67.1],[44.404,67.004],[44.489,66.672],[44.097,66.235],[44.104,66.009],[43.653,66.251],[43.233,66.416],[42.602,66.423],[42.211,66.52],[41.781,66.259],[41.476,66.123],[40.692,65.963],[40.328,65.752],[39.817,65.598],[39.798,65.35],[40.281,64.998],[40.445,64.779],[40.058,64.771],[39.758,64.577],[39.567,64.571],[39.054,64.714],[38.541,64.791],[38.412,64.857],[38.009,64.879],[37.528,65.108],[37.141,65.194],[36.883,65.172],[36.786,64.987],[36.528,64.847],[37.184,64.408],[37.741,64.397],[37.954,64.32],[38.071,64.026],[37.968,63.949],[37.442,63.813],[36.365,64.003],[36.146,64.189],[35.647,64.378],[35.432,64.347],[35.035,64.44],[34.87,64.56],[34.804,64.986],[34.406,65.396],[34.616,65.51],[34.786,65.865],[34.4,66.128],[34.113,66.225],[33.567,66.321],[33.656,66.443],[33.217,66.532],[33.181,66.68],[32.929,66.704],[32.464,66.916],[32.4,67.153],[32.93,67.087],[32.848,67.022],[33.15,66.844],[33.482,66.765],[34.825,66.611],[35.513,66.396],[36.373,66.302],[36.77,66.294],[37.295,66.225],[37.628,66.13],[38.398,66.064],[39.289,66.132],[40.103,66.3],[40.522,66.447],[41.189,66.826],[41.359,67.21],[41.134,67.267],[40.966,67.713],[40.381,67.832],[40.036,68.015],[39.569,68.072],[38.832,68.325],[38.43,68.356],[37.731,68.692],[35.858,69.192],[35.29,69.275],[34.864,69.228],[34.229,69.313],[33.684,69.31],[33.454,69.428],[32.637,69.489],[32.378,69.479],[32.177,69.674],[32.754,69.606],[32.942,69.752],[32.565,69.806],[31.985,69.954],[31.453,69.69],[30.87,69.783],[30.861,69.538],[30.615,69.533],[30.228,69.634],[29.994,69.392],[29.388,69.298],[29.21,69.097],[28.966,69.022],[28.566,68.928],[28.752,68.771],[28.471,68.488],[28.685,68.19],[29.344,68.062],[29.979,67.689],[29.941,67.547],[29.087,66.971],[29.093,66.849],[29.464,66.532],[29.671,66.276],[29.903,66.091],[30.095,65.682],[29.716,65.625],[29.63,65.224],[29.811,65.108],[29.604,64.968],[29.783,64.804],[30.073,64.765],[29.986,64.558],[30.108,64.366],[30.488,64.237],[30.504,64.021],[30.055,63.689],[30.419,63.504],[31.181,63.208],[31.534,62.885],[31.286,62.568],[30.936,62.324],[30.566,62.128],[29.69,61.546],[29.252,61.288],[28.407,60.897],[27.798,60.536],[28.179,60.571],[28.513,60.677],[28.651,60.611],[28.643,60.375],[29.069,60.191],[29.721,60.195],[30.123,59.874],[29.67,59.956],[29.147,60],[28.947,59.829],[28.454,59.814],[28.335,59.693],[28.014,59.725],[28.013,59.484],[28.151,59.374],[27.898,59.278],[27.758,59.052],[27.464,58.841],[27.427,58.733],[27.531,58.435],[27.488,58.27],[27.753,57.841],[27.542,57.799],[27.352,57.528],[27.797,57.317],[27.815,57.167],[27.639,56.846],[27.806,56.867],[28.103,56.546],[28.202,56.26],[28.148,56.143],[28.284,56.056],[28.564,56.092],[28.795,55.943],[29.087,56.021],[29.375,55.939],[29.353,55.784],[29.482,55.685],[29.937,55.845],[30.234,55.845],[30.456,55.787],[30.626,55.666],[30.907,55.57],[30.814,55.279],[30.978,55.05],[30.83,54.915],[30.799,54.783],[31.121,54.648],[31.075,54.492],[31.185,54.453],[31.404,54.196],[31.792,54.056],[31.754,53.81],[32.2,53.781],[32.45,53.693],[32.47,53.547],[32.686,53.448],[32.704,53.336],[32.142,53.091],[31.85,53.106],[31.668,53.201],[31.418,53.196],[31.259,53.017],[31.535,52.798],[31.577,52.312],[31.763,52.101],[31.974,52.047],[32.283,52.114],[32.363,52.272],[32.508,52.309],[32.9,52.256],[33.148,52.34],[33.735,52.345],[33.922,52.251],[34.113,51.98],[34.398,51.78],[34.121,51.679],[34.281,51.312],[34.712,51.172],[35.064,51.203],[35.158,51.061],[35.312,51.044],[35.44,50.728],[35.412,50.54],[35.674,50.346],[35.89,50.437],[36.116,50.409],[36.306,50.28],[36.619,50.209],[36.759,50.292],[37.423,50.411],[37.582,50.292],[37.704,50.109],[38.047,49.92],[38.259,50.052],[38.451,49.964],[38.648,49.953],[38.918,49.825],[39.175,49.856],[39.303,49.742],[39.463,49.728],[39.781,49.572],[40.031,49.597],[40.126,49.369],[40.07,49.2],[39.89,49.064],[39.687,49.008],[39.793,48.808],[39.645,48.591],[39.836,48.543],[39.961,48.238],[39.885,48.168],[39.736,47.845],[39.391,47.834],[38.9,47.855],[38.719,47.714],[38.287,47.559],[38.201,47.321],[38.281,47.277],[38.214,47.091],[38.485,47.176],[38.668,47.144],[38.928,47.176],[39.024,47.272],[39.196,47.269],[39.293,47.106],[38.801,46.906],[38.439,46.813],[38.501,46.664],[38.23,46.701],[37.968,46.618],[37.767,46.636],[37.914,46.406],[38.078,46.394],[38.492,46.091],[38.184,46.095],[38.133,46.003],[37.933,46.002],[37.841,45.8],[37.612,45.565],[37.647,45.377],[36.941,45.29],[36.619,45.185],[36.651,45.126],[36.944,45.07],[37.205,44.972],[37.411,44.735],[37.572,44.671],[37.851,44.699],[38.181,44.42],[38.717,44.288],[39.329,43.897],[39.517,43.728],[39.978,43.42],[40.15,43.57],[40.519,43.512],[40.648,43.534],[41.083,43.374],[41.358,43.333],[41.581,43.219],[42.05,43.19],[42.419,43.224],[42.566,43.155],[42.761,43.17],[42.992,43.092],[43.089,42.989],[43.558,42.844],[43.783,42.747],[43.738,42.617],[43.957,42.567],[44.506,42.749],[44.644,42.735],[44.771,42.617],[44.871,42.756],[45.208,42.648],[45.344,42.53],[45.563,42.536],[45.728,42.475],[45.639,42.205],[45.954,42.035],[46.213,41.99],[46.43,41.891],[46.552,41.812],[46.749,41.813],[47.205,41.456],[47.261,41.315],[47.521,41.229],[47.861,41.213],[48.056,41.459],[48.391,41.602],[48.573,41.844],[48.384,41.953],[48.229,42.181],[47.822,42.613],[47.709,42.811],[47.463,43.035],[47.513,43.219],[47.509,43.51],[47.628,43.806],[47.429,43.78],[47.362,43.993],[47.23,44.192],[47.024,44.343],[46.753,44.421],[46.755,44.657],[47.115,44.906],[47.221,45.024],[47.489,45.455],[47.524,45.602],[47.701,45.686],[47.83,45.663],[48.159,45.737],[48.487,45.935],[48.69,45.889],[48.684,46.086],[49.08,46.189],[49.232,46.337],[48.61,46.566],[48.509,46.65],[48.605,46.766],[48.776,46.71],[48.959,46.775],[48.553,47.321],[48.11,47.745],[47.482,47.804],[47.292,47.741],[47.093,47.948],[47.119,48.127],[47.004,48.284],[46.661,48.412],[46.609,48.574],[46.703,48.806],[47.014,49.098],[47.018,49.2],[46.802,49.367],[46.89,49.697],[46.992,49.853],[47.295,50.058],[47.326,50.274],[47.504,50.403],[47.706,50.378],[47.85,50.282],[48.225,49.932],[48.434,49.829],[48.759,49.928],[48.843,50.013],[48.7,50.354],[48.655,50.62],[48.808,50.601],[49.323,50.852],[49.498,51.084],[49.822,51.132],[50.247,51.29],[50.756,51.675],[50.794,51.729],[51.163,51.647],[51.345,51.475],[51.609,51.484],[52.007,51.673],[52.331,51.681],[52.571,51.482],[53.038,51.464],[53.338,51.482],[53.535,51.4],[53.688,51.252],[54.042,51.115],[54.421,50.78],[54.471,50.584],[54.65,50.66],[54.606,50.88],[54.727,50.998],[55.195,50.745],[55.542,50.602],[55.798,50.602],[56.05,50.714],[56.144,50.845],[56.491,51.02],[56.62,50.981],[57.012,51.065],[57.179,51.036],[57.442,50.889],[57.654,50.925],[57.839,51.092],[58.359,51.064],[58.547,50.971],[58.884,50.694],[59.452,50.62],[59.523,50.493],[59.812,50.582],[59.955,50.799],[60.112,50.834],[60.288,50.704],[60.638,50.664],[60.942,50.696],[61.389,50.861],[61.585,51.23],[61.555,51.325],[61.363,51.442],[60.465,51.651],[60.388,51.773],[60.067,51.891],[60.066,51.976],[60.425,52.126],[60.67,52.151],[60.938,52.281],[60.979,52.395],[60.821,52.57],[60.802,52.745],[61.047,52.972],[61.401,52.996],[61.974,52.944],[62.015,53.108],[61.66,53.228],[61.199,53.287],[61.248,53.551],[60.979,53.622],[61.113,53.753],[61.144,53.964],[61.334,54.049],[61.929,53.946],[62.04,54.003],[62.499,54.013],[62.633,54.069],[63.074,54.105],[63.191,54.171],[64.004,54.267],[64.461,54.384],[64.65,54.352],[64.927,54.397],[65.158,54.364],[65.237,54.516],[65.477,54.623],[66.223,54.667],[67.693,54.872],[68.074,54.96],[68.244,55.052],[68.206,55.161],[68.525,55.205],[68.977,55.39],[69.493,55.357],[70.182,55.162],[70.486,55.282],[70.738,55.305],[70.91,55.128],[71.186,54.599],[71.093,54.212],[71.336,54.158],[72.004,54.206],[72.269,54.272],[72.387,54.123],[72.404,53.964],[72.586,53.996],[72.622,54.134],[72.914,54.107],[73.119,53.981],[73.381,53.963],[73.618,54.067],[73.679,53.929],[73.399,53.811],[73.286,53.598],[73.47,53.469],[73.643,53.576],[74.069,53.611],[74.403,53.504],[74.452,53.647],[74.834,53.826],[75.052,53.827],[75.377,53.97],[75.437,54.09],[75.657,54.106],[76.267,54.312],[76.496,54.336],[76.759,54.437],[76.789,54.322],[76.655,54.145],[76.422,54.114],[76.576,53.943],[77.704,53.379],[77.86,53.269],[78.475,52.638],[79.469,51.493],[79.986,50.775],[80.22,50.912],[80.424,50.946],[80.448,51.183],[80.65,51.277],[80.877,51.281],[81.127,51.191],[81.125,50.946],[81.388,50.956],[81.466,50.74],[81.934,50.766],[82.098,50.711],[82.494,50.728],[82.761,50.893],[83.019,50.897],[83.16,50.989],[83.357,50.995],[83.718,50.887],[83.945,50.775],[84.176,50.521],[84.258,50.288],[84.607,50.202],[84.989,50.061],[85.001,49.894],[85.21,49.665],[85.372,49.624],[86.181,49.499],[86.61,49.769],[86.614,49.61],[86.812,49.488],[86.953,49.322],[87.234,49.216],[87.323,49.086],[87.814,49.162]]],[[[69.651,66.565],[70.021,66.502],[70.077,66.696],[69.469,66.716],[69.651,66.565]]],[[[60.477,69.794],[60.393,69.962],[59.636,70.197],[59.005,70.465],[58.473,70.267],[58.68,70.051],[58.953,69.893],[59.503,69.866],[59.578,69.739],[60.216,69.688],[60.477,69.794]]],[[[55.298,71.935],[55.361,72],[51.504,72],[51.439,71.777],[51.59,71.571],[51.813,71.491],[52.419,71.537],[52.909,71.495],[53.364,71.542],[53.41,71.34],[53.886,71.196],[53.588,71.052],[53.722,70.814],[54.601,70.68],[55.687,70.692],[56.142,70.658],[56.435,70.563],[56.649,70.647],[57.146,70.589],[57.625,70.729],[56.895,70.927],[56.454,71.107],[56.043,71.346],[55.298,71.935]]],[[[53.074,71.238],[52.777,71.4],[52.297,71.357],[52.835,71.086],[53.074,71.238]]],[[[50.221,69.049],[50.167,69.257],[49.225,69.511],[48.631,69.436],[48.32,69.269],[48.279,69.04],[48.439,68.805],[48.667,68.733],[49.626,68.86],[50.094,69.126],[50.221,69.049]]],[[[21.236,55.264],[21.189,54.935],[20.888,54.909],[20.595,54.982],[20.958,55.279],[20.9,55.287],[20.52,54.995],[20.397,54.951],[19.975,54.921],[19.944,54.75],[19.758,54.545],[19.604,54.459],[20.208,54.421],[22.168,54.36],[22.766,54.357],[22.68,54.493],[22.831,54.838],[22.567,55.059],[22.072,55.064],[21.236,55.264]]]]},"properties":{"iso":"RU"}},{"type":"Feature","geometry":{"type":"Polygon","coordinates":[[[29.706,45.26],[29.568,45.371],[29.224,45.403],[28.761,45.234],[28.451,45.292],[28.213,45.45],[28.075,45.599],[28.16,45.647],[28.1,45.973],[28.119,46.139],[28.244,46.451],[28.239,46.641],[28.072,46.978],[27.854,47.115],[27.337,47.64],[27.152,47.959],[26.981,48.155],[26.787,48.256],[26.619,48.26],[26.306,48.204],[26.163,47.993],[25.464,47.911],[24.893,47.718],[24.579,47.931],[24.178,47.906],[23.629,47.996],[23.408,47.99],[23.203,48.085],[22.877,47.947],[22.677,47.799],[22.291,47.728],[22,47.505],[21.995,47.396],[21.869,47.305],[21.785,47.138],[21.494,46.79],[21.497,46.704],[21.32,46.608],[21.152,46.304],[21.04,46.242],[20.837,46.26],[20.614,46.133],[20.508,46.167],[20.242,46.109],[20.359,45.975],[20.775,45.75],[20.774,45.484],[20.942,45.365],[21.492,45.122],[21.357,44.991],[21.384,44.87],[21.636,44.71],[21.909,44.666],[22.093,44.542],[22.351,44.676],[22.498,44.706],[22.721,44.606],[22.554,44.54],[22.495,44.435],[22.705,44.238],[23.029,44.078],[22.868,43.948],[22.919,43.834],[23.225,43.874],[23.535,43.854],[24.227,43.763],[24.431,43.794],[25.16,43.686],[25.497,43.671],[25.819,43.767],[25.933,43.871],[26.216,44.007],[26.489,44.084],[27.087,44.167],[27.425,44.021],[27.884,43.987],[28.05,43.822],[28.423,43.74],[28.585,43.742],[28.659,43.984],[28.645,44.296],[28.852,44.506],[28.807,44.565],[28.926,44.81],[29.048,44.758],[29.558,44.843],[29.635,44.98],[29.706,45.26]]]},"properties":{"iso":"RO","c":[45.861,24.345],"bb":[[43.67,20.24],[48.26,29.71]]}},{"type":"Feature","geometry":{"type":"Polygon","coordinates":[[[50.777,25.177],[50.82,25],[51.596,25],[51.602,25.148],[51.485,25.525],[51.572,25.781],[51.543,25.902],[51.262,26.153],[51.003,25.981],[50.869,25.613],[50.763,25.445],[50.777,25.177]]]},"properties":{"iso":"QA"}},{"type":"Feature","geometry":{"type":"MultiPolygon","coordinates":[[[[-7.406,37.179],[-7.504,37.585],[-7.444,37.728],[-7.185,38.006],[-7.023,38.045],[-7.343,38.457],[-7.282,38.715],[-7.046,38.907],[-6.998,39.056],[-7.172,39.135],[-7.306,39.338],[-7.335,39.465],[-7.445,39.536],[-7.454,39.681],[-7.037,39.714],[-6.896,40.022],[-7.015,40.208],[-6.81,40.343],[-6.848,40.411],[-6.818,40.654],[-6.928,41.009],[-6.69,41.215],[-6.403,41.375],[-6.212,41.532],[-6.392,41.665],[-6.542,41.673],[-6.618,41.942],[-7.03,41.951],[-7.404,41.834],[-7.693,41.888],[-7.921,41.884],[-8.152,41.812],[-8.225,41.896],[-8.13,42.018],[-8.213,42.134],[-8.538,42.069],[-8.777,41.941],[-8.888,41.765],[-8.811,41.652],[-8.738,41.285],[-8.656,41.029],[-8.685,40.753],[-8.772,40.606],[-8.887,40.179],[-8.838,40.116],[-9.148,39.543],[-9.375,39.338],[-9.474,38.731],[-9.25,38.657],[-9.213,38.448],[-8.915,38.512],[-8.802,38.184],[-8.879,37.959],[-8.792,37.733],[-8.814,37.431],[-8.998,37.032],[-8.598,37.121],[-8.137,37.077],[-7.834,37.006],[-7.406,37.179]]],[[[-17.054,32.816],[-17.171,32.722],[-16.837,32.648],[-16.693,32.758],[-16.929,32.841],[-17.054,32.816]]],[[[-25.585,37.834],[-25.439,37.715],[-25.251,37.735],[-25.267,37.849],[-25.585,37.834]]]]},"properties":{"iso":"PT","c":[39.612,-8.28],"bb":[[37.01,-9.47],[42.13,-6.21]]}},{"type":"Feature","geometry":{"type":"Polygon","coordinates":[[[22.539,49.073],[22.706,49.171],[22.732,49.295],[22.649,49.539],[23.036,49.899],[23.712,50.377],[23.973,50.41],[24.095,50.617],[23.978,50.786],[24.106,50.845],[23.664,51.31],[23.605,51.518],[23.545,51.71],[23.626,51.809],[23.652,52.04],[23.458,52.17],[23.197,52.257],[23.204,52.338],[23.48,52.552],[23.845,52.664],[23.915,52.77],[23.887,53.028],[23.789,53.271],[23.599,53.599],[23.485,53.94],[23.454,54.143],[23.016,54.348],[22.766,54.357],[22.168,54.36],[20.208,54.421],[19.604,54.459],[19.407,54.386],[18.976,54.349],[18.67,54.431],[18.323,54.838],[17.843,54.817],[17.262,54.73],[16.885,54.596],[16.56,54.554],[16.186,54.29],[15.9,54.254],[14.716,54.018],[14.384,53.925],[14.211,53.95],[14.214,53.871],[14.558,53.823],[14.488,53.672],[14.259,53.73],[14.415,53.283],[14.369,53.106],[14.129,52.878],[14.514,52.646],[14.619,52.529],[14.555,52.36],[14.753,52.082],[14.602,51.832],[14.739,51.627],[14.725,51.524],[14.906,51.463],[15.017,51.253],[14.809,50.859],[14.983,50.887],[14.994,51.014],[15.259,50.959],[15.354,50.812],[15.731,50.74],[16.007,50.612],[16.282,50.656],[16.42,50.574],[16.21,50.424],[16.679,50.097],[16.993,50.26],[16.869,50.415],[17.152,50.378],[17.589,50.157],[17.875,49.972],[18.028,50.035],[18.305,49.914],[18.562,49.879],[18.595,49.758],[18.807,49.614],[18.832,49.511],[18.968,49.396],[19.149,49.4],[19.442,49.598],[19.664,49.396],[19.774,49.372],[19.802,49.192],[20.058,49.181],[20.164,49.316],[20.363,49.385],[20.616,49.392],[20.947,49.317],[21.079,49.418],[21.64,49.412],[21.89,49.343],[22.02,49.21],[22.539,49.073]]]},"properties":{"iso":"PL","c":[51.936,19.153],"bb":[[49.07,14.13],[54.84,24.11]]}},{"type":"Feature","geometry":{"type":"Polygon","coordinates":[[[77.049,35.11],[76.767,35.662],[76.563,35.773],[76.551,35.887],[76.252,35.811],[76.148,35.829],[76.071,35.983],[75.945,36.018],[75.974,36.382],[75.84,36.65],[75.667,36.742],[75.424,36.738],[75.347,36.913],[75.054,36.987],[74.889,36.952],[74.692,37.036],[74.541,37.022],[74.002,36.823],[73.769,36.888],[73.117,36.869],[72.623,36.83],[72.157,36.701],[71.822,36.486],[71.621,36.436],[71.233,36.122],[71.185,36.042],[71.428,35.834],[71.601,35.408],[71.546,35.289],[71.621,35.183],[71.455,34.967],[71.294,34.868],[70.966,34.53],[71.096,34.369],[71.052,34.05],[70.848,33.982],[70.416,33.95],[69.995,34.052],[69.868,33.898],[70.057,33.72],[70.284,33.369],[70.261,33.289],[69.92,33.113],[69.704,33.095],[69.502,33.02],[69.405,32.683],[69.241,32.434],[69.279,31.937],[69.083,31.738],[68.869,31.634],[68.782,31.646],[68.598,31.803],[68.443,31.754],[68.214,31.807],[68.017,31.678],[67.578,31.506],[67.738,31.344],[67.453,31.235],[67.287,31.218],[66.924,31.306],[66.731,31.195],[66.567,30.997],[66.397,30.912],[66.287,30.608],[66.305,30.321],[66.247,30.044],[66.313,29.969],[66.177,29.836],[65.096,29.559],[64.521,29.565],[64.266,29.507],[64.099,29.392],[63.568,29.498],[62.477,29.408],[62.373,29.425],[60.843,29.859],[61.318,29.373],[61.338,29.265],[61.623,28.792],[61.89,28.547],[62.353,28.415],[62.565,28.235],[62.763,28.202],[62.74,28.002],[62.812,27.497],[62.763,27.25],[62.915,27.218],[63.167,27.252],[63.242,27.078],[63.25,26.879],[63.168,26.666],[63.093,26.632],[62.787,26.644],[62.439,26.561],[62.312,26.491],[62.239,26.357],[61.87,26.242],[61.81,26.165],[61.754,25.843],[61.669,25.769],[61.588,25.202],[61.744,25.138],[62.089,25.155],[62.199,25.225],[62.315,25.135],[62.572,25.255],[63.015,25.225],[63.17,25.255],[63.491,25.211],[63.557,25.353],[63.721,25.386],[63.936,25.343],[64.059,25.403],[64.152,25.333],[64.544,25.237],[64.659,25.184],[64.777,25.307],[65.061,25.311],[65.406,25.374],[65.68,25.355],[66.131,25.493],[66.219,25.59],[66.429,25.575],[66.699,25.226],[66.693,25],[70.905,25],[70.652,25.423],[70.648,25.667],[70.265,25.707],[70.1,25.91],[70.078,26.072],[70.133,26.215],[70.157,26.471],[70.059,26.579],[69.736,26.627],[69.507,26.743],[69.47,26.804],[69.568,27.175],[69.896,27.474],[70.145,27.849],[70.404,28.025],[70.629,27.937],[70.737,27.729],[70.875,27.714],[71.185,27.832],[71.543,27.87],[71.87,27.963],[71.948,28.177],[72.179,28.422],[72.342,28.752],[72.903,29.029],[73.231,29.551],[73.382,29.934],[73.809,30.093],[73.933,30.222],[73.899,30.435],[74.009,30.52],[74.216,30.769],[74.633,31.035],[74.518,31.186],[74.594,31.465],[74.51,31.713],[74.556,31.819],[74.739,31.949],[75.254,32.14],[75.333,32.279],[75.234,32.372],[74.987,32.462],[74.789,32.458],[74.658,32.519],[74.663,32.758],[74.355,32.769],[74.304,32.992],[74.126,33.075],[73.994,33.242],[74.118,33.384],[74.15,33.507],[74.004,33.632],[74.001,33.788],[74.216,33.887],[74.246,33.99],[73.95,34.019],[73.979,34.191],[73.81,34.325],[73.812,34.422],[73.961,34.653],[74.3,34.765],[74.952,34.646],[75.188,34.639],[75.453,34.537],[75.709,34.503],[76.041,34.67],[76.172,34.668],[76.457,34.756],[76.594,34.736],[76.783,34.9],[77.001,34.992],[77.049,35.11]]]},"properties":{"iso":"PK"}},{"type":"Feature","geometry":{"type":"Polygon","coordinates":[[[56.08,26.063],[56.167,26.047],[56.145,25.691],[56.298,25.651],[56.374,25.805],[56.43,26.327],[56.306,26.235],[56.164,26.207],[56.08,26.063]]]},"properties":{"iso":"OM"}},{"type":"Feature","geometry":{"type":"MultiPolygon","coordinates":[[[[11.388,59.037],[11.643,58.926],[11.798,59.29],[11.681,59.592],[11.932,59.864],[12.169,59.913],[12.486,60.107],[12.589,60.451],[12.315,60.892],[12.294,61.003],[12.683,61.047],[12.881,61.352],[12.596,61.541],[12.155,61.721],[12.304,62.286],[12.115,62.592],[12.109,62.919],[12.218,63.001],[12,63.292],[12.212,63.492],[12.175,63.596],[12.663,63.94],[12.988,64.05],[13.3,64.075],[13.961,64.014],[14.141,64.174],[14.078,64.464],[13.65,64.582],[14.115,64.946],[14.48,65.301],[14.635,65.845],[14.543,66.129],[15.153,66.191],[15.484,66.306],[15.423,66.49],[16.404,67.055],[16.434,67.155],[16.127,67.426],[16.194,67.505],[16.586,67.628],[16.784,67.895],[17.325,68.104],[17.917,67.965],[18.177,68.201],[18.163,68.528],[18.379,68.562],[19.053,68.493],[19.97,68.356],[20.24,68.478],[19.969,68.542],[20.319,68.754],[20.337,68.9],[20.117,69.021],[20.622,69.037],[21.128,69.081],[21.053,69.187],[21.267,69.274],[21.622,69.271],[22.3,68.856],[22.411,68.72],[23.324,68.649],[23.707,68.714],[23.854,68.806],[24.941,68.593],[25.357,68.862],[25.748,68.99],[25.749,69.231],[26.012,69.653],[26.525,69.915],[27.109,69.905],[27.592,70.042],[27.89,70.062],[28.412,69.823],[29.142,69.671],[29.333,69.473],[28.846,69.177],[28.966,69.022],[29.21,69.097],[29.388,69.298],[29.994,69.392],[30.228,69.634],[30.615,69.533],[30.861,69.538],[30.87,69.783],[30.484,69.795],[29.792,69.728],[29.636,69.78],[29.601,69.977],[28.804,70.093],[28.781,70.145],[29.926,70.096],[30.944,70.274],[30.926,70.401],[30.596,70.524],[30.213,70.543],[30.065,70.703],[29.796,70.643],[29.102,70.861],[28.609,70.76],[28.437,70.501],[28.203,70.577],[28.392,70.975],[27.597,71.091],[27.235,70.947],[27.556,70.827],[27.184,70.744],[26.989,70.511],[26.584,70.454],[26.734,70.854],[26.507,70.913],[25.471,70.341],[25.212,70.136],[24.994,70.218],[25.274,70.552],[25.768,70.853],[24.658,71.001],[24.263,70.826],[24.42,70.702],[24.038,70.485],[23.661,70.4],[23.046,70.102],[22.941,70.305],[22.685,70.375],[21.996,70.293],[21.4,70.174],[21.803,70.066],[21.975,69.835],[21.254,70.003],[21.163,69.89],[20.622,69.914],[20.069,69.883],[19.197,69.748],[18.991,69.561],[18.293,69.475],[18.079,69.325],[18.101,69.156],[17.705,69.1],[17.391,68.799],[17.131,68.693],[16.652,68.626],[16.585,68.466],[16.175,68.281],[16.372,68.062],[16.121,68.027],[16.065,68.2],[15.657,68.164],[15.316,68.069],[14.799,67.809],[14.781,67.675],[15.219,67.655],[14.755,67.499],[14.448,67.298],[15.435,67.247],[14.109,67.119],[13.621,66.795],[13.312,66.702],[13.105,66.539],[13.119,66.231],[12.784,66.1],[12.976,66.019],[12.273,65.568],[12.122,65.362],[12.16,65.179],[11.35,64.906],[11.225,64.679],[10.834,64.494],[10.566,64.418],[10.236,64.18],[10.01,64.083],[9.708,63.865],[9.924,63.522],[10.339,63.571],[10.935,63.77],[10.914,63.921],[11.176,63.899],[11.371,63.805],[10.725,63.625],[10.76,63.461],[10.081,63.433],[9.697,63.625],[9.324,63.57],[8.842,63.646],[8.398,63.535],[8.594,63.426],[8.58,63.313],[8.271,63.287],[8.101,63.091],[7.572,63.1],[7.008,62.958],[6.782,62.79],[6.78,62.701],[7.242,62.752],[7.284,62.602],[6.745,62.638],[6.353,62.611],[6.118,62.447],[5.533,62.311],[5.358,62.152],[5.143,62.16],[5.16,61.957],[5.473,61.946],[6.131,61.852],[6.016,61.788],[5.465,61.897],[4.985,61.9],[4.928,61.711],[5.258,61.455],[5.003,61.434],[5.022,61.251],[5.325,61.108],[5.009,61.038],[5.049,60.708],[5.244,60.57],[5.137,60.446],[5.184,60.308],[5.495,60.07],[5.206,60.088],[5.119,59.834],[5.234,59.692],[5.495,59.826],[6.153,60.346],[6.112,60.132],[5.73,59.863],[5.867,59.734],[5.772,59.661],[5.472,59.713],[5.305,59.643],[5.185,59.454],[5.132,59.226],[5.362,59.166],[5.564,59.291],[5.845,59.353],[5.969,59.186],[5.854,58.959],[5.556,58.975],[5.517,58.727],[5.707,58.524],[6.389,58.268],[6.66,58.263],[7.005,58.024],[7.466,58.021],[8.166,58.145],[8.521,58.301],[8.928,58.57],[9.618,58.946],[10.179,59.009],[10.431,59.28],[10.398,59.519],[10.634,59.602],[10.645,59.389],[10.834,59.184],[11.366,59.105],[11.388,59.037]]],[[[25.854,71.104],[25.586,71.142],[25.315,71.034],[25.582,70.961],[26.134,70.996],[25.854,71.104]]],[[[23.634,70.503],[22.941,70.445],[23.159,70.283],[23.548,70.408],[23.634,70.503]]],[[[23.421,70.784],[23.205,70.815],[22.35,70.658],[22.359,70.515],[23.068,70.594],[23.421,70.784]]],[[[19.344,70.012],[19.249,70.179],[18.687,69.891],[18.083,69.626],[18.274,69.535],[18.785,69.579],[19.131,69.81],[19.335,69.82],[19.592,69.97],[19.344,70.012]]],[[[17.623,69.539],[17.252,69.504],[17.361,69.381],[17.002,69.362],[16.972,69.138],[17.324,69.13],[17.951,69.198],[18.077,69.396],[18.004,69.505],[17.623,69.539]]],[[[15.772,68.554],[15.928,68.733],[15.812,69.024],[16.115,69.216],[15.893,69.278],[15.483,69.043],[15.564,68.874],[15.413,68.616],[15.095,68.441],[14.586,68.4],[14.257,68.257],[14.629,68.198],[14.927,68.307],[15.438,68.313],[15.913,68.389],[16.519,68.633],[16.547,68.717],[16.151,68.842],[16.06,68.681],[15.772,68.554]]],[[[15.337,68.842],[14.872,68.914],[14.373,68.711],[14.521,68.633],[15.222,68.616],[15.337,68.842]]],[[[13.932,68.248],[13.538,68.249],[13.2,68.087],[13.778,68.105],[13.932,68.248]]],[[[-9.046,70.833],[-8.635,70.94],[-8.002,71.041],[-8.344,71.14],[-8.521,71.031],[-8.965,70.916],[-9.046,70.833]]]]},"properties":{"iso":"NO","c":[64.538,12.368],"bb":[[58.02,4.93],[71.09,30.94]]}},{"type":"Feature","geometry":{"type":"MultiPolygon","coordinates":[[[[3.35,51.378],[3.902,51.208],[4.173,51.307],[4.226,51.386],[3.883,51.354],[3.589,51.399],[3.35,51.378]]],[[[4.226,51.386],[4.503,51.475],[4.848,51.403],[5.059,51.453],[5.1,51.346],[5.311,51.26],[5.509,51.275],[5.827,51.126],[5.694,50.775],[5.994,50.75],[6.048,50.905],[5.895,50.984],[6.13,51.147],[6.076,51.224],[6.193,51.489],[5.949,51.762],[6.167,51.881],[6.356,51.825],[6.742,51.911],[6.749,52.099],[6.977,52.206],[7.035,52.38],[6.749,52.464],[6.748,52.634],[7.013,52.634],[7.19,53],[7.197,53.282],[6.968,53.327],[6.816,53.441],[6.062,53.407],[5.532,53.269],[5.358,53.096],[4.678,52.81],[4.562,52.443],[4.483,52.309],[4.209,52.059],[4.085,51.994],[3.947,51.811],[4.183,51.61],[4.08,51.551],[3.744,51.596],[3.449,51.541],[3.587,51.454],[3.822,51.409],[4.007,51.443],[4.226,51.386]]]]},"properties":{"iso":"NL","c":[52.079,5.49],"bb":[[50.75,3.45],[53.44,7.2]]}},{"type":"Feature","geometry":{"type":"Polygon","coordinates":[[[88,27.077],[88,27.242],[88,27.885],[87.683,27.821],[87.141,27.838],[87.02,27.929],[86.554,28.085],[86.517,27.964],[86.409,27.929],[86.079,28.084],[86.064,27.935],[85.954,27.928],[85.84,28.135],[85.678,28.277],[85.411,28.276],[85.122,28.316],[85.089,28.372],[85.159,28.592],[84.855,28.554],[84.714,28.596],[84.229,28.912],[84.101,29.22],[83.936,29.279],[83.583,29.184],[83.355,29.439],[83.155,29.613],[82.854,29.683],[82.487,29.942],[82.159,30.115],[82.043,30.327],[81.642,30.388],[81.417,30.338],[81.255,30.093],[81.11,30.037],[81.01,30.165],[80.908,30.172],[80.549,29.9],[80.402,29.73],[80.255,29.423],[80.233,29.195],[80.13,29.1],[80.071,28.83],[80.419,28.612],[80.587,28.65],[80.751,28.54],[81.169,28.335],[81.311,28.176],[81.853,27.867],[81.988,27.914],[82.451,27.672],[82.677,27.673],[82.733,27.519],[83.29,27.371],[83.447,27.465],[83.829,27.378],[84.091,27.491],[84.61,27.299],[84.685,27.041],[85.293,26.741],[85.568,26.84],[85.7,26.782],[85.737,26.64],[85.856,26.6],[86.007,26.649],[86.366,26.574],[86.701,26.435],[87.016,26.555],[87.09,26.433],[87.287,26.36],[87.414,26.423],[87.633,26.399],[87.849,26.437],[88,26.384],[88,27.077]]]},"properties":{"iso":"NP"}},{"type":"Feature","geometry":{"type":"Polygon","coordinates":[[[-8.683,27.656],[-8.683,28.621],[-8.66,28.719],[-8.265,28.981],[-7.999,29.132],[-7.685,29.35],[-7.486,29.392],[-7.235,29.575],[-7.095,29.625],[-6.635,29.569],[-6.521,29.66],[-6.501,29.809],[-6.215,29.811],[-5.775,29.869],[-5.449,29.957],[-5.18,30.166],[-4.968,30.465],[-4.779,30.552],[-4.323,30.699],[-3.985,30.914],[-3.702,30.944],[-3.673,31.111],[-3.833,31.198],[-3.789,31.362],[-3.827,31.662],[-3.44,31.705],[-3.017,31.834],[-2.931,32.043],[-2.448,32.13],[-1.275,32.089],[-1.24,32.338],[-1.066,32.468],[-1.111,32.552],[-1.352,32.703],[-1.51,32.878],[-1.551,33.074],[-1.679,33.319],[-1.631,33.567],[-1.703,33.717],[-1.707,34.176],[-1.792,34.368],[-1.733,34.467],[-1.85,34.607],[-1.796,34.752],[-2.132,34.971],[-2.22,35.104],[-2.84,35.128],[-2.972,35.407],[-3.206,35.239],[-3.395,35.212],[-3.693,35.28],[-3.982,35.243],[-4.33,35.161],[-4.628,35.206],[-4.837,35.281],[-5.105,35.468],[-5.338,35.745],[-5.397,35.93],[-5.623,35.829],[-5.925,35.786],[-5.958,35.681],[-6.353,34.776],[-6.756,34.133],[-6.901,33.969],[-7.145,33.83],[-7.562,33.64],[-8.301,33.374],[-8.596,33.187],[-8.836,32.92],[-9.246,32.572],[-9.287,32.241],[-9.347,32.086],[-9.675,31.711],[-9.809,31.425],[-9.832,30.847],[-9.875,30.718],[-9.653,30.448],[-9.624,30.353],[-9.667,30.109],[-9.853,29.809],[-10.201,29.38],[-10.486,29.065],[-10.674,28.939],[-11.081,28.714],[-11.43,28.382],[-11.553,28.31],[-11.986,28.129],[-12.469,28.009],[-12.794,27.978],[-12.949,27.914],[-13.176,27.656],[-13.256,27.435],[-13.41,27.147],[-13.496,26.873],[-13.576,26.735],[-13.952,26.489],[-14.168,26.415],[-14.414,26.254],[-14.523,25.925],[-14.602,25.809],[-14.795,25.404],[-14.843,25.22],[-14.851,25],[-12.35,25],[-12.171,25.64],[-12.031,26.031],[-11.718,26.104],[-11.637,26.296],[-11.471,26.52],[-11.338,26.633],[-11.317,26.745],[-11.393,26.883],[-10.923,27.01],[-10.551,26.991],[-10.251,26.861],[-10.033,26.911],[-9.9,26.85],[-9.735,26.861],[-9.413,27.088],[-9.002,27.09],[-8.795,27.121],[-8.754,27.191],[-8.803,27.361],[-8.774,27.461],[-8.818,27.656],[-8.683,27.656]]]},"properties":{"iso":"MA"}},{"type":"Feature","geometry":{"type":"Polygon","coordinates":[[[-8.683,27.656],[-8.818,27.656],[-8.774,27.461],[-8.803,27.361],[-8.754,27.191],[-8.795,27.121],[-9.002,27.09],[-9.413,27.088],[-9.735,26.861],[-9.9,26.85],[-10.033,26.911],[-10.251,26.861],[-10.551,26.991],[-10.923,27.01],[-11.393,26.883],[-11.317,26.745],[-11.338,26.633],[-11.471,26.52],[-11.637,26.296],[-11.718,26.104],[-12.031,26.031],[-12.171,25.64],[-12.35,25],[-12.016,25],[-12.016,25.995],[-10.376,25.995],[-8.682,25.996],[-8.683,27.286],[-8.683,27.656]]]},"properties":{"iso":"EH"}},{"type":"Feature","geometry":{"type":"Polygon","coordinates":[[[20.344,42.828],[20.34,42.893],[19.944,43.082],[19.552,43.212],[19.219,43.45],[19.194,43.533],[18.94,43.497],[19.037,43.357],[18.851,43.346],[18.674,43.231],[18.624,43.028],[18.444,42.968],[18.466,42.777],[18.543,42.674],[18.436,42.56],[18.517,42.433],[18.894,42.249],[19.122,42.06],[19.186,41.949],[19.342,41.869],[19.361,42.069],[19.281,42.173],[19.654,42.629],[19.788,42.476],[20.064,42.547],[20.029,42.732],[20.344,42.828]]]},"properties":{"iso":"ME","c":[42.703,19.278],"bb":[[41.87,18.44],[43.53,20.34]]}},{"type":"Feature","geometry":{"type":"Polygon","coordinates":[[[88,49.197],[87.814,49.162],[87.86,48.966],[87.743,48.882],[88,48.745],[88,49.197]]]},"properties":{"iso":"MN"}},{"type":"Feature","geometry":{"type":"Polygon","coordinates":[[[28.213,45.45],[28.471,45.507],[28.492,45.666],[28.729,45.852],[28.739,45.937],[28.948,46.05],[29.006,46.176],[28.927,46.424],[29.146,46.527],[29.838,46.351],[30.131,46.423],[29.924,46.539],[29.942,46.724],[29.878,46.829],[29.572,46.964],[29.515,47.091],[29.549,47.247],[29.16,47.456],[29.123,47.53],[29.211,47.732],[29.195,47.882],[28.973,47.933],[28.774,48.12],[28.327,48.161],[28.088,48.257],[27.82,48.416],[27.549,48.478],[27.229,48.371],[26.847,48.387],[26.619,48.26],[26.787,48.256],[26.981,48.155],[27.152,47.959],[27.337,47.64],[27.854,47.115],[28.072,46.978],[28.239,46.641],[28.244,46.451],[28.119,46.139],[28.1,45.973],[28.16,45.647],[28.075,45.599],[28.213,45.45]]]},"properties":{"iso":"MD","c":[46.971,28.822],"bb":[[45.45,26.62],[48.48,30.13]]}},{"type":"Feature","geometry":{"type":"Polygon","coordinates":[[[7.378,43.732],[7.439,43.75],[7.414,43.771],[7.378,43.732]]]},"properties":{"iso":"MC"}},{"type":"Feature","geometry":{"type":"Polygon","coordinates":[[[-8.683,27.286],[-8.682,25.996],[-10.376,25.995],[-12.016,25.995],[-12.016,25],[-4.83,25],[-5.517,25.424],[-6.239,25.848],[-7.367,26.512],[-8.683,27.286]]]},"properties":{"iso":"MR"}},{"type":"Feature","geometry":{"type":"Polygon","coordinates":[[[14.533,35.82],[14.448,35.957],[14.352,35.872],[14.533,35.82]]]},"properties":{"iso":"MT","c":[35.915,14.437],"bb":[[35.82,14.35],[35.96,14.53]]}},{"type":"Feature","geometry":{"type":"Polygon","coordinates":[[[22.344,42.314],[22.24,42.358],[21.904,42.322],[21.563,42.248],[21.39,42.22],[21.256,42.1],[21.06,42.171],[20.778,42.071],[20.744,41.904],[20.566,41.874],[20.449,41.521],[20.489,41.273],[20.741,40.905],[20.964,40.85],[21.576,40.869],[21.779,40.95],[21.929,41.107],[22.238,41.155],[22.494,41.119],[22.725,41.179],[22.755,41.313],[22.916,41.336],[23.006,41.717],[22.837,41.994],[22.583,42.105],[22.344,42.314]]]},"properties":{"iso":"MK","c":[41.619,21.732],"bb":[[40.85,20.45],[42.36,23.01]]}},{"type":"Feature","geometry":{"type":"Polygon","coordinates":[[[6.344,49.453],[6.487,49.798],[6.256,49.872],[6.138,49.974],[6.117,50.121],[5.976,50.167],[5.744,49.92],[5.725,49.808],[5.88,49.645],[5.79,49.538],[5.959,49.455],[6.242,49.494],[6.344,49.453]]]},"properties":{"iso":"LU","c":[49.84,6.043],"bb":[[49.45,5.72],[50.17,6.49]]}},{"type":"Feature","geometry":{"type":"Polygon","coordinates":[[[21.236,55.264],[22.072,55.064],[22.567,55.059],[22.831,54.838],[22.68,54.493],[22.766,54.357],[23.016,54.348],[23.454,54.143],[23.485,53.94],[23.734,53.912],[24.191,53.95],[24.318,53.893],[24.768,53.975],[24.826,54.119],[25.046,54.133],[25.461,54.293],[25.573,54.14],[25.749,54.157],[25.703,54.293],[25.547,54.332],[25.725,54.564],[25.722,54.718],[25.859,54.919],[26.175,55.003],[26.292,55.14],[26.601,55.13],[26.776,55.273],[26.458,55.342],[26.594,55.668],[26.281,55.75],[26.086,55.897],[25.586,56.13],[25.07,56.2],[24.903,56.398],[24.529,56.296],[24.121,56.264],[23.813,56.329],[22.968,56.38],[22.587,56.375],[22.085,56.407],[21.654,56.315],[21.046,56.07],[21.062,55.813],[21.238,55.455],[21.236,55.264]]]},"properties":{"iso":"LT","c":[55.202,24.092],"bb":[[53.89,21.05],[56.41,26.78]]}},{"type":"Feature","geometry":{"type":"Polygon","coordinates":[[[9.528,47.271],[9.488,47.062],[9.58,47.057],[9.528,47.271]]]},"properties":{"iso":"LI"}},{"type":"Feature","geometry":{"type":"Polygon","coordinates":[[[11.505,33.182],[11.454,32.643],[11.534,32.525],[11.505,32.414],[10.826,32.081],[10.609,31.93],[10.476,31.736],[10.306,31.705],[10.115,31.464],[10.243,31.032],[10.216,30.783],[9.895,30.387],[9.519,30.229],[9.31,30.115],[9.546,29.796],[9.673,29.567],[9.821,29.115],[9.843,28.967],[9.816,28.56],[9.858,28.043],[9.916,27.786],[9.748,27.331],[9.837,26.916],[9.894,26.848],[9.859,26.552],[9.491,26.334],[9.438,26.246],[9.448,26.067],[10.001,25.332],[10.046,25],[24.98,25],[24.98,25.813],[24.98,27.161],[24.98,28.059],[24.98,29.182],[24.916,29.376],[24.804,29.886],[24.712,30.132],[24.726,30.251],[24.878,30.458],[24.974,30.777],[24.878,31.061],[24.853,31.335],[25.15,31.655],[25.025,31.883],[24.879,31.984],[24.684,32.016],[24.48,31.997],[24.13,32.009],[23.798,32.159],[23.286,32.214],[23.106,32.331],[23.091,32.619],[22.754,32.741],[22.523,32.794],[22.187,32.918],[21.839,32.909],[21.636,32.937],[21.425,32.799],[21.062,32.776],[20.621,32.58],[20.371,32.431],[20.121,32.219],[19.973,31.999],[19.926,31.818],[19.961,31.556],[20.104,31.301],[20.151,31.079],[20.013,30.801],[19.713,30.488],[19.292,30.288],[18.936,30.29],[18.67,30.416],[18.19,30.777],[17.83,30.928],[17.349,31.081],[16.782,31.215],[16.123,31.264],[15.706,31.426],[15.496,31.657],[15.363,31.971],[15.359,32.16],[15.177,32.391],[14.513,32.511],[14.237,32.681],[13.835,32.792],[13.648,32.799],[13.283,32.915],[12.754,32.801],[12.28,32.859],[11.813,33.094],[11.505,33.182]]]},"properties":{"iso":"LY"}},{"type":"Feature","geometry":{"type":"Polygon","coordinates":[[[35.869,33.432],[36.022,33.563],[35.942,33.668],[36.092,33.832],[36.282,33.894],[36.585,34.221],[36.504,34.432],[36.326,34.513],[36.433,34.613],[35.976,34.629],[35.978,34.547],[35.804,34.437],[35.648,34.248],[35.612,34.032],[35.511,33.88],[35.336,33.503],[35.251,33.393],[35.109,33.084],[35.411,33.076],[35.533,33.25],[35.841,33.416],[35.869,33.432]]]},"properties":{"iso":"LB"}},{"type":"Feature","geometry":{"type":"Polygon","coordinates":[[[21.046,56.07],[21.654,56.315],[22.085,56.407],[22.587,56.375],[22.968,56.38],[23.813,56.329],[24.121,56.264],[24.529,56.296],[24.903,56.398],[25.07,56.2],[25.586,56.13],[26.086,55.897],[26.281,55.75],[26.594,55.668],[26.822,55.709],[27.053,55.831],[27.577,55.799],[27.642,55.912],[27.896,56.076],[28.148,56.143],[28.202,56.26],[28.103,56.546],[27.806,56.867],[27.639,56.846],[27.815,57.167],[27.797,57.317],[27.352,57.528],[26.9,57.609],[26.533,57.531],[26.298,57.601],[25.991,57.838],[25.794,57.869],[25.34,58.039],[25.111,58.063],[24.323,57.871],[24.403,57.325],[24.281,57.172],[23.931,57.008],[23.648,56.971],[23.287,57.09],[23.137,57.324],[22.649,57.595],[22.555,57.724],[21.729,57.571],[21.459,57.322],[21.351,57.018],[21.071,56.824],[21.015,56.259],[21.046,56.07]]]},"properties":{"iso":"LV","c":[56.856,24.381],"bb":[[55.67,21.02],[58.06,28.2]]}},{"type":"Feature","geometry":{"type":"Polygon","coordinates":[[[70.947,42.249],[71.036,42.285],[71.229,42.163],[70.842,42.02],[70.803,41.923],[70.631,41.875],[70.455,41.725],[70.181,41.571],[70.471,41.413],[70.646,41.46],[70.782,41.263],[71.111,41.153],[71.408,41.136],[71.421,41.342],[71.792,41.413],[71.879,41.195],[72.164,41.174],[72.187,41.026],[72.364,41.043],[72.62,40.884],[72.99,40.86],[73.113,40.786],[72.774,40.65],[72.567,40.524],[72.402,40.578],[72.358,40.402],[72.131,40.439],[71.956,40.259],[71.692,40.152],[71.305,40.287],[70.958,40.239],[70.946,40.188],[70.451,40.049],[69.967,40.202],[69.53,40.097],[69.432,39.91],[69.307,39.969],[69.229,39.761],[69.298,39.525],[69.599,39.574],[70.245,39.543],[70.392,39.582],[70.608,39.564],[70.733,39.413],[71.005,39.412],[71.065,39.493],[71.404,39.598],[71.546,39.453],[71.732,39.423],[71.806,39.276],[72.043,39.352],[72.23,39.208],[72.358,39.337],[72.64,39.386],[72.872,39.36],[73.235,39.375],[73.47,39.461],[73.632,39.449],[73.823,39.489],[73.915,39.606],[73.835,39.8],[73.992,40.043],[74.412,40.137],[74.68,40.311],[74.842,40.345],[75.004,40.45],[75.241,40.48],[75.521,40.628],[75.583,40.605],[75.656,40.329],[75.872,40.303],[76.258,40.431],[76.48,40.45],[76.64,40.742],[76.824,40.982],[76.987,41.039],[77.582,40.993],[77.815,41.056],[78.123,41.076],[78.346,41.281],[78.362,41.372],[78.743,41.56],[79.294,41.783],[79.766,41.899],[79.84,41.996],[80.216,42.032],[80.209,42.19],[79.921,42.413],[79.49,42.458],[79.203,42.666],[79.165,42.759],[78.792,42.791],[78.524,42.865],[78.023,42.858],[77.802,42.895],[77.236,42.913],[77.057,42.971],[76.509,42.919],[75.79,42.933],[75.636,42.815],[75.366,42.837],[75.048,42.904],[74.622,43.056],[74.209,43.24],[73.612,43.048],[73.556,43.003],[73.422,42.594],[73.283,42.504],[72.855,42.561],[72.753,42.638],[72.276,42.758],[71.817,42.822],[71.257,42.734],[71.023,42.535],[70.893,42.34],[70.947,42.249]],[[71.156,39.883],[71.012,39.895],[71.08,40.08],[71.229,40.048],[71.156,39.883]]]},"properties":{"iso":"KG"}},{"type":"Feature","geometry":{"type":"MultiPolygon","coordinates":[[[[46.531,29.096],[47.433,28.99],[47.583,28.628],[47.671,28.533],[48.442,28.543],[48.339,28.763],[48.184,28.979],[48.051,29.355],[47.725,29.417],[47.97,29.617],[48.136,29.618],[48.006,29.836],[47.979,29.983],[47.673,30.096],[47.331,30.08],[47.114,29.961],[46.906,29.538],[46.769,29.347],[46.531,29.096]]],[[[48.218,29.602],[48.348,29.783],[48.159,29.96],[48.081,29.799],[48.218,29.602]]]]},"properties":{"iso":"KW"}},{"type":"Feature","geometry":{"type":"Polygon","coordinates":[[[21.563,42.248],[21.753,42.67],[21.391,42.751],[21.403,42.832],[21.237,42.913],[21.057,43.092],[20.844,43.173],[20.623,43.199],[20.624,43.034],[20.344,42.828],[20.029,42.732],[20.064,42.547],[20.241,42.339],[20.485,42.223],[20.575,42.013],[20.566,41.874],[20.744,41.904],[20.778,42.071],[21.06,42.171],[21.256,42.1],[21.39,42.22],[21.563,42.248]]]},"properties":{"iso":"XK","c":[42.443,20.902],"bb":[[41.87,20.03],[43.2,21.75]]}},{"type":"Feature","geometry":{"type":"Polygon","coordinates":[[[55.977,41.322],[55.977,42.47],[55.976,43.618],[55.976,44.995],[57.477,45.337],[58.555,45.555],[60.188,44.784],[61.008,44.394],[61.161,44.169],[61.99,43.492],[62.072,43.489],[63.207,43.628],[64.443,43.551],[64.905,43.715],[65.271,43.418],[65.496,43.311],[65.803,42.877],[66.1,42.991],[66.01,42.005],[66.499,41.995],[66.538,41.741],[66.669,41.271],[66.814,41.142],[67.936,41.197],[68.113,41.029],[68.048,40.809],[68.292,40.656],[68.496,40.609],[68.601,40.66],[68.584,40.876],[68.737,41.042],[68.987,41.205],[69.065,41.367],[69.368,41.491],[69.664,41.672],[70.096,41.821],[70.416,42.079],[70.613,42.055],[70.715,42.169],[70.947,42.249],[70.893,42.34],[71.023,42.535],[71.257,42.734],[71.817,42.822],[72.276,42.758],[72.753,42.638],[72.855,42.561],[73.283,42.504],[73.422,42.594],[73.556,43.003],[73.612,43.048],[74.209,43.24],[74.622,43.056],[75.048,42.904],[75.366,42.837],[75.636,42.815],[75.79,42.933],[76.509,42.919],[77.057,42.971],[77.236,42.913],[77.802,42.895],[78.023,42.858],[78.524,42.865],[78.792,42.791],[79.165,42.759],[79.203,42.666],[79.49,42.458],[79.921,42.413],[80.209,42.19],[80.259,42.235],[80.165,42.666],[80.25,42.797],[80.544,42.912],[80.39,43.043],[80.786,43.162],[80.668,43.31],[80.704,43.427],[80.496,43.892],[80.355,44.097],[80.336,44.438],[80.455,44.746],[80.255,44.808],[79.997,44.797],[79.872,44.884],[80.059,45.006],[80.635,45.127],[80.853,45.129],[81.602,45.311],[81.989,45.162],[82.267,45.219],[82.479,45.124],[82.621,45.293],[82.583,45.443],[82.327,45.52],[82.555,46.159],[82.692,46.387],[83.004,47.033],[83.029,47.186],[83.193,47.187],[83.634,47.043],[84.016,46.971],[84.339,46.996],[84.667,46.972],[84.786,46.831],[85.233,47.036],[85.485,47.064],[85.657,47.255],[85.587,47.494],[85.526,47.916],[85.626,48.204],[85.749,48.385],[86.266,48.455],[86.549,48.529],[86.718,48.697],[86.753,49.009],[86.886,49.091],[87.323,49.086],[87.234,49.216],[86.953,49.322],[86.812,49.488],[86.614,49.61],[86.61,49.769],[86.181,49.499],[85.372,49.624],[85.21,49.665],[85.001,49.894],[84.989,50.061],[84.607,50.202],[84.258,50.288],[84.176,50.521],[83.945,50.775],[83.718,50.887],[83.357,50.995],[83.16,50.989],[83.019,50.897],[82.761,50.893],[82.494,50.728],[82.098,50.711],[81.934,50.766],[81.466,50.74],[81.388,50.956],[81.125,50.946],[81.127,51.191],[80.877,51.281],[80.65,51.277],[80.448,51.183],[80.424,50.946],[80.22,50.912],[79.986,50.775],[79.469,51.493],[78.475,52.638],[77.86,53.269],[77.704,53.379],[76.576,53.943],[76.422,54.114],[76.655,54.145],[76.789,54.322],[76.759,54.437],[76.496,54.336],[76.267,54.312],[75.657,54.106],[75.437,54.09],[75.377,53.97],[75.052,53.827],[74.834,53.826],[74.452,53.647],[74.403,53.504],[74.069,53.611],[73.643,53.576],[73.47,53.469],[73.286,53.598],[73.399,53.811],[73.679,53.929],[73.618,54.067],[73.381,53.963],[73.119,53.981],[72.914,54.107],[72.622,54.134],[72.586,53.996],[72.404,53.964],[72.387,54.123],[72.269,54.272],[72.004,54.206],[71.336,54.158],[71.093,54.212],[71.186,54.599],[70.91,55.128],[70.738,55.305],[70.486,55.282],[70.182,55.162],[69.493,55.357],[68.977,55.39],[68.525,55.205],[68.206,55.161],[68.244,55.052],[68.074,54.96],[67.693,54.872],[66.223,54.667],[65.477,54.623],[65.237,54.516],[65.158,54.364],[64.927,54.397],[64.65,54.352],[64.461,54.384],[64.004,54.267],[63.191,54.171],[63.074,54.105],[62.633,54.069],[62.499,54.013],[62.04,54.003],[61.929,53.946],[61.334,54.049],[61.144,53.964],[61.113,53.753],[60.979,53.622],[61.248,53.551],[61.199,53.287],[61.66,53.228],[62.015,53.108],[61.974,52.944],[61.401,52.996],[61.047,52.972],[60.802,52.745],[60.821,52.57],[60.979,52.395],[60.938,52.281],[60.67,52.151],[60.425,52.126],[60.066,51.976],[60.067,51.891],[60.388,51.773],[60.465,51.651],[61.363,51.442],[61.555,51.325],[61.585,51.23],[61.389,50.861],[60.942,50.696],[60.638,50.664],[60.288,50.704],[60.112,50.834],[59.955,50.799],[59.812,50.582],[59.523,50.493],[59.452,50.62],[58.884,50.694],[58.547,50.971],[58.359,51.064],[57.839,51.092],[57.654,50.925],[57.442,50.889],[57.179,51.036],[57.012,51.065],[56.62,50.981],[56.491,51.02],[56.144,50.845],[56.05,50.714],[55.798,50.602],[55.542,50.602],[55.195,50.745],[54.727,50.998],[54.606,50.88],[54.65,50.66],[54.471,50.584],[54.421,50.78],[54.042,51.115],[53.688,51.252],[53.535,51.4],[53.338,51.482],[53.038,51.464],[52.571,51.482],[52.331,51.681],[52.007,51.673],[51.609,51.484],[51.345,51.475],[51.163,51.647],[50.794,51.729],[50.756,51.675],[50.247,51.29],[49.822,51.132],[49.498,51.084],[49.323,50.852],[48.808,50.601],[48.655,50.62],[48.7,50.354],[48.843,50.013],[48.759,49.928],[48.434,49.829],[48.225,49.932],[47.85,50.282],[47.706,50.378],[47.504,50.403],[47.326,50.274],[47.295,50.058],[46.992,49.853],[46.89,49.697],[46.802,49.367],[47.018,49.2],[47.014,49.098],[46.703,48.806],[46.609,48.574],[46.661,48.412],[47.004,48.284],[47.119,48.127],[47.093,47.948],[47.292,47.741],[47.482,47.804],[48.11,47.745],[48.553,47.321],[48.959,46.775],[48.776,46.71],[48.605,46.766],[48.509,46.65],[48.61,46.566],[49.232,46.337],[49.347,46.519],[49.761,46.571],[50,46.634],[50.419,46.879],[50.583,46.882],[50.92,47.041],[51.178,47.11],[51.65,47.018],[51.745,46.934],[52.189,46.84],[52.483,46.991],[52.916,46.954],[53.069,46.856],[53.17,46.669],[53.079,46.547],[53.135,46.192],[53.042,45.968],[52.774,45.573],[52.838,45.497],[53.086,45.407],[53.079,45.308],[52.531,45.399],[51.733,45.399],[51.416,45.358],[51.25,45.122],[51.04,44.98],[51.058,44.812],[51.377,44.541],[51.177,44.501],[50.86,44.629],[50.409,44.624],[50.297,44.582],[50.253,44.406],[50.331,44.325],[50.685,44.265],[50.831,44.193],[50.94,43.959],[51.14,43.649],[51.302,43.482],[51.295,43.174],[51.616,43.158],[51.844,42.91],[51.961,42.851],[52.184,42.869],[52.597,42.76],[52.618,42.428],[52.462,42.101],[52.494,41.78],[52.871,42.061],[53.25,42.206],[53.685,42.297],[54.121,42.335],[54.678,42.078],[54.904,41.919],[54.952,41.81],[55.25,41.458],[55.434,41.296],[55.545,41.263],[55.977,41.322]]]},"properties":{"iso":"KZ","c":[48.038,66.337],"bb":[[40.61,46.61],[55.39,87.32]]}},{"type":"Feature","geometry":{"type":"Polygon","coordinates":[[[38.774,33.372],[38.056,32.995],[36.818,32.317],[36.372,32.387],[36.22,32.495],[36.059,32.534],[35.895,32.714],[35.787,32.735],[35.573,32.641],[35.551,32.396],[35.572,32.238],[35.531,31.985],[35.559,31.766],[35.451,31.479],[35.401,31.231],[35.439,31.132],[35.174,30.524],[35.142,30.142],[35.068,29.978],[34.973,29.555],[34.951,29.354],[36.015,29.19],[36.068,29.201],[36.476,29.495],[36.755,29.866],[37.469,29.995],[37.634,30.313],[37.98,30.5],[37.479,31.008],[36.959,31.492],[37.774,31.696],[38.962,31.995],[39.145,32.125],[39.293,32.244],[39.247,32.351],[39.041,32.306],[39.058,32.493],[38.774,33.372]]]},"properties":{"iso":"JO"}},{"type":"Feature","geometry":{"type":"MultiPolygon","coordinates":[[[[10.453,46.865],[10.398,46.665],[10.431,46.55],[10.087,46.6],[9.939,46.362],[9.639,46.296],[9.481,46.349],[9.428,46.482],[9.26,46.475],[9.251,46.287],[9.022,46.051],[9.047,45.876],[8.954,45.83],[8.458,46.246],[8.371,46.445],[8.082,46.256],[8.125,46.161],[7.993,46.016],[7.788,45.922],[7.539,45.978],[7.129,45.88],[7.021,45.926],[6.804,45.815],[7.014,45.5],[7.153,45.401],[7.078,45.24],[6.842,45.136],[6.628,45.118],[6.738,44.921],[6.993,44.827],[7.031,44.717],[6.843,44.511],[6.967,44.28],[7.371,44.127],[7.637,44.165],[7.651,44.034],[7.482,43.865],[7.493,43.767],[7.733,43.803],[8.082,43.919],[8.292,44.137],[8.552,44.346],[8.766,44.422],[9.289,44.319],[9.731,44.101],[10.048,44.02],[10.246,43.852],[10.321,43.513],[10.448,43.371],[10.532,43.14],[10.515,42.968],[10.708,42.936],[10.803,42.804],[10.938,42.739],[11.168,42.535],[11.185,42.457],[11.637,42.288],[11.807,42.082],[12.075,41.941],[12.631,41.47],[12.849,41.409],[13.089,41.244],[13.247,41.289],[13.555,41.232],[13.733,41.236],[13.86,41.13],[14.102,40.827],[14.309,40.813],[14.461,40.729],[14.459,40.633],[14.766,40.668],[14.907,40.556],[14.986,40.377],[14.951,40.239],[15.295,40.07],[15.585,40.053],[15.693,39.99],[15.854,39.627],[16.024,39.354],[16.107,39.024],[16.21,38.941],[16.197,38.759],[15.972,38.713],[15.879,38.614],[15.905,38.483],[15.822,38.303],[15.643,38.175],[15.725,37.939],[16.057,37.942],[16.282,38.25],[16.546,38.409],[16.559,38.715],[16.755,38.89],[17.175,38.998],[17.123,39.137],[17.115,39.381],[16.824,39.578],[16.598,39.639],[16.53,39.86],[16.67,40.137],[16.928,40.458],[17.031,40.513],[17.215,40.486],[17.258,40.399],[17.476,40.315],[17.865,40.28],[18.078,39.937],[18.344,39.821],[18.486,40.105],[18.461,40.221],[18.328,40.371],[18.036,40.565],[17.955,40.655],[17.474,40.841],[17.103,41.062],[16.552,41.232],[16.013,41.435],[15.9,41.512],[15.914,41.621],[16.151,41.758],[16.165,41.896],[15.964,41.939],[15.405,41.913],[15.169,41.934],[14.866,42.053],[14.541,42.244],[14.183,42.506],[14.01,42.69],[13.805,43.18],[13.564,43.571],[13.295,43.686],[12.907,43.921],[12.691,43.995],[12.396,44.224],[12.305,44.429],[12.248,44.723],[12.279,44.832],[12.464,44.845],[12.523,44.968],[12.392,45.04],[12.226,45.242],[12.274,45.446],[12.498,45.462],[13.03,45.638],[13.206,45.771],[13.465,45.71],[13.628,45.771],[13.72,45.588],[13.831,45.68],[13.57,45.834],[13.614,45.962],[13.486,46.04],[13.633,46.177],[13.4,46.225],[13.4,46.318],[13.68,46.463],[13.7,46.52],[13.169,46.573],[12.479,46.673],[12.388,46.703],[12.154,46.935],[12.169,47.082],[11.776,46.986],[11.244,46.976],[11.025,46.797],[10.76,46.793],[10.453,46.865]],[[12.426,43.894],[12.441,43.982],[12.515,43.953],[12.426,43.894]],[[12.431,41.898],[12.431,41.905],[12.438,41.906],[12.439,41.898],[12.431,41.898]]],[[[15.509,38.107],[15.577,38.22],[15.499,38.291],[15.119,38.153],[14.846,38.172],[14.506,38.046],[14.288,38.017],[14.05,38.041],[13.789,37.981],[13.682,38.001],[13.352,38.181],[13.16,38.19],[12.903,38.035],[12.734,38.183],[12.548,38.053],[12.436,37.82],[12.527,37.67],[12.699,37.572],[12.924,37.571],[13.17,37.479],[13.361,37.349],[13.905,37.101],[14.143,37.104],[14.367,36.973],[14.502,36.799],[14.776,36.71],[15.113,36.688],[15.142,36.892],[15.295,37.013],[15.174,37.209],[15.1,37.459],[15.234,37.785],[15.509,38.107]]],[[[9.682,40.818],[9.554,40.932],[9.615,41.017],[9.455,41.15],[9.283,41.202],[8.998,41.11],[8.821,40.95],[8.468,40.834],[8.204,40.871],[8.19,40.652],[8.353,40.501],[8.471,40.293],[8.408,39.917],[8.548,39.839],[8.451,39.722],[8.399,39.482],[8.418,39.206],[8.649,38.927],[8.881,38.913],[9.023,39.043],[9.056,39.239],[9.563,39.166],[9.617,39.354],[9.701,40.092],[9.643,40.268],[9.805,40.5],[9.682,40.818]]]]},"properties":{"iso":"IT","c":[42.52,12.67],"bb":[[37.94,6.63],[47.08,18.49]]}},{"type":"Feature","geometry":{"type":"Polygon","coordinates":[[[35.816,33.362],[35.841,33.416],[35.533,33.25],[35.411,33.076],[35.109,33.084],[34.922,32.614],[34.804,32.196],[34.678,31.896],[34.477,31.585],[34.526,31.526],[34.35,31.363],[34.245,31.208],[34.659,30.191],[34.904,29.477],[34.973,29.555],[35.068,29.978],[35.142,30.142],[35.174,30.524],[35.439,31.132],[35.401,31.231],[35.451,31.479],[35.101,31.366],[34.873,31.397],[34.951,31.602],[35.198,31.776],[34.99,31.913],[34.956,32.161],[35.065,32.46],[35.193,32.534],[35.362,32.507],[35.551,32.396],[35.573,32.641],[35.787,32.735],[35.888,32.944],[35.785,33.291],[35.816,33.362]]]},"properties":{"iso":"IL"}},{"type":"Feature","geometry":{"type":"MultiPolygon","coordinates":[[[[35.451,31.479],[35.559,31.766],[35.531,31.985],[35.572,32.238],[35.551,32.396],[35.362,32.507],[35.193,32.534],[35.065,32.46],[34.956,32.161],[34.99,31.913],[35.198,31.776],[34.951,31.602],[34.873,31.397],[35.101,31.366],[35.451,31.479]]],[[[34.245,31.208],[34.35,31.363],[34.526,31.526],[34.477,31.585],[34.198,31.323],[34.245,31.208]]]]},"properties":{"iso":"PS"}},{"type":"Feature","geometry":{"type":"Polygon","coordinates":[[[-6.218,54.089],[-6.65,54.059],[-6.936,54.374],[-7.355,54.121],[-7.855,54.215],[-8.118,54.414],[-8.044,54.512],[-7.794,54.571],[-7.886,54.666],[-7.55,54.768],[-7.377,55.028],[-7.219,55.092],[-6.962,55.238],[-7.247,55.353],[-7.803,55.2],[-8.275,55.146],[-8.412,54.965],[-8.377,54.889],[-8.764,54.681],[-8.457,54.609],[-8.133,54.641],[-8.23,54.507],[-8.623,54.347],[-8.588,54.231],[-9.002,54.288],[-9.146,54.21],[-9.316,54.299],[-9.996,54.276],[-9.856,54.004],[-9.914,53.864],[-9.579,53.88],[-9.578,53.805],[-9.902,53.727],[-9.878,53.59],[-10.117,53.549],[-10.091,53.413],[-9.795,53.395],[-9.471,53.235],[-9.14,53.25],[-8.997,53.162],[-9.299,53.098],[-9.561,52.654],[-9.175,52.635],[-8.99,52.755],[-8.783,52.68],[-9.331,52.579],[-9.586,52.559],[-9.906,52.404],[-9.937,52.238],[-10.211,52.272],[-10.39,52.135],[-9.956,52.137],[-10.379,51.869],[-10.341,51.799],[-9.803,51.78],[-9.899,51.647],[-9.58,51.689],[-9.835,51.483],[-9.463,51.529],[-9.296,51.498],[-8.813,51.585],[-7.665,51.98],[-7.527,52.099],[-7.082,52.139],[-6.782,52.21],[-6.561,52.189],[-6.325,52.247],[-6.463,52.345],[-6.217,52.543],[-6.131,52.807],[-6.027,52.927],[-6.135,53.301],[-6.142,53.578],[-6.345,53.987],[-6.218,54.089]]]},"properties":{"iso":"IE","c":[53.481,-8.122],"bb":[[51.48,-10.39],[55.35,-6.03]]}},{"type":"Feature","geometry":{"type":"Polygon","coordinates":[[[44.765,37.142],[44.606,37.176],[44.282,36.978],[44.202,37.052],[44.208,37.203],[44.013,37.314],[43.836,37.224],[43.516,37.245],[43.092,37.367],[42.937,37.325],[42.775,37.372],[42.456,37.129],[42.359,37.109],[42.35,37.061],[41.789,36.597],[41.417,36.515],[41.296,36.383],[41.246,36.073],[41.353,35.81],[41.354,35.64],[41.216,35.288],[41.195,34.769],[40.987,34.429],[40.689,34.332],[39.564,33.768],[38.774,33.372],[39.058,32.493],[39.041,32.306],[39.247,32.351],[39.293,32.244],[39.145,32.125],[40.369,31.939],[40.808,31.725],[42.074,31.08],[42.858,30.495],[44.1,29.619],[44.691,29.202],[45.499,29.132],[46.356,29.064],[46.531,29.096],[46.769,29.347],[46.906,29.538],[47.114,29.961],[47.331,30.08],[47.673,30.096],[47.979,29.983],[48.142,30.041],[48.355,29.957],[48.546,29.962],[48.435,30.038],[48.331,30.285],[48.015,30.466],[48.011,30.99],[47.679,31.002],[47.679,31.401],[47.83,31.794],[47.512,32.151],[47.371,32.424],[47.121,32.467],[46.57,32.834],[46.377,32.929],[46.113,32.958],[46.081,33.087],[46.146,33.23],[45.879,33.61],[45.738,33.603],[45.473,33.925],[45.397,33.971],[45.529,34.153],[45.527,34.285],[45.438,34.415],[45.501,34.582],[45.638,34.574],[45.678,34.798],[45.921,35.029],[46.134,35.128],[46.112,35.322],[45.971,35.524],[46.037,35.673],[46.263,35.744],[46.167,35.821],[45.723,35.837],[45.484,36.009],[45.362,36.015],[45.241,36.356],[45.031,36.526],[45.034,36.659],[44.881,36.799],[44.765,37.142]]]},"properties":{"iso":"IQ"}},{"type":"Feature","geometry":{"type":"MultiPolygon","coordinates":[[[[61.262,35.62],[61.252,35.868],[61.153,35.977],[61.212,36.099],[61.12,36.643],[60.341,36.638],[60.063,36.963],[59.949,37.042],[59.562,37.179],[59.367,37.334],[59.241,37.521],[58.815,37.683],[58.436,37.639],[58.262,37.666],[58.109,37.783],[57.711,37.905],[57.424,37.948],[57.194,38.216],[56.907,38.213],[56.775,38.25],[56.441,38.249],[56.229,38.073],[55.578,38.1],[55.381,38.051],[55.076,37.902],[54.849,37.723],[54.745,37.502],[54.192,37.332],[53.914,37.344],[54.017,36.952],[53.97,36.818],[53.768,36.93],[53.374,36.869],[52.19,36.622],[51.762,36.615],[51.119,36.743],[50.927,36.81],[50.533,37.014],[50.338,37.149],[50.13,37.407],[49.727,37.481],[49.47,37.497],[49.171,37.601],[49.081,37.668],[48.96,37.89],[48.869,38.435],[48.593,38.411],[48.417,38.586],[48.023,38.819],[48.05,38.935],[48.242,38.979],[48.274,39.099],[48.125,39.172],[48.136,39.312],[48.322,39.399],[47.996,39.684],[47.773,39.649],[47.188,39.341],[46.989,39.18],[46.853,39.148],[46.555,38.904],[46.491,38.907],[46.114,38.878],[45.48,39.006],[45.141,39.254],[44.817,39.65],[44.587,39.769],[44.456,39.667],[44.389,39.422],[44.023,39.377],[44.079,39.218],[44.178,39.145],[44.145,38.994],[44.272,38.836],[44.291,38.42],[44.431,38.357],[44.211,37.908],[44.561,37.745],[44.574,37.435],[44.794,37.29],[44.765,37.142],[44.881,36.799],[45.034,36.659],[45.031,36.526],[45.241,36.356],[45.362,36.015],[45.484,36.009],[45.723,35.837],[46.167,35.821],[46.263,35.744],[46.037,35.673],[45.971,35.524],[46.112,35.322],[46.134,35.128],[45.921,35.029],[45.678,34.798],[45.638,34.574],[45.501,34.582],[45.438,34.415],[45.527,34.285],[45.529,34.153],[45.397,33.971],[45.473,33.925],[45.738,33.603],[45.879,33.61],[46.146,33.23],[46.081,33.087],[46.113,32.958],[46.377,32.929],[46.57,32.834],[47.121,32.467],[47.371,32.424],[47.512,32.151],[47.83,31.794],[47.679,31.401],[47.679,31.002],[48.011,30.99],[48.015,30.466],[48.331,30.285],[48.435,30.038],[48.546,29.962],[48.832,30.035],[48.919,30.121],[48.917,30.397],[49.13,30.509],[49.054,30.307],[49.43,30.13],[49.555,30.029],[49.983,30.209],[50.072,30.199],[50.169,29.921],[50.65,29.42],[50.675,29.147],[50.876,29.063],[50.867,28.87],[51.062,28.726],[51.094,28.512],[51.276,28.219],[51.279,28.131],[51.519,27.91],[51.666,27.845],[52.031,27.824],[52.192,27.717],[52.476,27.617],[52.603,27.493],[52.692,27.323],[52.983,27.142],[53.455,26.943],[53.507,26.852],[53.706,26.726],[54.069,26.732],[54.247,26.697],[54.645,26.509],[54.896,26.557],[55.294,26.786],[55.424,26.771],[55.65,26.978],[55.941,27.038],[56.118,27.143],[56.356,27.2],[56.813,27.09],[56.982,26.905],[57.072,26.68],[57.104,26.371],[57.201,26.159],[57.206,26.037],[57.335,25.792],[57.733,25.725],[57.796,25.653],[58.022,25.641],[58.314,25.581],[58.531,25.592],[58.798,25.555],[59.046,25.417],[59.456,25.481],[59.616,25.403],[60.025,25.384],[60.4,25.312],[60.511,25.437],[60.664,25.282],[61.412,25.102],[61.588,25.202],[61.669,25.769],[61.754,25.843],[61.81,26.165],[61.87,26.242],[62.239,26.357],[62.312,26.491],[62.439,26.561],[62.787,26.644],[63.093,26.632],[63.168,26.666],[63.25,26.879],[63.242,27.078],[63.167,27.252],[62.915,27.218],[62.763,27.25],[62.812,27.497],[62.74,28.002],[62.763,28.202],[62.565,28.235],[62.353,28.415],[61.89,28.547],[61.623,28.792],[61.338,29.265],[61.318,29.373],[60.843,29.859],[61.784,30.832],[61.814,31.073],[61.755,31.285],[61.66,31.382],[60.854,31.483],[60.792,31.661],[60.79,31.987],[60.829,32.249],[60.577,32.995],[60.561,33.138],[60.917,33.505],[60.655,33.56],[60.511,33.639],[60.527,33.842],[60.486,34.095],[60.643,34.307],[60.889,34.319],[60.726,34.518],[60.951,34.654],[61.08,34.856],[61.15,35.094],[61.1,35.272],[61.189,35.312],[61.279,35.514],[61.262,35.62]]],[[[56.095,26.801],[56.214,27.003],[55.907,26.91],[55.758,26.948],[55.763,26.812],[55.347,26.648],[55.424,26.583],[55.848,26.731],[55.954,26.701],[56.095,26.801]]]]},"properties":{"iso":"IR"}},{"type":"Feature","geometry":{"type":"Polygon","coordinates":[[[77.049,35.11],[77.001,34.992],[76.783,34.9],[76.594,34.736],[76.457,34.756],[76.172,34.668],[76.041,34.67],[75.709,34.503],[75.453,34.537],[75.188,34.639],[74.952,34.646],[74.3,34.765],[73.961,34.653],[73.812,34.422],[73.81,34.325],[73.979,34.191],[73.95,34.019],[74.246,33.99],[74.216,33.887],[74.001,33.788],[74.004,33.632],[74.15,33.507],[74.118,33.384],[73.994,33.242],[74.126,33.075],[74.304,32.992],[74.355,32.769],[74.663,32.758],[74.658,32.519],[74.789,32.458],[74.987,32.462],[75.234,32.372],[75.333,32.279],[75.254,32.14],[74.739,31.949],[74.556,31.819],[74.51,31.713],[74.594,31.465],[74.518,31.186],[74.633,31.035],[74.216,30.769],[74.009,30.52],[73.899,30.435],[73.933,30.222],[73.809,30.093],[73.382,29.934],[73.231,29.551],[72.903,29.029],[72.342,28.752],[72.179,28.422],[71.948,28.177],[71.87,27.963],[71.543,27.87],[71.185,27.832],[70.875,27.714],[70.737,27.729],[70.629,27.937],[70.404,28.025],[70.145,27.849],[69.896,27.474],[69.568,27.175],[69.47,26.804],[69.507,26.743],[69.736,26.627],[70.059,26.579],[70.157,26.471],[70.133,26.215],[70.078,26.072],[70.1,25.91],[70.265,25.707],[70.648,25.667],[70.652,25.423],[70.905,25],[88,25],[88,26.384],[87.849,26.437],[87.633,26.399],[87.414,26.423],[87.287,26.36],[87.09,26.433],[87.016,26.555],[86.701,26.435],[86.366,26.574],[86.007,26.649],[85.856,26.6],[85.737,26.64],[85.7,26.782],[85.568,26.84],[85.293,26.741],[84.685,27.041],[84.61,27.299],[84.091,27.491],[83.829,27.378],[83.447,27.465],[83.29,27.371],[82.733,27.519],[82.677,27.673],[82.451,27.672],[81.988,27.914],[81.853,27.867],[81.311,28.176],[81.169,28.335],[80.751,28.54],[80.587,28.65],[80.419,28.612],[80.071,28.83],[80.13,29.1],[80.233,29.195],[80.255,29.423],[80.402,29.73],[80.549,29.9],[80.908,30.172],[81.01,30.165],[80.985,30.237],[80.682,30.415],[80.191,30.568],[80.194,30.759],[80.081,30.782],[79.795,30.968],[79.565,30.949],[79.339,31.106],[79.107,31.403],[78.792,31.294],[78.727,31.472],[78.803,31.618],[78.693,31.74],[78.735,31.958],[78.496,32.216],[78.39,32.52],[78.701,32.597],[78.771,32.468],[78.919,32.358],[79.067,32.388],[79.219,32.501],[79.234,32.703],[79.202,32.946],[79.109,33.023],[79.113,33.226],[78.802,33.5],[78.753,34.088],[78.971,34.228],[78.936,34.352],[78.671,34.518],[78.327,34.606],[78.282,34.654],[78.012,35.251],[78.047,35.449],[77.799,35.496],[77.049,35.11]]]},"properties":{"iso":"IN"}},{"type":"Feature","geometry":{"type":"Polygon","coordinates":[[[-15.428,66.225],[-15.985,66.515],[-16.249,66.523],[-16.541,66.447],[-16.428,66.278],[-16.748,66.132],[-17.153,66.203],[-17.582,65.971],[-17.907,66.143],[-18.297,66.157],[-18.455,65.965],[-18.778,66.169],[-19.383,66.076],[-19.434,65.814],[-19.594,65.779],[-20.026,66.049],[-20.357,66.033],[-20.357,65.719],[-20.455,65.571],[-20.74,65.658],[-21.23,65.421],[-21.432,65.474],[-21.466,65.635],[-21.303,65.876],[-21.625,66.09],[-22.426,66.43],[-22.889,66.441],[-22.972,66.324],[-22.622,66],[-23.019,65.982],[-23.063,66.086],[-23.528,66.164],[-23.737,66.069],[-23.705,65.781],[-23.909,65.766],[-24.224,65.487],[-23.9,65.408],[-22.902,65.58],[-22.006,65.493],[-21.907,65.4],[-22.473,65.227],[-21.892,65.049],[-22.684,65.026],[-24.026,64.863],[-23.879,64.751],[-23.347,64.824],[-22.467,64.795],[-22.234,64.714],[-22.284,64.587],[-21.95,64.515],[-21.951,64.314],[-21.833,64.205],[-22.057,64.071],[-22.51,63.991],[-22.607,63.837],[-21.449,63.858],[-21.246,63.935],[-20.593,63.735],[-20.198,63.556],[-19.778,63.537],[-19.25,63.442],[-18.654,63.407],[-17.947,63.536],[-17.816,63.713],[-16.64,63.865],[-16.06,64.111],[-15.495,64.258],[-15.022,64.296],[-14.547,64.446],[-14.465,64.636],[-14.135,64.715],[-13.853,64.862],[-13.777,65.014],[-13.57,65.068],[-13.805,65.355],[-13.616,65.487],[-13.935,65.616],[-14.302,65.628],[-14.426,65.79],[-14.758,65.756],[-14.74,66.051],[-15.116,66.102],[-14.912,66.284],[-15.428,66.225]]]},"properties":{"iso":"IS","c":[64.939,-18.61],"bb":[[63.41,-24.22],[66.52,-13.57]]}},{"type":"Feature","geometry":{"type":"Polygon","coordinates":[[[22.877,47.947],[22.769,48.11],[22.582,48.134],[22.35,48.256],[22.254,48.407],[22.132,48.405],[21.767,48.338],[21.451,48.552],[21.067,48.506],[20.867,48.546],[20.49,48.527],[20.334,48.296],[19.899,48.131],[19.625,48.223],[19.467,48.111],[18.914,48.051],[18.792,48],[18.724,47.787],[18.146,47.763],[17.762,47.77],[17.317,47.991],[17.147,48.006],[17.03,47.837],[17.067,47.708],[16.748,47.686],[16.64,47.609],[16.623,47.448],[16.434,47.367],[16.453,47.007],[16.253,46.972],[16.093,46.863],[16.284,46.857],[16.381,46.639],[16.516,46.5],[16.748,46.416],[16.94,46.254],[17.15,46.14],[17.311,45.996],[17.607,45.914],[17.706,45.827],[17.964,45.77],[18.437,45.767],[18.666,45.907],[18.905,45.932],[19.087,46.016],[19.208,45.984],[19.531,46.155],[20.161,46.142],[20.242,46.109],[20.508,46.167],[20.614,46.133],[20.837,46.26],[21.04,46.242],[21.152,46.304],[21.32,46.608],[21.497,46.704],[21.494,46.79],[21.785,47.138],[21.869,47.305],[21.995,47.396],[22,47.505],[22.291,47.728],[22.677,47.799],[22.877,47.947]]]},"properties":{"iso":"HU","c":[47.221,19.134],"bb":[[45.77,16.09],[48.55,22.88]]}},{"type":"Feature","geometry":{"type":"MultiPolygon","coordinates":[[[[27.771,35.908],[27.843,35.929],[28.144,36.21],[28.23,36.37],[28.171,36.426],[27.914,36.345],[27.716,36.172],[27.771,35.908]]],[[[26.947,37.778],[26.639,37.781],[26.845,37.645],[26.947,37.778]]],[[[26.039,40.727],[26.331,40.954],[26.331,41.239],[26.625,41.402],[26.581,41.601],[26.321,41.717],[26.066,41.673],[26.155,41.435],[25.923,41.312],[25.785,41.33],[25.251,41.244],[25.133,41.316],[24.596,41.443],[24.518,41.553],[24.056,41.527],[23.635,41.387],[23.24,41.385],[23.156,41.322],[22.916,41.336],[22.755,41.313],[22.725,41.179],[22.494,41.119],[22.238,41.155],[21.929,41.107],[21.779,40.95],[21.576,40.869],[20.964,40.85],[21.031,40.659],[20.95,40.494],[20.806,40.445],[20.657,40.117],[20.311,39.979],[20.382,39.842],[20.207,39.654],[20.001,39.709],[20.191,39.546],[20.301,39.327],[20.468,39.255],[20.78,39.009],[21.118,39.03],[21.074,38.885],[20.777,38.928],[20.777,38.808],[20.992,38.654],[21.113,38.385],[21.39,38.408],[21.473,38.321],[21.965,38.412],[22.227,38.353],[22.422,38.439],[22.933,38.202],[23.149,38.176],[23.122,38.073],[22.893,38.051],[22.8,37.981],[22.556,38.113],[22.244,38.189],[21.953,38.321],[21.825,38.328],[21.658,38.175],[21.404,38.197],[21.308,38.027],[21.145,37.919],[21.329,37.669],[21.571,37.541],[21.692,37.309],[21.579,37.2],[21.583,37.081],[21.738,36.863],[21.892,36.737],[21.956,36.99],[22.08,37.029],[22.489,36.568],[22.608,36.78],[22.78,36.786],[22.983,36.528],[23.074,36.775],[22.995,37.016],[22.765,37.393],[22.775,37.585],[23.096,37.441],[23.162,37.334],[23.489,37.44],[23.348,37.598],[23.198,37.62],[23.147,37.795],[23.036,37.878],[23.194,37.959],[23.58,38.011],[23.877,37.778],[24.055,37.71],[24.025,38.14],[23.967,38.275],[23.684,38.352],[23.57,38.489],[23.369,38.526],[23.253,38.661],[22.774,38.8],[22.803,38.902],[22.966,39.031],[22.839,39.259],[22.993,39.331],[23.288,39.289],[23.103,39.492],[22.919,39.629],[22.836,39.801],[22.592,40.037],[22.569,40.119],[22.643,40.367],[22.629,40.496],[22.811,40.579],[22.896,40.4],[23.312,40.216],[23.426,40.264],[23.665,40.224],[23.835,40.022],[23.967,40.115],[23.721,40.286],[23.867,40.419],[23.879,40.544],[23.763,40.748],[24.082,40.724],[24.384,40.913],[24.557,40.936],[24.793,40.858],[25.104,40.995],[25.25,40.933],[25.856,40.844],[26.039,40.727]]],[[[26.393,39.27],[26.348,39.383],[26.165,39.374],[25.91,39.288],[25.906,39.139],[26.161,39.026],[26.469,38.973],[26.578,39.11],[26.393,39.27]]],[[[23.921,35.528],[23.715,35.605],[23.57,35.535],[23.562,35.295],[23.638,35.235],[23.884,35.246],[24.464,35.16],[24.709,35.089],[24.8,34.934],[25.206,34.959],[25.83,35.025],[26.244,35.045],[26.299,35.269],[25.745,35.143],[25.73,35.349],[25.476,35.306],[25.104,35.347],[25.003,35.41],[24.721,35.425],[24.313,35.364],[24.166,35.595],[23.921,35.528]]],[[[25.999,38.162],[26.157,38.303],[26.15,38.468],[26.013,38.602],[25.851,38.508],[25.991,38.354],[25.874,38.27],[25.999,38.162]]],[[[25.457,36.93],[25.546,36.968],[25.588,37.153],[25.362,37.07],[25.457,36.93]]],[[[25.4,39.95],[25.058,40],[25.062,39.852],[25.357,39.808],[25.4,39.95]]],[[[24.962,37.692],[24.956,37.905],[24.714,37.899],[24.962,37.692]]],[[[24.646,40.579],[24.786,40.704],[24.623,40.793],[24.516,40.647],[24.646,40.579]]],[[[23.472,38.85],[23.313,39.035],[23.146,39.003],[23.029,38.873],[23.252,38.801],[23.617,38.553],[23.759,38.401],[24.04,38.39],[24.212,38.118],[24.502,37.97],[24.563,38.148],[24.276,38.22],[24.099,38.671],[23.878,38.687],[23.472,38.85]]],[[[20.994,37.708],[20.692,37.93],[20.62,37.855],[20.819,37.665],[20.994,37.708]]],[[[20.625,38.268],[20.409,38.337],[20.524,38.107],[20.761,38.071],[20.789,38.142],[20.625,38.268]]],[[[20.1,39.377],[19.955,39.47],[19.904,39.619],[19.937,39.747],[19.839,39.82],[19.649,39.726],[19.884,39.462],[20.1,39.377]]]]},"properties":{"iso":"GR","c":[39.143,21.757],"bb":[[36.53,20.0],[41.72,26.62]]}},{"type":"Feature","geometry":{"type":"MultiPolygon","coordinates":[[[[7.616,47.593],[7.927,47.564],[8.198,47.607],[8.618,47.766],[8.881,47.656],[9.183,47.671],[9.524,47.524],[9.749,47.576],[10.034,47.474],[10.096,47.38],[10.313,47.313],[10.43,47.541],[10.873,47.52],[10.981,47.398],[11.298,47.425],[11.717,47.583],[12.186,47.62],[12.197,47.709],[12.483,47.637],[12.686,47.669],[12.783,47.564],[13.014,47.478],[13.034,47.699],[12.898,47.722],[12.954,47.891],[12.76,48.076],[12.814,48.161],[13.409,48.394],[13.487,48.582],[13.675,48.523],[13.785,48.587],[13.815,48.767],[13.548,48.96],[13.141,49.158],[12.917,49.33],[12.632,49.461],[12.391,49.74],[12.498,49.853],[12.458,49.956],[12.276,50.042],[12.277,50.181],[12.453,50.35],[13.473,50.617],[13.527,50.693],[13.899,50.761],[14.369,50.899],[14.507,51.01],[14.723,50.815],[14.809,50.859],[15.017,51.253],[14.906,51.463],[14.725,51.524],[14.739,51.627],[14.602,51.832],[14.753,52.082],[14.555,52.36],[14.619,52.529],[14.514,52.646],[14.129,52.878],[14.369,53.106],[14.415,53.283],[14.259,53.73],[13.866,53.853],[13.724,54.153],[13.448,54.141],[13.147,54.283],[13.029,54.411],[12.575,54.467],[12.111,54.168],[11.796,54.145],[11.4,53.945],[10.811,54.075],[11.009,54.181],[11.013,54.379],[10.732,54.316],[10.36,54.438],[10.212,54.409],[10.029,54.581],[10.022,54.674],[9.74,54.826],[9.342,54.806],[8.903,54.897],[8.67,54.903],[8.682,54.792],[8.957,54.538],[8.952,54.468],[8.648,54.398],[8.907,54.261],[8.898,53.836],[8.619,53.875],[8.528,53.781],[8.538,53.557],[8.302,53.584],[8.009,53.691],[7.285,53.681],[7.107,53.557],[7.053,53.376],[7.197,53.282],[7.19,53],[7.013,52.634],[6.748,52.634],[6.749,52.464],[7.035,52.38],[6.977,52.206],[6.749,52.099],[6.742,51.911],[6.356,51.825],[6.167,51.881],[5.949,51.762],[6.193,51.489],[6.076,51.224],[6.13,51.147],[5.895,50.984],[6.048,50.905],[5.994,50.75],[6.236,50.597],[6.364,50.316],[6.175,50.233],[6.117,50.121],[6.138,49.974],[6.256,49.872],[6.487,49.798],[6.344,49.453],[6.458,49.443],[6.735,49.161],[6.891,49.208],[7.022,49.123],[7.451,49.152],[7.611,49.062],[8.135,48.974],[8.14,48.886],[7.838,48.636],[7.706,48.28],[7.584,48.064],[7.593,47.906],[7.529,47.674],[7.616,47.593]]],[[[14.214,53.871],[14.211,53.95],[13.922,53.997],[13.926,53.879],[14.214,53.871]]],[[[13.734,54.315],[13.58,54.464],[13.671,54.535],[13.423,54.699],[13.177,54.544],[13.19,54.326],[13.364,54.246],[13.482,54.337],[13.734,54.315]]]]},"properties":{"iso":"DE","c":[51.078,10.478],"bb":[[47.31,5.89],[54.9,15.02]]}},{"type":"Feature","geometry":{"type":"Polygon","coordinates":[[[41.51,41.517],[41.824,41.432],[41.926,41.496],[42.211,41.487],[42.466,41.44],[42.567,41.559],[42.788,41.564],[43.149,41.307],[43.205,41.199],[43.439,41.107],[43.793,41.131],[44.227,41.213],[44.473,41.191],[44.841,41.211],[45.001,41.291],[45.281,41.45],[45.716,41.338],[45.793,41.224],[46.031,41.167],[46.171,41.198],[46.458,41.07],[46.626,41.16],[46.619,41.344],[46.305,41.508],[46.182,41.657],[46.43,41.891],[46.213,41.99],[45.954,42.035],[45.639,42.205],[45.728,42.475],[45.563,42.536],[45.344,42.53],[45.208,42.648],[44.871,42.756],[44.771,42.617],[44.644,42.735],[44.506,42.749],[43.957,42.567],[43.738,42.617],[43.783,42.747],[43.558,42.844],[43.089,42.989],[42.992,43.092],[42.761,43.17],[42.566,43.155],[42.419,43.224],[42.05,43.19],[41.581,43.219],[41.358,43.333],[41.083,43.374],[40.648,43.534],[40.519,43.512],[40.15,43.57],[39.978,43.42],[40.524,43.121],[40.837,43.063],[41.062,42.931],[41.129,42.828],[41.419,42.738],[41.489,42.659],[41.663,42.147],[41.763,41.97],[41.702,41.705],[41.51,41.517]]]},"properties":{"iso":"GE","c":[42.34,43.64],"bb":[[41.07,39.98],[43.57,46.63]]}},{"type":"Feature","geometry":{"type":"MultiPolygon","coordinates":[[[[9.454,42.659],[9.463,42.981],[9.331,42.944],[9.338,42.767],[8.713,42.55],[8.566,42.219],[8.701,42.096],[8.615,41.959],[8.74,41.925],[8.718,41.761],[8.887,41.701],[8.808,41.588],[9.186,41.385],[9.395,41.731],[9.401,41.926],[9.551,42.13],[9.526,42.553],[9.454,42.659]]],[[[7.021,45.926],[6.772,46.165],[6.817,46.275],[6.758,46.416],[6.429,46.431],[6.235,46.333],[6.273,46.252],[6.087,46.147],[6.06,46.428],[6.161,46.611],[6.41,46.755],[6.456,46.948],[6.625,47.004],[7.001,47.323],[6.9,47.394],[7.053,47.489],[7.203,47.433],[7.42,47.455],[7.616,47.593],[7.529,47.674],[7.593,47.906],[7.584,48.064],[7.706,48.28],[7.838,48.636],[8.14,48.886],[8.135,48.974],[7.611,49.062],[7.451,49.152],[7.022,49.123],[6.891,49.208],[6.735,49.161],[6.458,49.443],[6.344,49.453],[6.242,49.494],[5.959,49.455],[5.79,49.538],[5.507,49.511],[5.279,49.678],[4.868,49.788],[4.656,50.002],[4.369,49.945],[4.176,49.96],[4.175,50.246],[4.044,50.321],[3.748,50.344],[3.627,50.457],[3.273,50.532],[3.107,50.779],[2.84,50.712],[2.597,50.876],[2.525,51.097],[1.913,50.991],[1.672,50.885],[1.579,50.739],[1.552,50.294],[1.407,50.089],[1.246,49.998],[0.616,49.863],[0.187,49.703],[0.109,49.558],[0.278,49.463],[-0.163,49.297],[-0.521,49.355],[-1.139,49.388],[-1.232,49.495],[-1.259,49.68],[-1.856,49.684],[-1.87,49.595],[-1.583,49.202],[-1.565,48.806],[-1.438,48.641],[-1.825,48.631],[-2.446,48.648],[-2.692,48.537],[-3.003,48.791],[-3.231,48.841],[-3.471,48.813],[-3.715,48.71],[-4.059,48.708],[-4.531,48.62],[-4.721,48.54],[-4.719,48.363],[-4.393,48.368],[-4.512,48.23],[-4.378,48.129],[-4.629,48.086],[-4.428,47.969],[-4.312,47.823],[-3.901,47.838],[-3.159,47.695],[-2.77,47.514],[-2.554,47.527],[-2.428,47.471],[-2.503,47.312],[-2.108,47.263],[-2.197,47.163],[-2.019,47.038],[-2.059,46.81],[-1.787,46.515],[-1.392,46.35],[-1.146,46.311],[-1.066,45.806],[-1.17,45.686],[-1.081,45.532],[-1.189,45.161],[-1.246,44.56],[-1.346,44.02],[-1.485,43.564],[-1.631,43.438],[-1.794,43.407],[-1.753,43.325],[-1.411,43.24],[-1.429,43.037],[-1.285,43.06],[-0.934,42.95],[-0.763,42.94],[-0.586,42.799],[-0.299,42.825],[-0.041,42.689],[0.632,42.69],[0.697,42.845],[1.349,42.691],[1.428,42.596],[1.71,42.604],[1.706,42.503],[2.033,42.354],[2.2,42.421],[2.568,42.346],[2.97,42.467],[3.211,42.431],[3.091,42.591],[3.052,42.915],[3.259,43.193],[4.053,43.593],[4.163,43.504],[4.629,43.387],[4.789,43.379],[5.06,43.445],[5.12,43.349],[5.32,43.345],[5.407,43.229],[5.672,43.178],[5.809,43.098],[6.116,43.072],[6.494,43.169],[6.657,43.262],[6.717,43.374],[6.865,43.438],[7.181,43.659],[7.378,43.732],[7.414,43.771],[7.439,43.75],[7.493,43.767],[7.482,43.865],[7.651,44.034],[7.637,44.165],[7.371,44.127],[6.967,44.28],[6.843,44.511],[7.031,44.717],[6.993,44.827],[6.738,44.921],[6.628,45.118],[6.842,45.136],[7.078,45.24],[7.153,45.401],[7.014,45.5],[6.804,45.815],[7.021,45.926]]]]},"properties":{"iso":"FR","c":[46.683,2.172],"bb":[[42.35,-4.72],[51.1,8.14]]}},{"type":"Feature","geometry":{"type":"Polygon","coordinates":[[[20.02,60.351],[19.888,60.406],[19.687,60.268],[19.746,60.099],[20.259,60.261],[20.02,60.351]]]},"properties":{"iso":"AX"}},{"type":"Feature","geometry":{"type":"Polygon","coordinates":[[[20.622,69.037],[21.465,68.691],[21.997,68.521],[22.782,68.391],[23.639,67.954],[23.502,67.875],[23.537,67.59],[23.468,67.45],[23.775,67.329],[23.623,67.184],[23.677,67.068],[23.989,66.811],[23.866,66.577],[23.701,66.481],[23.751,66.191],[23.907,66.148],[24.155,65.805],[24.582,65.757],[25.242,65.546],[25.348,65.479],[25.256,65.143],[25.373,65.009],[24.558,64.801],[24.278,64.515],[23.925,64.274],[23.249,63.896],[23.014,63.822],[22.243,63.438],[22.32,63.31],[22.12,63.244],[21.545,63.204],[21.651,63.039],[21.196,62.791],[21.104,62.623],[21.166,62.414],[21.354,62.224],[21.256,61.99],[21.385,61.915],[21.606,61.592],[21.498,61.552],[21.479,61.171],[21.361,60.967],[21.436,60.596],[21.934,60.5],[22.258,60.401],[22.576,60.359],[22.47,60.201],[22.463,60.029],[22.793,60.077],[22.844,60.187],[23.198,60.022],[23.722,59.966],[24.343,60.042],[24.6,60.114],[25.156,60.194],[25.656,60.333],[25.715,60.267],[26.205,60.407],[26.535,60.413],[27.242,60.539],[27.462,60.465],[27.798,60.536],[28.407,60.897],[29.252,61.288],[29.69,61.546],[30.566,62.128],[30.936,62.324],[31.286,62.568],[31.534,62.885],[31.181,63.208],[30.419,63.504],[30.055,63.689],[30.504,64.021],[30.488,64.237],[30.108,64.366],[29.986,64.558],[30.073,64.765],[29.783,64.804],[29.604,64.968],[29.811,65.108],[29.63,65.224],[29.716,65.625],[30.095,65.682],[29.903,66.091],[29.671,66.276],[29.464,66.532],[29.093,66.849],[29.087,66.971],[29.941,67.547],[29.979,67.689],[29.344,68.062],[28.685,68.19],[28.471,68.488],[28.752,68.771],[28.566,68.928],[28.966,69.022],[28.846,69.177],[29.333,69.473],[29.142,69.671],[28.412,69.823],[27.89,70.062],[27.592,70.042],[27.109,69.905],[26.525,69.915],[26.012,69.653],[25.749,69.231],[25.748,68.99],[25.357,68.862],[24.941,68.593],[23.854,68.806],[23.707,68.714],[23.324,68.649],[22.411,68.72],[22.3,68.856],[21.622,69.271],[21.267,69.274],[21.053,69.187],[21.128,69.081],[20.622,69.037]]]},"properties":{"iso":"FI","c":[65.059,27.534],"bb":[[59.97,20.62],[70.06,31.53]]}},{"type":"Feature","geometry":{"type":"MultiPolygon","coordinates":[[[[24.323,57.871],[25.111,58.063],[25.34,58.039],[25.794,57.869],[25.991,57.838],[26.298,57.601],[26.533,57.531],[26.9,57.609],[27.352,57.528],[27.542,57.799],[27.753,57.841],[27.488,58.27],[27.531,58.435],[27.427,58.733],[27.464,58.841],[27.758,59.052],[27.898,59.278],[28.151,59.374],[28.013,59.484],[27.893,59.414],[26.975,59.451],[26.625,59.554],[25.794,59.635],[25.509,59.639],[25.444,59.521],[24.878,59.522],[24.584,59.456],[24.38,59.473],[24.083,59.292],[23.783,59.275],[23.494,59.196],[23.515,58.999],[23.432,58.921],[23.509,58.659],[23.768,58.361],[24.115,58.266],[24.337,58.381],[24.529,58.354],[24.464,58.106],[24.323,57.871]]],[[[22.688,58.597],[22.547,58.627],[22.081,58.478],[21.882,58.262],[22.153,58.115],[22.498,58.236],[22.757,58.261],[23.293,58.483],[22.964,58.606],[22.688,58.597]]],[[[22.842,58.777],[23.009,58.834],[22.91,58.991],[22.587,59.081],[22.411,58.863],[22.542,58.69],[22.842,58.777]]]]},"properties":{"iso":"EE","c":[58.547,25.549],"bb":[[57.53,23.43],[59.64,28.15]]}},{"type":"Feature","geometry":{"type":"Polygon","coordinates":[[[25.15,31.655],[24.853,31.335],[24.878,31.061],[24.974,30.777],[24.878,30.458],[24.726,30.251],[24.712,30.132],[24.804,29.886],[24.916,29.376],[24.98,29.182],[24.98,28.059],[24.98,27.161],[24.98,25.813],[24.98,25],[34.925,25],[34.679,25.443],[34.565,25.691],[34.329,26.024],[34.05,26.551],[33.959,26.649],[33.893,27.049],[33.802,27.268],[33.697,27.341],[33.55,27.607],[33.547,27.898],[33.202,28.208],[32.898,28.565],[32.784,28.787],[32.632,28.992],[32.638,29.182],[32.565,29.386],[32.397,29.534],[32.36,29.631],[32.566,29.974],[32.647,29.798],[32.721,29.522],[32.871,29.286],[33.076,29.073],[33.204,28.778],[33.248,28.568],[33.594,28.256],[33.76,28.048],[34.045,27.829],[34.22,27.764],[34.4,28.016],[34.446,28.357],[34.617,28.758],[34.736,29.271],[34.904,29.477],[34.659,30.191],[34.245,31.208],[34.198,31.323],[33.903,31.181],[33.667,31.13],[33.378,31.131],[33.194,31.085],[33.13,31.168],[32.603,31.069],[32.324,31.256],[32.207,31.119],[32.102,31.093],[32.008,31.221],[31.771,31.293],[31.876,31.414],[31.889,31.541],[31.524,31.458],[31.194,31.588],[31.052,31.592],[31.002,31.463],[30.7,31.404],[30.571,31.473],[30.395,31.458],[30.223,31.258],[29.93,31.227],[29.592,31.012],[29.279,30.867],[29.072,30.83],[28.515,31.05],[27.968,31.097],[27.83,31.195],[27.54,31.213],[27.248,31.378],[26.457,31.512],[25.893,31.621],[25.382,31.513],[25.225,31.534],[25.15,31.655]]]},"properties":{"iso":"EG"}},{"type":"Feature","geometry":{"type":"Polygon","coordinates":[[[-6.656,62.094],[-6.631,62.228],[-6.959,62.316],[-7.172,62.286],[-7.014,62.094],[-6.656,62.094]]]},"properties":{"iso":"FO"}},{"type":"Feature","geometry":{"type":"MultiPolygon","coordinates":[[[[15.051,55.005],[15.133,55.145],[14.765,55.297],[14.684,55.102],[15.051,55.005]]],[[[12.571,55.685],[12.525,55.918],[12.579,56.064],[12.219,56.119],[11.866,55.968],[11.935,55.896],[11.82,55.698],[11.691,55.729],[11.696,55.908],[11.475,55.943],[11.322,55.753],[10.979,55.722],[11.19,55.466],[11.171,55.329],[11.286,55.204],[11.654,55.187],[11.741,54.915],[11.862,54.773],[12.05,54.815],[12.09,55.188],[12.413,55.286],[12.215,55.467],[12.321,55.588],[12.571,55.685]]],[[[11.538,54.83],[11.258,54.952],[11.059,54.941],[11.036,54.773],[11.457,54.629],[11.766,54.679],[11.74,54.807],[11.538,54.83]]],[[[8.67,54.903],[8.903,54.897],[9.342,54.806],[9.74,54.826],[9.645,55.023],[9.454,55.04],[9.671,55.266],[9.591,55.493],[10.183,55.865],[10.319,56.213],[10.539,56.2],[10.856,56.296],[10.926,56.443],[10.846,56.522],[10.49,56.521],[10.283,56.621],[10.296,56.999],[10.524,57.243],[10.537,57.449],[10.259,57.617],[9.962,57.581],[9.554,57.232],[9.299,57.147],[8.619,57.111],[8.284,56.852],[8.268,56.754],[8.468,56.665],[8.772,56.725],[8.993,57.016],[9.255,57.012],[9.067,56.794],[8.553,56.56],[8.164,56.607],[8.121,56.14],[8.202,55.982],[8.132,55.6],[8.616,55.418],[8.67,54.903]]],[[[10.687,55.558],[10.286,55.611],[9.861,55.515],[9.859,55.357],[9.989,55.163],[10.443,55.049],[10.785,55.133],[10.819,55.322],[10.687,55.558]]]]},"properties":{"iso":"DK","c":[56.207,9.222],"bb":[[54.81,8.12],[57.62,10.93]]}},{"type":"Feature","geometry":{"type":"Polygon","coordinates":[[[16.953,48.599],[17.063,48.781],[17.188,48.861],[17.483,48.828],[17.758,48.888],[18.086,49.065],[18.161,49.257],[18.365,49.336],[18.596,49.491],[18.832,49.511],[18.807,49.614],[18.595,49.758],[18.562,49.879],[18.305,49.914],[18.028,50.035],[17.875,49.972],[17.589,50.157],[17.152,50.378],[16.869,50.415],[16.993,50.26],[16.679,50.097],[16.21,50.424],[16.42,50.574],[16.282,50.656],[16.007,50.612],[15.731,50.74],[15.354,50.812],[15.259,50.959],[14.994,51.014],[14.983,50.887],[14.809,50.859],[14.723,50.815],[14.507,51.01],[14.369,50.899],[13.899,50.761],[13.527,50.693],[13.473,50.617],[12.453,50.35],[12.277,50.181],[12.276,50.042],[12.458,49.956],[12.498,49.853],[12.391,49.74],[12.632,49.461],[12.917,49.33],[13.141,49.158],[13.548,48.96],[13.815,48.767],[14.049,48.602],[14.368,48.576],[14.691,48.599],[14.822,48.774],[14.923,48.771],[14.972,48.984],[15.311,48.974],[15.701,48.86],[15.825,48.864],[16.057,48.755],[16.367,48.739],[16.478,48.8],[16.884,48.704],[16.953,48.599]]]},"properties":{"iso":"CZ","c":[49.806,15.518],"bb":[[48.58,12.28],[51.01,18.83]]}},{"type":"Feature","geometry":{"type":"Polygon","coordinates":[[[34.024,35.046],[33.908,35.202],[33.942,35.292],[34.463,35.594],[34.411,35.629],[34.063,35.474],[33.459,35.336],[32.942,35.39],[32.88,35.181],[32.652,35.183],[32.391,35.05],[32.317,34.953],[32.449,34.729],[32.693,34.649],[32.867,34.661],[32.942,34.576],[33.116,34.696],[33.297,34.718],[33.514,34.806],[33.699,34.97],[33.937,34.971],[34.024,35.046]]]},"properties":{"iso":"CY","c":[35.115,33.246],"bb":[[34.58,32.32],[35.63,34.46]]}},{"type":"Feature","geometry":{"type":"MultiPolygon","coordinates":[[[[16.516,46.5],[16.321,46.535],[16.227,46.373],[15.636,46.201],[15.666,46.048],[15.625,45.834],[15.277,45.733],[15.339,45.467],[15.11,45.451],[14.734,45.508],[14.534,45.645],[14.37,45.481],[14.086,45.478],[13.879,45.428],[13.578,45.517],[13.517,45.482],[13.629,45.108],[13.861,44.837],[13.966,44.836],[14.386,45.342],[14.55,45.298],[14.855,45.081],[14.907,44.971],[14.895,44.707],[15.27,44.383],[15.123,44.257],[15.499,43.909],[15.942,43.657],[15.986,43.52],[16.394,43.543],[16.903,43.392],[17.129,43.211],[17.585,42.938],[17.625,43.043],[17.293,43.306],[17.274,43.446],[17.085,43.517],[16.713,43.779],[16.591,43.913],[16.214,44.215],[16.13,44.474],[15.737,44.766],[15.788,45.179],[16.028,45.19],[16.293,45.009],[16.531,45.217],[16.791,45.197],[16.919,45.277],[17.125,45.172],[17.546,45.123],[17.69,45.158],[17.813,45.078],[17.996,45.142],[18.285,45.134],[18.663,45.077],[18.836,44.883],[19.007,44.869],[19.1,44.974],[19.063,45.137],[19.388,45.173],[19.33,45.268],[19.005,45.4],[19.055,45.527],[18.839,45.836],[18.905,45.932],[18.666,45.907],[18.437,45.767],[17.964,45.77],[17.706,45.827],[17.607,45.914],[17.311,45.996],[17.15,46.14],[16.94,46.254],[16.748,46.416],[16.516,46.5]]],[[[18.517,42.433],[18.436,42.56],[18.304,42.599],[17.841,42.845],[17.668,42.897],[18.517,42.433]]],[[[17.124,43.115],[16.697,43.175],[16.679,43.123],[17.124,43.115]]],[[[14.687,44.956],[14.81,44.977],[14.571,45.225],[14.438,45.099],[14.687,44.956]]],[[[14.48,44.621],[14.467,44.97],[14.303,44.94],[14.48,44.621]]]]},"properties":{"iso":"HR","c":[44.736,15.337],"bb":[[42.94,13.52],[46.53,19.39]]}},{"type":"Feature","geometry":{"type":"Polygon","coordinates":[[[81.01,30.165],[81.11,30.037],[81.255,30.093],[81.417,30.338],[81.642,30.388],[82.043,30.327],[82.159,30.115],[82.487,29.942],[82.854,29.683],[83.155,29.613],[83.355,29.439],[83.583,29.184],[83.936,29.279],[84.101,29.22],[84.229,28.912],[84.714,28.596],[84.855,28.554],[85.159,28.592],[85.089,28.372],[85.122,28.316],[85.411,28.276],[85.678,28.277],[85.84,28.135],[85.954,27.928],[86.064,27.935],[86.079,28.084],[86.409,27.929],[86.517,27.964],[86.554,28.085],[87.02,27.929],[87.141,27.838],[87.683,27.821],[88,27.885],[88,48.551],[88,48.63],[88,48.745],[87.743,48.882],[87.86,48.966],[87.814,49.162],[87.323,49.086],[86.886,49.091],[86.753,49.009],[86.718,48.697],[86.549,48.529],[86.266,48.455],[85.749,48.385],[85.626,48.204],[85.526,47.916],[85.587,47.494],[85.657,47.255],[85.485,47.064],[85.233,47.036],[84.786,46.831],[84.667,46.972],[84.339,46.996],[84.016,46.971],[83.634,47.043],[83.193,47.187],[83.029,47.186],[83.004,47.033],[82.692,46.387],[82.555,46.159],[82.327,45.52],[82.583,45.443],[82.621,45.293],[82.479,45.124],[82.267,45.219],[81.989,45.162],[81.602,45.311],[80.853,45.129],[80.635,45.127],[80.059,45.006],[79.872,44.884],[79.997,44.797],[80.255,44.808],[80.455,44.746],[80.336,44.438],[80.355,44.097],[80.496,43.892],[80.704,43.427],[80.668,43.31],[80.786,43.162],[80.39,43.043],[80.544,42.912],[80.25,42.797],[80.165,42.666],[80.259,42.235],[80.209,42.19],[80.216,42.032],[79.84,41.996],[79.766,41.899],[79.294,41.783],[78.743,41.56],[78.362,41.372],[78.346,41.281],[78.123,41.076],[77.815,41.056],[77.582,40.993],[76.987,41.039],[76.824,40.982],[76.64,40.742],[76.48,40.45],[76.258,40.431],[75.872,40.303],[75.656,40.329],[75.583,40.605],[75.521,40.628],[75.241,40.48],[75.004,40.45],[74.842,40.345],[74.68,40.311],[74.412,40.137],[73.992,40.043],[73.835,39.8],[73.915,39.606],[73.823,39.489],[73.632,39.449],[73.607,39.229],[73.796,39.002],[73.696,38.854],[73.802,38.607],[74.026,38.54],[74.131,38.661],[74.277,38.66],[74.745,38.51],[74.836,38.404],[74.772,38.275],[74.79,38.104],[74.938,37.773],[74.894,37.601],[75.119,37.386],[74.891,37.232],[74.727,37.291],[74.372,37.158],[74.541,37.022],[74.692,37.036],[74.889,36.952],[75.054,36.987],[75.347,36.913],[75.424,36.738],[75.667,36.742],[75.84,36.65],[75.974,36.382],[75.945,36.018],[76.071,35.983],[76.148,35.829],[76.252,35.811],[76.551,35.887],[76.563,35.773],[76.767,35.662],[77.09,35.552],[77.446,35.476],[77.799,35.496],[78.047,35.449],[78.012,35.251],[78.282,34.654],[78.327,34.606],[78.671,34.518],[78.936,34.352],[78.971,34.228],[78.753,34.088],[78.802,33.5],[79.113,33.226],[79.109,33.023],[79.202,32.946],[79.234,32.703],[79.219,32.501],[79.067,32.388],[78.919,32.358],[78.771,32.468],[78.701,32.597],[78.39,32.52],[78.496,32.216],[78.735,31.958],[78.693,31.74],[78.803,31.618],[78.727,31.472],[78.792,31.294],[79.107,31.403],[79.339,31.106],[79.565,30.949],[79.795,30.968],[80.081,30.782],[80.194,30.759],[80.191,30.568],[80.682,30.415],[80.985,30.237],[81.01,30.165]]]},"properties":{"iso":"CN"}},{"type":"Feature","geometry":{"type":"Polygon","coordinates":[[[26.321,41.717],[26.511,41.826],[26.615,41.965],[26.885,41.992],[27.012,42.059],[27.295,42.08],[27.535,41.921],[27.879,41.987],[28.014,41.969],[27.983,42.047],[27.708,42.35],[27.485,42.468],[27.754,42.707],[27.889,42.75],[27.929,43.186],[28.134,43.396],[28.465,43.389],[28.562,43.501],[28.585,43.742],[28.423,43.74],[28.05,43.822],[27.884,43.987],[27.425,44.021],[27.087,44.167],[26.489,44.084],[26.216,44.007],[25.933,43.871],[25.819,43.767],[25.497,43.671],[25.16,43.686],[24.431,43.794],[24.227,43.763],[23.535,43.854],[23.225,43.874],[22.919,43.834],[22.868,43.948],[23.029,44.078],[22.705,44.238],[22.597,44.075],[22.421,44.007],[22.365,43.862],[22.395,43.707],[22.555,43.454],[22.768,43.354],[22.977,43.188],[22.942,43.097],[22.706,42.884],[22.467,42.842],[22.436,42.629],[22.524,42.441],[22.344,42.314],[22.583,42.105],[22.837,41.994],[23.006,41.717],[22.916,41.336],[23.156,41.322],[23.24,41.385],[23.635,41.387],[24.056,41.527],[24.518,41.553],[24.596,41.443],[25.133,41.316],[25.251,41.244],[25.785,41.33],[25.923,41.312],[26.155,41.435],[26.066,41.673],[26.321,41.717]]]},"properties":{"iso":"BG","c":[42.728,25.136],"bb":[[41.24,22.34],[44.24,28.59]]}},{"type":"Feature","geometry":{"type":"Polygon","coordinates":[[[19.194,43.533],[19.451,43.562],[19.488,43.704],[19.257,43.943],[19.55,43.987],[19.584,44.043],[19.339,44.226],[19.152,44.303],[19.151,44.527],[19.292,44.697],[19.357,44.859],[19.237,44.914],[19.007,44.869],[18.836,44.883],[18.663,45.077],[18.285,45.134],[17.996,45.142],[17.813,45.078],[17.69,45.158],[17.546,45.123],[17.125,45.172],[16.919,45.277],[16.791,45.197],[16.531,45.217],[16.293,45.009],[16.028,45.19],[15.788,45.179],[15.737,44.766],[16.13,44.474],[16.214,44.215],[16.591,43.913],[16.713,43.779],[17.085,43.517],[17.274,43.446],[17.293,43.306],[17.625,43.043],[17.585,42.938],[17.668,42.897],[17.841,42.845],[18.304,42.599],[18.436,42.56],[18.543,42.674],[18.466,42.777],[18.444,42.968],[18.624,43.028],[18.674,43.231],[18.851,43.346],[19.037,43.357],[18.94,43.497],[19.194,43.533]]]},"properties":{"iso":"BA"}},{"type":"Feature","geometry":{"type":"Polygon","coordinates":[[[5.994,50.75],[5.694,50.775],[5.827,51.126],[5.509,51.275],[5.311,51.26],[5.1,51.346],[5.059,51.453],[4.848,51.403],[4.503,51.475],[4.226,51.386],[4.173,51.307],[3.902,51.208],[3.35,51.378],[2.96,51.265],[2.525,51.097],[2.597,50.876],[2.84,50.712],[3.107,50.779],[3.273,50.532],[3.627,50.457],[3.748,50.344],[4.044,50.321],[4.175,50.246],[4.176,49.96],[4.369,49.945],[4.656,50.002],[4.868,49.788],[5.279,49.678],[5.507,49.511],[5.79,49.538],[5.88,49.645],[5.725,49.808],[5.744,49.92],[5.976,50.167],[6.117,50.121],[6.175,50.233],[6.364,50.316],[6.236,50.597],[5.994,50.75]]]},"properties":{"iso":"BE","c":[50.495,4.866],"bb":[[49.51,2.52],[51.48,6.36]]}},{"type":"Feature","geometry":{"type":"Polygon","coordinates":[[[23.605,51.518],[23.707,51.641],[23.951,51.585],[24.127,51.665],[24.362,51.868],[25.267,51.938],[25.925,51.914],[26.453,51.813],[27.142,51.752],[27.27,51.614],[27.859,51.592],[28.184,51.608],[28.599,51.543],[28.648,51.457],[29.136,51.617],[29.346,51.383],[29.553,51.435],[30.161,51.478],[30.333,51.326],[30.545,51.265],[30.633,51.355],[30.533,51.596],[30.667,51.814],[30.981,52.046],[31.346,52.105],[31.763,52.101],[31.577,52.312],[31.535,52.798],[31.259,53.017],[31.418,53.196],[31.668,53.201],[31.85,53.106],[32.142,53.091],[32.704,53.336],[32.686,53.448],[32.47,53.547],[32.45,53.693],[32.2,53.781],[31.754,53.81],[31.792,54.056],[31.404,54.196],[31.185,54.453],[31.075,54.492],[31.121,54.648],[30.799,54.783],[30.83,54.915],[30.978,55.05],[30.814,55.279],[30.907,55.57],[30.626,55.666],[30.456,55.787],[30.234,55.845],[29.937,55.845],[29.482,55.685],[29.353,55.784],[29.375,55.939],[29.087,56.021],[28.795,55.943],[28.564,56.092],[28.284,56.056],[28.148,56.143],[27.896,56.076],[27.642,55.912],[27.577,55.799],[27.053,55.831],[26.822,55.709],[26.594,55.668],[26.458,55.342],[26.776,55.273],[26.601,55.13],[26.292,55.14],[26.175,55.003],[25.859,54.919],[25.722,54.718],[25.725,54.564],[25.547,54.332],[25.703,54.293],[25.749,54.157],[25.573,54.14],[25.461,54.293],[25.046,54.133],[24.826,54.119],[24.768,53.975],[24.318,53.893],[24.191,53.95],[23.734,53.912],[23.485,53.94],[23.599,53.599],[23.789,53.271],[23.887,53.028],[23.915,52.77],[23.845,52.664],[23.48,52.552],[23.204,52.338],[23.197,52.257],[23.458,52.17],[23.652,52.04],[23.626,51.809],[23.545,51.71],[23.605,51.518]]]},"properties":{"iso":"BY"}},{"type":"Feature","geometry":{"type":"Polygon","coordinates":[[[50.575,25.807],[50.61,26.124],[50.452,26.191],[50.466,25.966],[50.575,25.807]]]},"properties":{"iso":"BH"}},{"type":"Feature","geometry":{"type":"MultiPolygon","coordinates":[[[[46.491,38.907],[46.555,38.904],[46.853,39.148],[46.989,39.18],[47.188,39.341],[47.773,39.649],[47.996,39.684],[48.322,39.399],[48.136,39.312],[48.125,39.172],[48.274,39.099],[48.242,38.979],[48.05,38.935],[48.023,38.819],[48.417,38.586],[48.593,38.411],[48.869,38.435],[48.851,38.815],[49.013,39.134],[49.2,39.073],[49.269,39.285],[49.363,39.35],[49.324,39.608],[49.477,40.087],[49.551,40.194],[49.919,40.316],[50.143,40.323],[50.307,40.412],[49.991,40.577],[49.776,40.584],[49.556,40.716],[49.226,41.026],[49.107,41.302],[48.824,41.63],[48.573,41.844],[48.391,41.602],[48.056,41.459],[47.861,41.213],[47.521,41.229],[47.261,41.315],[47.205,41.456],[46.749,41.813],[46.552,41.812],[46.43,41.891],[46.182,41.657],[46.305,41.508],[46.619,41.344],[46.626,41.16],[46.458,41.07],[46.171,41.198],[46.031,41.167],[45.793,41.224],[45.716,41.338],[45.281,41.45],[45.001,41.291],[45.19,41.126],[45.588,40.847],[45.376,40.638],[45.57,40.417],[45.965,40.234],[45.79,39.881],[46.202,39.594],[46.481,39.555],[46.378,39.382],[46.55,39.201],[46.491,38.907]]],[[[44.768,39.704],[44.817,39.65],[45.141,39.254],[45.48,39.006],[46.114,38.878],[45.952,39.178],[45.977,39.244],[45.766,39.378],[45.75,39.563],[45.457,39.494],[45.149,39.657],[45.032,39.765],[44.768,39.704]]]]},"properties":{"iso":"AZ","c":[40.141,47.716],"bb":[[38.41,45.0],[41.89,50.31]]}},{"type":"Feature","geometry":{"type":"Polygon","coordinates":[[[9.524,47.524],[9.626,47.467],[9.528,47.271],[9.58,47.057],[9.845,47.007],[9.997,46.885],[10.18,46.862],[10.349,46.985],[10.453,46.865],[10.76,46.793],[11.025,46.797],[11.244,46.976],[11.776,46.986],[12.169,47.082],[12.154,46.935],[12.388,46.703],[12.479,46.673],[13.169,46.573],[13.7,46.52],[14.504,46.417],[14.757,46.499],[15.001,46.626],[15.439,46.63],[15.767,46.711],[15.958,46.678],[16.093,46.863],[16.253,46.972],[16.453,47.007],[16.434,47.367],[16.623,47.448],[16.64,47.609],[16.748,47.686],[17.067,47.708],[17.03,47.837],[17.147,48.006],[16.973,48.198],[16.865,48.387],[16.953,48.599],[16.884,48.704],[16.478,48.8],[16.367,48.739],[16.057,48.755],[15.825,48.864],[15.701,48.86],[15.311,48.974],[14.972,48.984],[14.923,48.771],[14.822,48.774],[14.691,48.599],[14.368,48.576],[14.049,48.602],[13.815,48.767],[13.785,48.587],[13.675,48.523],[13.487,48.582],[13.409,48.394],[12.814,48.161],[12.76,48.076],[12.954,47.891],[12.898,47.722],[13.034,47.699],[13.014,47.478],[12.783,47.564],[12.686,47.669],[12.483,47.637],[12.197,47.709],[12.186,47.62],[11.717,47.583],[11.298,47.425],[10.981,47.398],[10.873,47.52],[10.43,47.541],[10.313,47.313],[10.096,47.38],[10.034,47.474],[9.749,47.576],[9.524,47.524]]]},"properties":{"iso":"AT","c":[47.703,15.005],"bb":[[46.42,9.52],[48.98,17.15]]}},{"type":"Feature","geometry":{"type":"Polygon","coordinates":[[[43.439,41.107],[43.632,40.929],[43.723,40.72],[43.569,40.482],[43.71,40.167],[43.792,40.07],[44.005,40.014],[44.289,40.04],[44.56,39.888],[44.768,39.704],[45.032,39.765],[45.149,39.657],[45.457,39.494],[45.75,39.563],[45.766,39.378],[45.977,39.244],[45.952,39.178],[46.114,38.878],[46.491,38.907],[46.55,39.201],[46.378,39.382],[46.481,39.555],[46.202,39.594],[45.79,39.881],[45.965,40.234],[45.57,40.417],[45.376,40.638],[45.588,40.847],[45.19,41.126],[45.001,41.291],[44.841,41.211],[44.473,41.191],[44.227,41.213],[43.793,41.131],[43.439,41.107]]]},"properties":{"iso":"AM","c":[40.118,44.829],"bb":[[38.88,43.44],[41.29,46.55]]}},{"type":"Feature","geometry":{"type":"Polygon","coordinates":[[[1.428,42.596],[1.486,42.434],[1.706,42.503],[1.71,42.604],[1.428,42.596]]]},"properties":{"iso":"AD"}},{"type":"Feature","geometry":{"type":"Polygon","coordinates":[[[9.519,30.229],[9.363,30.833],[9.044,32.072],[8.333,32.544],[8.211,32.927],[8.076,33.089],[7.763,33.233],[7.5,33.832],[7.514,34.081],[7.749,34.254],[7.838,34.41],[8.123,34.564],[8.246,34.734],[8.277,34.979],[8.394,35.204],[8.316,35.403],[8.318,35.655],[8.246,35.871],[8.349,36.368],[8.231,36.545],[8.37,36.633],[8.444,36.761],[8.601,36.834],[8.577,36.937],[8.127,36.91],[7.91,36.856],[7.608,37],[7.204,37.092],[7.238,36.969],[6.928,36.919],[6.576,37.003],[6.487,37.086],[6.328,37.046],[6.249,36.938],[6.065,36.864],[5.725,36.8],[5.425,36.675],[5.196,36.677],[4.995,36.808],[4.758,36.896],[3.779,36.896],[3.521,36.795],[2.973,36.784],[2.593,36.601],[2.343,36.61],[1.975,36.568],[1.257,36.52],[0.972,36.444],[0.515,36.262],[0.152,36.063],[0.048,35.901],[-0.189,35.819],[-0.426,35.862],[-0.917,35.668],[-1.205,35.496],[-1.336,35.364],[-1.674,35.183],[-1.913,35.094],[-2.22,35.104],[-2.132,34.971],[-1.796,34.752],[-1.85,34.607],[-1.733,34.467],[-1.792,34.368],[-1.707,34.176],[-1.703,33.717],[-1.631,33.567],[-1.679,33.319],[-1.551,33.074],[-1.51,32.878],[-1.352,32.703],[-1.111,32.552],[-1.066,32.468],[-1.24,32.338],[-1.275,32.089],[-2.448,32.13],[-2.931,32.043],[-3.017,31.834],[-3.44,31.705],[-3.827,31.662],[-3.789,31.362],[-3.833,31.198],[-3.673,31.111],[-3.702,30.944],[-3.985,30.914],[-4.323,30.699],[-4.779,30.552],[-4.968,30.465],[-5.18,30.166],[-5.449,29.957],[-5.775,29.869],[-6.215,29.811],[-6.501,29.809],[-6.521,29.66],[-6.635,29.569],[-7.095,29.625],[-7.235,29.575],[-7.486,29.392],[-7.685,29.35],[-7.999,29.132],[-8.265,28.981],[-8.66,28.719],[-8.683,28.621],[-8.683,27.656],[-8.683,27.286],[-7.367,26.512],[-6.239,25.848],[-5.517,25.424],[-4.83,25],[10.046,25],[10.001,25.332],[9.448,26.067],[9.438,26.246],[9.491,26.334],[9.859,26.552],[9.894,26.848],[9.837,26.916],[9.748,27.331],[9.916,27.786],[9.858,28.043],[9.816,28.56],[9.843,28.967],[9.821,29.115],[9.673,29.567],[9.546,29.796],[9.31,30.115],[9.519,30.229]]]},"properties":{"iso":"DZ"}},{"type":"Feature","geometry":{"type":"Polygon","coordinates":[[[20.064,42.547],[19.788,42.476],[19.654,42.629],[19.281,42.173],[19.361,42.069],[19.342,41.869],[19.578,41.788],[19.576,41.64],[19.441,41.425],[19.48,41.236],[19.461,40.933],[19.345,40.622],[19.439,40.47],[19.398,40.285],[19.485,40.21],[19.852,40.044],[19.965,39.872],[20.001,39.709],[20.207,39.654],[20.382,39.842],[20.311,39.979],[20.657,40.117],[20.806,40.445],[20.95,40.494],[21.031,40.659],[20.964,40.85],[20.741,40.905],[20.489,41.273],[20.449,41.521],[20.566,41.874],[20.575,42.013],[20.485,42.223],[20.241,42.339],[20.064,42.547]]]},"properties":{"iso":"AL","c":[41.084,20.044],"bb":[[39.65,19.28],[42.63,21.03]]}},{"type":"Feature","geometry":{"type":"Polygon","coordinates":[[[67.759,37.172],[67.517,37.267],[67.32,37.21],[67.069,37.335],[66.828,37.371],[66.522,37.348],[66.108,37.415],[65.765,37.569],[65.641,37.468],[65.555,37.251],[65.09,37.238],[64.816,37.132],[64.511,36.341],[64.358,36.226],[64.092,36.113],[64.01,36.012],[63.863,36.012],[63.109,35.819],[63.17,35.678],[63.057,35.446],[62.611,35.233],[62.253,35.25],[61.984,35.444],[61.72,35.419],[61.543,35.458],[61.345,35.629],[61.262,35.62],[61.279,35.514],[61.189,35.312],[61.1,35.272],[61.15,35.094],[61.08,34.856],[60.951,34.654],[60.726,34.518],[60.889,34.319],[60.643,34.307],[60.486,34.095],[60.527,33.842],[60.511,33.639],[60.655,33.56],[60.917,33.505],[60.561,33.138],[60.577,32.995],[60.829,32.249],[60.79,31.987],[60.792,31.661],[60.854,31.483],[61.66,31.382],[61.755,31.285],[61.814,31.073],[61.784,30.832],[60.843,29.859],[62.373,29.425],[62.477,29.408],[63.568,29.498],[64.099,29.392],[64.266,29.507],[64.521,29.565],[65.096,29.559],[66.177,29.836],[66.313,29.969],[66.247,30.044],[66.305,30.321],[66.287,30.608],[66.397,30.912],[66.567,30.997],[66.731,31.195],[66.924,31.306],[67.287,31.218],[67.453,31.235],[67.738,31.344],[67.578,31.506],[68.017,31.678],[68.214,31.807],[68.443,31.754],[68.598,31.803],[68.782,31.646],[68.869,31.634],[69.083,31.738],[69.279,31.937],[69.241,32.434],[69.405,32.683],[69.502,33.02],[69.704,33.095],[69.92,33.113],[70.261,33.289],[70.284,33.369],[70.057,33.72],[69.868,33.898],[69.995,34.052],[70.416,33.95],[70.848,33.982],[71.052,34.05],[71.096,34.369],[70.966,34.53],[71.294,34.868],[71.455,34.967],[71.621,35.183],[71.546,35.289],[71.601,35.408],[71.428,35.834],[71.185,36.042],[71.233,36.122],[71.621,36.436],[71.822,36.486],[72.157,36.701],[72.623,36.83],[73.117,36.869],[73.769,36.888],[74.002,36.823],[74.541,37.022],[74.372,37.158],[74.727,37.291],[74.891,37.232],[74.659,37.394],[74.26,37.415],[74.167,37.329],[73.75,37.232],[73.721,37.419],[73.481,37.472],[73.211,37.408],[72.896,37.268],[72.757,37.173],[72.657,37.029],[72.359,36.983],[72.154,36.901],[71.802,36.694],[71.597,36.733],[71.433,37.128],[71.505,37.603],[71.58,37.864],[71.552,37.933],[71.279,37.918],[71.333,38.17],[71.256,38.307],[71.052,38.418],[70.879,38.456],[70.616,38.334],[70.418,38.075],[70.215,37.924],[70.251,37.664],[70.045,37.547],[69.941,37.6],[69.626,37.594],[69.492,37.553],[69.399,37.399],[69.414,37.208],[69.265,37.108],[68.96,37.325],[68.669,37.258],[68.387,37.138],[68.068,36.95],[67.958,36.972],[67.759,37.172]]]},"properties":{"iso":"AF"}},{"type":"Feature","geometry":{"type":"Polygon","coordinates":[[[76.767,35.662],[77.049,35.11],[77.799,35.496],[77.446,35.476],[77.09,35.552],[76.767,35.662]]]},"properties":{"iso":"-99"}}]}