{"type":"FeatureCollection","features":[{"type":"Feature","properties":{"iso":"AD"},"geometry":{"type":"Polygon","coordinates":[[[1.428,42.596],[1.71,42.604],[1.706,42.503],[1.486,42.434],[1.428,42.596]]]}},{"type":"Feature","properties":{"iso":"AE","c":[23.51,53.746],"bb":[[22.62,51.57],[25.0,56.39]]},"geometry":{"type":"MultiPolygon","coordinates":[[[[56.064,24.739],[55.796,24.868],[55.761,24.243],[55.2,23.035],[55.186,22.704],[55.104,22.621],[52.555,22.933],[51.593,24.079],[51.568,24.286],[51.906,23.985],[52.648,24.155],[53.893,24.077],[54.397,24.278],[54.747,24.81],[55.035,25.0],[56.388,24.979],[56.064,24.739]]],[[[56.167,26.047],[56.145,25.691],[56.298,25.651],[56.363,25.569],[56.38,25.0],[55.035,25.0],[55.304,25.237],[55.523,25.498],[55.941,25.794],[56.08,26.063],[56.167,26.047]]]]}},{"type":"Feature","properties":{"iso":"AF"},"geometry":{"type":"Polygon","coordinates":[[[67.759,37.172],[67.958,36.972],[68.068,36.95],[68.387,37.138],[68.669,37.258],[68.96,37.325],[69.265,37.108],[69.414,37.208],[69.399,37.399],[69.492,37.553],[69.626,37.594],[69.941,37.6],[70.045,37.547],[70.251,37.664],[70.215,37.924],[70.418,38.075],[70.616,38.334],[70.879,38.456],[71.052,38.418],[71.256,38.307],[71.333,38.17],[71.279,37.918],[71.552,37.933],[71.58,37.864],[71.505,37.603],[71.433,37.128],[71.597,36.733],[71.802,36.694],[72.154,36.901],[72.359,36.983],[72.657,37.029],[72.757,37.173],[72.896,37.268],[73.211,37.408],[73.481,37.472],[73.721,37.419],[73.75,37.232],[74.167,37.329],[74.26,37.415],[74.659,37.394],[74.891,37.232],[74.727,37.291],[74.372,37.158],[74.541,37.022],[74.002,36.823],[73.769,36.888],[73.117,36.869],[72.623,36.83],[72.157,36.701],[71.822,36.486],[71.621,36.436],[71.233,36.122],[71.185,36.042],[71.428,35.834],[71.601,35.408],[71.546,35.289],[71.621,35.183],[71.455,34.967],[71.294,34.868],[70.966,34.53],[71.096,34.369],[71.052,34.05],[70.848,33.982],[70.416,33.95],[69.995,34.052],[69.868,33.898],[70.057,33.72],[70.284,33.369],[70.261,33.289],[69.92,33.113],[69.704,33.095],[69.502,33.02],[69.405,32.683],[69.241,32.434],[69.279,31.937],[69.083,31.738],[68.869,31.634],[68.782,31.646],[68.598,31.803],[68.443,31.754],[68.214,31.807],[68.017,31.678],[67.578,31.506],[67.738,31.344],[67.453,31.235],[67.287,31.218],[66.924,31.306],[66.731,31.195],[66.567,30.997],[66.397,30.912],[66.287,30.608],[66.305,30.321],[66.247,30.044],[66.313,29.969],[66.177,29.836],[65.096,29.559],[64.521,29.565],[64.266,29.507],[64.099,29.392],[63.568,29.498],[62.477,29.408],[62.373,29.425],[60.843,29.859],[61.784,30.832],[61.814,31.073],[61.755,31.285],[61.66,31.382],[60.854,31.483],[60.792,31.661],[60.79,31.987],[60.829,32.249],[60.577,32.995],[60.561,33.138],[60.917,33.505],[60.655,33.56],[60.511,33.639],[60.527,33.842],[60.486,34.095],[60.643,34.307],[60.889,34.319],[60.726,34.518],[60.951,34.654],[61.08,34.856],[61.15,35.094],[61.1,35.272],[61.189,35.312],[61.279,35.514],[61.262,35.62],[61.345,35.629],[61.543,35.458],[61.72,35.419],[61.984,35.444],[62.253,35.25],[62.611,35.233],[63.057,35.446],[63.17,35.678],[63.109,35.819],[63.863,36.012],[64.01,36.012],[64.092,36.113],[64.358,36.226],[64.511,36.341],[64.816,37.132],[65.09,37.238],[65.555,37.251],[65.641,37.468],[65.765,37.569],[66.108,37.415],[66.522,37.348],[66.828,37.371],[67.069,37.335],[67.32,37.21],[67.517,37.267],[67.759,37.172]]]}},{"type":"Feature","properties":{"iso":"AL","c":[41.084,20.044],"bb":[[39.65,19.28],[42.63,21.03]]},"geometry":{"type":"Polygon","coordinates":[[[20.064,42.547],[20.241,42.339],[20.485,42.223],[20.575,42.013],[20.566,41.874],[20.449,41.521],[20.489,41.273],[20.741,40.905],[20.964,40.85],[21.031,40.659],[20.95,40.494],[20.806,40.445],[20.657,40.117],[20.311,39.979],[20.382,39.842],[20.207,39.654],[20.001,39.709],[19.965,39.872],[19.852,40.044],[19.485,40.21],[19.398,40.285],[19.439,40.47],[19.345,40.622],[19.461,40.933],[19.48,41.236],[19.441,41.425],[19.576,41.64],[19.578,41.788],[19.342,41.869],[19.361,42.069],[19.281,42.173],[19.654,42.629],[19.788,42.476],[20.064,42.547]]]}},{"type":"Feature","properties":{"iso":"AM","c":[40.118,44.829],"bb":[[38.88,43.44],[41.29,46.55]]},"geometry":{"type":"Polygon","coordinates":[[[43.439,41.107],[43.793,41.131],[44.227,41.213],[44.473,41.191],[44.841,41.211],[45.001,41.291],[45.19,41.126],[45.588,40.847],[45.376,40.638],[45.57,40.417],[45.965,40.234],[45.79,39.881],[46.202,39.594],[46.481,39.555],[46.378,39.382],[46.55,39.201],[46.491,38.907],[46.114,38.878],[45.952,39.178],[45.977,39.244],[45.766,39.378],[45.75,39.563],[45.457,39.494],[45.149,39.657],[45.032,39.765],[44.768,39.704],[44.56,39.888],[44.289,40.04],[44.005,40.014],[43.792,40.07],[43.71,40.167],[43.569,40.482],[43.723,40.72],[43.632,40.929],[43.439,41.107]]]}},{"type":"Feature","properties":{"iso":"AO"},"geometry":{"type":"MultiPolygon","coordinates":[[[[23.381,-17.641],[21.417,-18.001],[20.625,-17.997],[20.393,-17.887],[19.076,-17.818],[18.718,-17.703],[18.396,-17.399],[16.531,-17.391],[13.938,-17.389],[13.404,-17.008],[13.101,-16.968],[12.548,-17.213],[11.743,-17.249],[11.819,-16.704],[11.751,-15.832],[11.968,-15.634],[12.28,-14.637],[12.55,-13.438],[12.983,-12.776],[13.417,-12.52],[13.785,-11.813],[13.847,-11.054],[13.209,-9.703],[12.999,-9.048],[13.359,-8.687],[13.379,-8.37],[12.862,-7.232],[12.823,-6.955],[12.521,-6.59],[12.303,-6.093],[13.068,-5.865],[14.399,-5.893],[16.315,-5.866],[16.718,-6.241],[16.743,-6.618],[16.985,-7.257],[17.536,-8.076],[18.653,-7.936],[19.341,-7.967],[19.528,-7.144],[19.875,-6.986],[20.482,-6.916],[20.608,-7.278],[21.751,-7.305],[21.905,-8.693],[21.813,-9.469],[22.198,-10.041],[22.302,-10.397],[22.279,-11.194],[22.561,-11.056],[23.834,-11.014],[23.967,-10.872],[23.991,-12.422],[23.843,-13.001],[21.979,-13.001],[21.98,-15.956],[22.151,-16.597],[23.381,-17.641]]],[[[12.214,-5.759],[12.018,-5.004],[12.385,-4.619],[12.881,-4.445],[13.073,-4.635],[12.83,-4.737],[12.522,-5.149],[12.504,-5.696],[12.214,-5.759]]]]}},{"type":"Feature","properties":{"iso":"AR","c":[-37.298,-64.08],"bb":[[-52.36,-73.58],[-21.84,-53.67]]},"geometry":{"type":"MultiPolygon","coordinates":[[[[-58.201,-32.472],[-58.171,-32.959],[-58.424,-33.112],[-58.547,-33.663],[-58.283,-34.683],[-57.304,-35.188],[-57.159,-35.506],[-57.354,-35.72],[-57.265,-36.144],[-56.698,-36.426],[-56.672,-36.851],[-57.396,-37.745],[-57.547,-38.086],[-58.179,-38.436],[-59.828,-38.838],[-61.112,-38.993],[-62.067,-38.919],[-62.338,-39.151],[-62.054,-39.374],[-62.287,-39.895],[-62.395,-40.891],[-62.959,-41.11],[-63.773,-41.15],[-64.853,-40.814],[-65.133,-40.881],[-65.059,-41.97],[-64.42,-42.434],[-63.596,-42.407],[-63.692,-42.805],[-64.131,-42.861],[-64.65,-42.531],[-65.027,-42.759],[-64.432,-43.059],[-64.986,-43.294],[-65.284,-43.63],[-65.361,-44.477],[-65.648,-44.661],[-65.639,-45.008],[-66.19,-44.965],[-66.941,-45.257],[-67.557,-45.97],[-67.563,-46.345],[-66.777,-47.006],[-65.999,-47.094],[-65.738,-47.345],[-65.81,-47.941],[-66.393,-48.342],[-67.033,-48.628],[-67.685,-49.247],[-67.783,-49.859],[-68.939,-50.382],[-69.235,-50.951],[-69.033,-51.636],[-68.443,-52.357],[-69.96,-52.008],[-71.919,-51.99],[-72.408,-51.541],[-72.276,-50.91],[-72.51,-50.608],[-73.153,-50.738],[-73.501,-50.125],[-73.576,-49.583],[-72.614,-48.793],[-72.355,-48.366],[-72.518,-47.876],[-72.346,-47.493],[-71.905,-47.202],[-71.94,-46.831],[-71.695,-46.578],[-71.876,-46.161],[-71.773,-45.724],[-71.354,-45.23],[-71.596,-44.979],[-71.261,-44.763],[-71.213,-44.441],[-71.82,-44.383],[-71.68,-43.93],[-71.905,-43.44],[-71.781,-43.167],[-72.146,-42.99],[-72.125,-42.298],[-71.761,-42.101],[-71.911,-41.65],[-71.932,-40.692],[-71.695,-40.335],[-71.72,-39.635],[-71.539,-39.602],[-71.426,-38.986],[-70.952,-38.738],[-71.028,-38.041],[-71.168,-37.762],[-71.056,-36.524],[-70.405,-36.062],[-70.47,-35.326],[-70.29,-34.733],[-69.852,-34.224],[-69.798,-33.399],[-70.02,-33.271],[-70.17,-32.472],[-70.585,-31.569],[-70.52,-31.148],[-70.161,-30.44],[-69.956,-30.358],[-69.928,-29.769],[-70.027,-29.324],[-69.828,-29.103],[-69.657,-28.414],[-69.174,-27.925],[-68.846,-27.154],[-68.346,-27.028],[-68.581,-26.518],[-68.415,-26.154],[-68.6,-25.486],[-68.384,-25.092],[-68.562,-24.838],[-68.25,-24.392],[-67.356,-24.034],[-67.009,-23.001],[-67.195,-22.822],[-66.712,-22.216],[-66.365,-22.114],[-66.099,-21.835],[-65.771,-22.1],[-65.058,-22.103],[-64.606,-22.229],[-64.374,-22.761],[-63.976,-22.073],[-63.819,-22.005],[-62.843,-21.997],[-62.651,-22.234],[-62.373,-22.439],[-61.799,-23.182],[-60.84,-23.858],[-59.892,-24.094],[-59.373,-24.454],[-58.365,-24.959],[-57.822,-25.136],[-57.587,-25.405],[-57.891,-26.007],[-58.203,-26.381],[-58.191,-26.63],[-58.642,-27.196],[-56.437,-27.554],[-56.164,-27.321],[-55.79,-27.416],[-55.427,-27.009],[-54.825,-26.652],[-54.678,-26.309],[-54.616,-25.576],[-54.155,-25.523],[-53.891,-25.669],[-53.671,-26.225],[-53.838,-27.121],[-54.327,-27.424],[-54.829,-27.551],[-55.102,-27.867],[-55.725,-28.204],[-56.939,-29.595],[-57.609,-30.188],[-57.873,-30.591],[-57.811,-30.859],[-58.189,-31.924],[-58.201,-32.472]]],[[[-68.63,-52.653],[-68.278,-52.984],[-68.008,-53.564],[-67.294,-54.05],[-65.346,-54.878],[-66.511,-55.032],[-66.93,-54.925],[-68.653,-54.854],[-68.63,-52.653]]]]}},{"type":"Feature","properties":{"iso":"AT","c":[47.703,15.005],"bb":[[46.42,9.52],[48.98,17.15]]},"geometry":{"type":"Polygon","coordinates":[[[9.524,47.524],[9.749,47.576],[10.034,47.474],[10.096,47.38],[10.313,47.313],[10.43,47.541],[10.873,47.52],[10.981,47.398],[11.298,47.425],[11.717,47.583],[12.186,47.62],[12.197,47.709],[12.483,47.637],[12.686,47.669],[12.783,47.564],[13.014,47.478],[13.034,47.699],[12.898,47.722],[12.954,47.891],[12.76,48.076],[12.814,48.161],[13.409,48.394],[13.487,48.582],[13.675,48.523],[13.785,48.587],[13.815,48.767],[14.049,48.602],[14.368,48.576],[14.691,48.599],[14.822,48.774],[14.923,48.771],[14.972,48.984],[15.311,48.974],[15.701,48.86],[15.825,48.864],[16.057,48.755],[16.367,48.739],[16.478,48.8],[16.884,48.704],[16.953,48.599],[16.865,48.387],[16.973,48.198],[17.147,48.006],[17.03,47.837],[17.067,47.708],[16.748,47.686],[16.64,47.609],[16.623,47.448],[16.434,47.367],[16.453,47.007],[16.253,46.972],[16.093,46.863],[15.958,46.678],[15.767,46.711],[15.439,46.63],[15.001,46.626],[14.757,46.499],[14.504,46.417],[13.7,46.52],[13.169,46.573],[12.479,46.673],[12.388,46.703],[12.154,46.935],[12.169,47.082],[11.776,46.986],[11.244,46.976],[11.025,46.797],[10.76,46.793],[10.453,46.865],[10.349,46.985],[10.18,46.862],[9.997,46.885],[9.845,47.007],[9.58,47.057],[9.528,47.271],[9.626,47.467],[9.524,47.524]]]}},{"type":"Feature","properties":{"iso":"AU","c":[-24.889,133.075],"bb":[[-38.9,113.42],[-10.71,153.6]]},"geometry":{"type":"MultiPolygon","coordinates":[[[[143.512,-13.095],[143.548,-13.741],[143.756,-14.349],[143.962,-14.463],[144.473,-14.232],[144.648,-14.492],[145.288,-14.943],[145.272,-15.477],[145.458,-16.056],[145.426,-16.406],[145.902,-17.07],[146.126,-17.635],[146.032,-18.273],[146.333,-18.554],[146.481,-19.079],[147.139,-19.393],[147.419,-19.378],[147.916,-19.869],[148.759,-20.29],[148.684,-20.58],[149.205,-21.125],[149.704,-22.441],[150.076,-22.164],[150.541,-22.559],[150.764,-22.576],[150.843,-23.458],[151.501,-24.012],[151.903,-24.201],[152.13,-24.598],[152.456,-24.802],[152.913,-25.432],[153.165,-25.964],[153.084,-26.304],[153.117,-27.194],[153.576,-28.241],[153.605,-28.854],[153.348,-29.29],[153.272,-29.892],[153.031,-30.563],[152.944,-31.435],[152.559,-32.046],[152.47,-32.439],[151.813,-32.901],[151.484,-33.347],[151.232,-34.03],[150.96,-34.297],[150.69,-35.178],[150.195,-35.834],[149.96,-36.846],[149.933,-37.529],[149.298,-37.802],[148.263,-37.831],[147.396,-38.219],[146.857,-38.663],[145.935,-38.902],[145.791,-38.667],[144.665,-38.21],[143.539,-38.821],[142.612,-38.452],[141.725,-38.271],[141.424,-38.363],[141.011,-38.077],[140.627,-38.028],[139.784,-37.246],[139.857,-36.662],[139.549,-36.097],[139.038,-35.689],[138.184,-35.613],[138.511,-35.024],[138.49,-34.764],[138.089,-34.17],[137.692,-35.143],[136.884,-35.24],[137.014,-34.916],[137.391,-34.913],[137.494,-34.161],[137.932,-33.579],[137.852,-33.201],[137.442,-33.194],[137.237,-33.629],[136.431,-34.03],[135.648,-34.94],[135.185,-33.907],[134.791,-33.328],[134.301,-33.165],[134.1,-32.749],[134.234,-32.549],[133.551,-32.183],[133.212,-32.184],[132.757,-31.956],[132.215,-32.007],[131.721,-31.696],[131.144,-31.496],[130.783,-31.604],[130.13,-31.579],[128.946,-31.703],[128.068,-32.067],[127.32,-32.264],[125.917,-32.297],[124.759,-32.883],[124.126,-33.129],[123.65,-33.836],[123.208,-33.988],[122.778,-33.891],[121.405,-33.827],[119.854,-33.975],[119.451,-34.368],[118.895,-34.48],[118.136,-34.987],[117.582,-35.098],[116.517,-34.988],[115.987,-34.795],[115.726,-34.526],[115.009,-34.256],[115.182,-33.643],[115.515,-33.531],[115.683,-33.193],[115.698,-31.695],[115.177,-30.808],[114.995,-30.216],[114.959,-29.434],[114.537,-28.543],[114.165,-28.081],[114.028,-27.347],[113.582,-26.558],[113.853,-26.332],[113.589,-26.099],[113.539,-25.625],[114.216,-26.289],[114.214,-25.852],[113.671,-24.977],[113.418,-24.436],[113.553,-23.733],[113.757,-23.418],[113.683,-22.638],[113.958,-21.939],[114.164,-22.323],[114.378,-22.342],[114.859,-21.736],[115.456,-21.492],[116.011,-21.03],[116.707,-20.654],[117.406,-20.721],[118.199,-20.375],[118.751,-20.262],[119.104,-19.995],[119.586,-20.038],[120.196,-19.909],[120.878,-19.665],[121.494,-19.106],[121.834,-18.477],[122.237,-17.969],[122.16,-17.314],[122.72,-16.788],[122.971,-16.437],[123.525,-17.486],[123.778,-16.868],[123.49,-16.491],[124.577,-16.114],[124.382,-15.758],[124.839,-15.161],[125.243,-14.945],[125.179,-14.715],[125.681,-14.388],[126.021,-14.495],[126.111,-14.114],[126.57,-14.161],[126.903,-13.744],[127.673,-14.195],[128.199,-14.752],[129.459,-14.933],[129.754,-14.79],[129.379,-14.392],[129.71,-13.98],[129.839,-13.573],[130.26,-13.302],[130.168,-12.957],[130.672,-12.407],[131.438,-12.277],[132.372,-12.239],[132.584,-12.11],[132.683,-11.506],[133.025,-11.453],[133.185,-11.706],[133.904,-11.832],[134.237,-12.008],[134.73,-11.984],[135.218,-12.222],[135.788,-11.907],[136.082,-12.422],[136.54,-11.958],[136.947,-12.35],[136.537,-12.784],[136.594,-13.004],[135.927,-13.304],[135.99,-13.81],[135.883,-14.153],[135.405,-14.758],[135.531,-15.0],[136.205,-15.403],[136.785,-15.894],[137.002,-15.878],[137.704,-16.233],[138.245,-16.718],[139.01,-16.899],[139.248,-17.329],[140.036,-17.703],[140.511,-17.625],[140.83,-17.414],[141.219,-16.646],[141.412,-16.07],[141.452,-15.605],[141.625,-15.057],[141.523,-14.47],[141.594,-14.153],[141.473,-13.798],[141.645,-13.259],[141.678,-12.491],[141.952,-11.896],[142.168,-10.947],[142.456,-10.707],[142.837,-11.307],[142.873,-11.821],[143.179,-11.954],[143.11,-12.304],[143.402,-12.64],[143.512,-13.095]]],[[[145.821,-41.025],[146.317,-41.163],[146.99,-40.992],[147.455,-41.002],[147.969,-40.78],[148.293,-40.947],[148.301,-42.04],[147.924,-42.572],[147.981,-43.157],[147.408,-42.894],[146.874,-43.612],[146.043,-43.547],[145.268,-42.544],[145.238,-42.02],[144.778,-41.419],[144.646,-40.981],[144.819,-40.722],[145.283,-40.77],[145.821,-41.025]]]]}},{"type":"Feature","properties":{"iso":"AX"},"geometry":{"type":"Polygon","coordinates":[[[20.02,60.351],[20.259,60.261],[19.746,60.099],[19.687,60.268],[19.888,60.406],[20.02,60.351]]]}},{"type":"Feature","properties":{"iso":"AZ","c":[40.141,47.716],"bb":[[38.41,45.0],[41.89,50.31]]},"geometry":{"type":"MultiPolygon","coordinates":[[[[46.491,38.907],[46.55,39.201],[46.378,39.382],[46.481,39.555],[46.202,39.594],[45.79,39.881],[45.965,40.234],[45.57,40.417],[45.376,40.638],[45.588,40.847],[45.19,41.126],[45.001,41.291],[45.281,41.45],[45.716,41.338],[45.793,41.224],[46.031,41.167],[46.171,41.198],[46.458,41.07],[46.626,41.16],[46.619,41.344],[46.305,41.508],[46.182,41.657],[46.43,41.891],[46.552,41.812],[46.749,41.813],[47.205,41.456],[47.261,41.315],[47.521,41.229],[47.861,41.213],[48.056,41.459],[48.391,41.602],[48.573,41.844],[48.824,41.63],[49.107,41.302],[49.226,41.026],[49.556,40.716],[49.776,40.584],[49.991,40.577],[50.307,40.412],[50.143,40.323],[49.919,40.316],[49.551,40.194],[49.477,40.087],[49.324,39.608],[49.363,39.35],[49.269,39.285],[49.2,39.073],[49.013,39.134],[48.851,38.815],[48.869,38.435],[48.593,38.411],[48.417,38.586],[48.023,38.819],[48.05,38.935],[48.242,38.979],[48.274,39.099],[48.125,39.172],[48.136,39.312],[48.322,39.399],[47.996,39.684],[47.773,39.649],[47.188,39.341],[46.989,39.18],[46.853,39.148],[46.555,38.904],[46.491,38.907]]],[[[44.768,39.704],[45.032,39.765],[45.149,39.657],[45.457,39.494],[45.75,39.563],[45.766,39.378],[45.977,39.244],[45.952,39.178],[46.114,38.878],[45.48,39.006],[45.141,39.254],[44.817,39.65],[44.768,39.704]]]]}},{"type":"Feature","properties":{"iso":"BA"},"geometry":{"type":"Polygon","coordinates":[[[19.194,43.533],[18.94,43.497],[19.037,43.357],[18.851,43.346],[18.674,43.231],[18.624,43.028],[18.444,42.968],[18.466,42.777],[18.543,42.674],[18.436,42.56],[18.304,42.599],[17.841,42.845],[17.668,42.897],[17.585,42.938],[17.625,43.043],[17.293,43.306],[17.274,43.446],[17.085,43.517],[16.713,43.779],[16.591,43.913],[16.214,44.215],[16.13,44.474],[15.737,44.766],[15.788,45.179],[16.028,45.19],[16.293,45.009],[16.531,45.217],[16.791,45.197],[16.919,45.277],[17.125,45.172],[17.546,45.123],[17.69,45.158],[17.813,45.078],[17.996,45.142],[18.285,45.134],[18.663,45.077],[18.836,44.883],[19.007,44.869],[19.237,44.914],[19.357,44.859],[19.292,44.697],[19.151,44.527],[19.152,44.303],[19.339,44.226],[19.584,44.043],[19.55,43.987],[19.257,43.943],[19.488,43.704],[19.451,43.562],[19.194,43.533]]]}},{"type":"Feature","properties":{"iso":"BD"},"geometry":{"type":"Polygon","coordinates":[[[92.575,21.978],[92.593,21.467],[92.18,21.293],[92.324,20.792],[92.056,21.175],[92.008,21.685],[91.693,22.505],[91.482,22.797],[90.946,22.597],[90.634,23.094],[90.435,22.752],[90.589,22.258],[90.159,21.817],[89.812,21.983],[89.234,21.722],[89.051,22.093],[88.741,23.437],[88.567,23.674],[88.734,24.231],[88.146,24.486],[88.456,25.188],[88.452,25.574],[88.085,25.888],[88.44,26.369],[89.108,26.202],[89.289,26.038],[89.823,25.941],[89.814,25.305],[90.439,25.158],[92.05,25.169],[92.251,24.895],[92.064,24.374],[91.877,24.195],[91.367,24.094],[91.16,23.661],[91.315,23.104],[91.62,22.98],[91.938,23.505],[92.246,23.684],[92.362,22.929],[92.491,22.685],[92.575,21.978]]]}},{"type":"Feature","properties":{"iso":"BE","c":[50.495,4.866],"bb":[[49.51,2.52],[51.48,6.36]]},"geometry":{"type":"Polygon","coordinates":[[[5.994,50.75],[6.236,50.597],[6.364,50.316],[6.175,50.233],[6.117,50.121],[5.976,50.167],[5.744,49.92],[5.725,49.808],[5.88,49.645],[5.79,49.538],[5.507,49.511],[5.279,49.678],[4.868,49.788],[4.656,50.002],[4.369,49.945],[4.176,49.96],[4.175,50.246],[4.044,50.321],[3.748,50.344],[3.627,50.457],[3.273,50.532],[3.107,50.779],[2.84,50.712],[2.597,50.876],[2.525,51.097],[2.96,51.265],[3.35,51.378],[3.902,51.208],[4.173,51.307],[4.226,51.386],[4.503,51.475],[4.848,51.403],[5.059,51.453],[5.1,51.346],[5.311,51.26],[5.509,51.275],[5.827,51.126],[5.694,50.775],[5.994,50.75]]]}},{"type":"Feature","properties":{"iso":"BF"},"geometry":{"type":"Polygon","coordinates":[[[-0.069,11.116],[-0.701,10.989],[-2.83,10.998],[-2.915,10.592],[-2.787,10.402],[-2.696,9.481],[-3.224,9.895],[-3.878,9.895],[-4.626,9.714],[-4.97,9.93],[-5.1,10.242],[-5.524,10.426],[-5.49,11.042],[-5.3,11.206],[-5.288,11.828],[-4.798,12.032],[-4.429,12.338],[-4.481,12.672],[-4.227,12.794],[-4.329,13.119],[-4.051,13.382],[-3.576,13.194],[-3.302,13.281],[-3.198,13.673],[-2.457,14.274],[-2.113,14.168],[-1.768,14.486],[-1.05,14.82],[-0.76,15.048],[-0.236,15.059],[0.217,14.911],[0.164,14.497],[0.383,14.246],[0.618,13.703],[0.978,13.552],[0.987,13.042],[1.565,12.635],[2.074,12.714],[2.091,12.278],[2.389,11.897],[1.98,11.418],[1.427,11.447],[0.9,10.993],[-0.069,11.116]]]}},{"type":"Feature","properties":{"iso":"BG","c":[42.728,25.136],"bb":[[41.24,22.34],[44.24,28.59]]},"geometry":{"type":"Polygon","coordinates":[[[26.321,41.717],[26.066,41.673],[26.155,41.435],[25.923,41.312],[25.785,41.33],[25.251,41.244],[25.133,41.316],[24.596,41.443],[24.518,41.553],[24.056,41.527],[23.635,41.387],[23.24,41.385],[23.156,41.322],[22.916,41.336],[23.006,41.717],[22.837,41.994],[22.583,42.105],[22.344,42.314],[22.524,42.441],[22.436,42.629],[22.467,42.842],[22.706,42.884],[22.942,43.097],[22.977,43.188],[22.768,43.354],[22.555,43.454],[22.395,43.707],[22.365,43.862],[22.421,44.007],[22.597,44.075],[22.705,44.238],[23.029,44.078],[22.868,43.948],[22.919,43.834],[23.225,43.874],[23.535,43.854],[24.227,43.763],[24.431,43.794],[25.16,43.686],[25.497,43.671],[25.819,43.767],[25.933,43.871],[26.216,44.007],[26.489,44.084],[27.087,44.167],[27.425,44.021],[27.884,43.987],[28.05,43.822],[28.423,43.74],[28.585,43.742],[28.562,43.501],[28.465,43.389],[28.134,43.396],[27.929,43.186],[27.889,42.75],[27.754,42.707],[27.485,42.468],[27.708,42.35],[27.983,42.047],[28.014,41.969],[27.879,41.987],[27.535,41.921],[27.295,42.08],[27.012,42.059],[26.885,41.992],[26.615,41.965],[26.511,41.826],[26.321,41.717]]]}},{"type":"Feature","properties":{"iso":"BH"},"geometry":{"type":"Polygon","coordinates":[[[50.575,25.807],[50.466,25.966],[50.452,26.191],[50.61,26.124],[50.575,25.807]]]}},{"type":"Feature","properties":{"iso":"BI"},"geometry":{"type":"Polygon","coordinates":[[[29.403,-4.449],[29.223,-3.911],[29.224,-3.054],[29.014,-2.72],[29.39,-2.809],[29.868,-2.716],[29.93,-2.34],[30.554,-2.4],[30.515,-2.918],[30.79,-3.275],[30.425,-3.589],[30.147,-4.085],[29.718,-4.456],[29.403,-4.449]]]}},{"type":"Feature","properties":{"iso":"BJ"},"geometry":{"type":"Polygon","coordinates":[[[0.9,10.993],[1.427,11.447],[1.98,11.418],[2.389,11.897],[2.366,12.222],[2.878,12.368],[3.595,11.696],[3.488,11.395],[3.716,11.08],[3.834,10.607],[3.577,10.268],[3.557,9.907],[3.325,9.778],[3.045,9.084],[2.775,9.049],[2.686,7.874],[2.775,6.712],[2.706,6.369],[1.623,6.217],[1.6,9.05],[1.424,9.285],[1.33,9.997],[0.78,10.36],[0.9,10.993]]]}},{"type":"Feature","properties":{"iso":"BN","c":[4.493,114.485],"bb":[[4.02,114.06],[4.9,115.03]]},"geometry":{"type":"Polygon","coordinates":[[[114.064,4.593],[114.299,4.607],[115.027,4.9],[114.747,4.718],[114.84,4.393],[114.608,4.024],[114.064,4.593]]]}},{"type":"Feature","properties":{"iso":"BO"},"geometry":{"type":"Polygon","coordinates":[[[-69.579,-10.952],[-68.398,-11.019],[-68.072,-10.703],[-67.582,-10.506],[-66.73,-9.975],[-66.264,-9.826],[-65.396,-9.712],[-65.313,-10.253],[-65.437,-10.449],[-65.334,-10.893],[-65.39,-11.246],[-64.993,-11.975],[-64.513,-12.251],[-64.421,-12.44],[-63.586,-12.519],[-63.067,-12.669],[-62.765,-12.997],[-62.176,-13.134],[-61.79,-13.526],[-61.077,-13.49],[-60.507,-13.79],[-60.299,-14.619],[-60.176,-16.269],[-58.538,-16.328],[-58.396,-17.234],[-57.832,-17.512],[-57.574,-18.279],[-57.8,-19.081],[-58.131,-19.745],[-58.16,-20.165],[-58.18,-19.818],[-59.091,-19.286],[-60.007,-19.298],[-61.757,-19.645],[-61.917,-20.055],[-62.276,-20.562],[-62.277,-21.066],[-62.651,-22.234],[-62.843,-21.997],[-63.819,-22.005],[-63.976,-22.073],[-64.374,-22.761],[-64.606,-22.229],[-65.058,-22.103],[-65.771,-22.1],[-66.099,-21.835],[-66.365,-22.114],[-66.712,-22.216],[-67.195,-22.822],[-67.879,-22.823],[-67.988,-22.057],[-68.197,-21.3],[-68.745,-20.459],[-68.698,-19.721],[-68.463,-19.433],[-68.968,-18.968],[-69.094,-18.05],[-69.313,-17.943],[-69.511,-17.506],[-69.625,-17.2],[-69.021,-16.642],[-68.913,-16.262],[-69.218,-16.149],[-69.419,-15.603],[-69.172,-15.237],[-69.375,-14.963],[-69.235,-14.597],[-68.88,-14.199],[-69.074,-13.683],[-68.979,-12.88],[-68.685,-12.502],[-69.579,-10.952]]]}},{"type":"Feature","properties":{"iso":"BR","c":[-14.325,-49.685],"bb":[[-33.74,-74.0],[5.24,-34.8]]},"geometry":{"type":"MultiPolygon","coordinates":[[[[-60.742,5.202],[-60.142,5.239],[-59.991,5.083],[-60.111,4.511],[-59.833,4.476],[-59.551,3.934],[-59.854,3.588],[-59.994,2.69],[-59.755,2.274],[-59.756,1.901],[-59.231,1.376],[-58.862,1.204],[-58.512,1.285],[-58.341,1.588],[-57.594,1.704],[-57.119,2.014],[-56.837,1.881],[-56.483,1.942],[-56.02,1.842],[-56.129,2.3],[-55.006,2.593],[-54.616,2.327],[-54.13,2.121],[-53.768,2.355],[-52.965,2.184],[-52.701,2.364],[-51.991,3.702],[-51.653,4.061],[-51.462,4.314],[-51.22,4.094],[-51.052,3.282],[-50.659,2.131],[-50.459,1.83],[-49.957,1.66],[-49.899,1.163],[-50.294,0.836],[-50.816,0.173],[-51.283,-0.085],[-51.703,-0.762],[-51.721,-1.018],[-52.197,-1.64],[-51.948,-1.587],[-51.297,-1.224],[-50.918,-1.115],[-50.69,-1.762],[-50.403,-2.016],[-49.999,-1.832],[-49.72,-1.926],[-49.314,-1.732],[-48.991,-1.83],[-48.115,-0.737],[-47.398,-0.627],[-46.811,-0.78],[-46.617,-0.971],[-46.219,-1.031],[-45.645,-1.348],[-45.076,-1.466],[-44.651,-1.746],[-44.308,-2.535],[-43.933,-2.583],[-42.937,-2.465],[-42.25,-2.792],[-41.876,-2.747],[-41.318,-2.936],[-40.475,-2.796],[-39.965,-2.862],[-38.476,-3.717],[-38.049,-4.216],[-37.175,-4.912],[-36.591,-5.098],[-35.98,-5.054],[-35.549,-5.129],[-35.235,-5.567],[-34.988,-6.394],[-34.805,-7.288],[-34.835,-7.971],[-35.158,-8.931],[-35.341,-9.231],[-36.398,-10.484],[-36.938,-10.82],[-37.412,-11.497],[-37.689,-12.1],[-38.24,-12.844],[-38.788,-12.783],[-38.835,-13.147],[-39.089,-13.588],[-38.942,-14.031],[-39.06,-14.655],[-38.881,-15.864],[-39.215,-17.316],[-39.154,-17.704],[-39.487,-17.99],[-39.74,-18.64],[-39.7,-19.278],[-40.001,-19.742],[-40.396,-20.569],[-40.789,-20.906],[-41.047,-21.506],[-41.123,-22.084],[-41.706,-22.31],[-41.98,-22.581],[-42.042,-22.947],[-42.958,-22.967],[-43.533,-23.046],[-43.866,-22.911],[-44.637,-23.055],[-45.423,-23.685],[-45.972,-23.796],[-46.867,-24.236],[-47.877,-24.997],[-48.545,-25.816],[-48.678,-26.703],[-48.554,-27.196],[-48.621,-28.076],[-48.8,-28.575],[-49.271,-28.871],[-49.746,-29.363],[-50.033,-29.801],[-50.3,-30.426],[-51.157,-30.364],[-51.464,-31.053],[-51.972,-31.384],[-52.194,-31.886],[-52.127,-32.168],[-52.652,-33.138],[-53.371,-33.742],[-53.531,-33.171],[-53.126,-32.737],[-53.602,-32.403],[-53.762,-32.057],[-54.221,-31.855],[-54.588,-31.485],[-55.255,-31.226],[-55.557,-30.876],[-55.874,-31.07],[-56.176,-30.628],[-56.833,-30.107],[-57.214,-30.283],[-57.609,-30.188],[-56.939,-29.595],[-55.725,-28.204],[-55.102,-27.867],[-54.829,-27.551],[-54.327,-27.424],[-53.838,-27.121],[-53.671,-26.225],[-53.891,-25.669],[-54.155,-25.523],[-54.616,-25.576],[-54.473,-25.22],[-54.242,-24.047],[-54.625,-23.812],[-55.366,-23.991],[-55.654,-22.81],[-55.849,-22.308],[-56.524,-22.103],[-56.937,-22.271],[-57.82,-22.142],[-57.986,-22.046],[-57.83,-20.998],[-58.16,-20.165],[-58.131,-19.745],[-57.8,-19.081],[-57.574,-18.279],[-57.832,-17.512],[-58.396,-17.234],[-58.538,-16.328],[-60.176,-16.269],[-60.299,-14.619],[-60.507,-13.79],[-61.077,-13.49],[-61.79,-13.526],[-62.176,-13.134],[-62.765,-12.997],[-63.067,-12.669],[-63.586,-12.519],[-64.421,-12.44],[-64.513,-12.251],[-64.993,-11.975],[-65.39,-11.246],[-65.334,-10.893],[-65.437,-10.449],[-65.313,-10.253],[-65.396,-9.712],[-66.264,-9.826],[-66.73,-9.975],[-67.582,-10.506],[-68.072,-10.703],[-68.398,-11.019],[-69.579,-10.952],[-70.22,-11.048],[-70.642,-11.01],[-70.637,-9.478],[-71.238,-9.966],[-72.182,-10.004],[-72.379,-9.51],[-73.209,-9.411],[-72.974,-8.993],[-73.549,-8.346],[-74.002,-7.556],[-73.749,-7.335],[-73.758,-6.906],[-73.137,-6.466],[-73.236,-6.098],[-72.98,-5.635],[-72.887,-5.123],[-72.699,-5.067],[-71.845,-4.504],[-70.974,-4.35],[-70.8,-4.173],[-69.966,-4.236],[-69.669,-2.668],[-69.4,-1.195],[-69.667,-0.482],[-70.071,-0.139],[-70.054,0.579],[-69.163,0.864],[-69.361,1.064],[-69.852,1.06],[-69.849,1.709],[-68.177,1.72],[-67.815,1.79],[-67.352,2.086],[-66.876,1.223],[-66.429,0.822],[-66.06,0.785],[-65.681,0.983],[-65.361,0.869],[-65.104,1.108],[-64.115,1.619],[-64.035,1.904],[-63.394,2.223],[-63.389,2.412],[-63.924,2.452],[-64.219,3.205],[-64.221,3.587],[-64.568,3.9],[-64.256,4.14],[-64.021,3.929],[-63.295,3.922],[-62.969,3.594],[-62.712,4.018],[-62.153,4.098],[-61.003,4.535],[-60.604,4.995],[-60.742,5.202]]],[[[-49.535,-0.234],[-49.117,-0.164],[-48.38,-0.353],[-48.54,-0.801],[-48.929,-1.482],[-49.588,-1.712],[-50.508,-1.788],[-50.76,-1.24],[-50.771,-0.645],[-50.646,-0.273],[-50.248,-0.116],[-49.535,-0.234]]]]}},{"type":"Feature","properties":{"iso":"BT"},"geometry":{"type":"Polygon","coordinates":[[[88.891,27.316],[89.537,28.107],[89.981,28.311],[90.353,28.08],[91.606,27.952],[91.632,27.76],[91.595,27.558],[92.083,27.291],[91.998,26.855],[90.74,26.772],[90.346,26.89],[89.764,26.702],[88.858,26.961],[88.891,27.316]]]}},{"type":"Feature","properties":{"iso":"BW"},"geometry":{"type":"Polygon","coordinates":[[[29.365,-22.194],[28.84,-22.481],[28.21,-22.694],[27.891,-23.074],[27.146,-23.524],[26.835,-24.241],[26.397,-24.614],[25.912,-24.747],[25.584,-25.606],[24.748,-25.817],[23.894,-25.601],[23.266,-25.267],[22.879,-25.458],[22.64,-26.071],[22.091,-26.58],[21.646,-26.854],[20.74,-26.849],[20.627,-26.444],[20.793,-25.916],[20.345,-25.03],[19.98,-24.777],[19.977,-22.0],[20.971,-22.0],[20.976,-19.744],[20.974,-18.319],[23.299,-18.027],[23.581,-18.453],[24.359,-17.978],[25.259,-17.794],[25.224,-17.915],[25.761,-18.649],[26.168,-19.538],[26.678,-19.893],[27.221,-20.146],[27.281,-20.479],[27.7,-20.531],[27.669,-21.064],[28.046,-21.573],[29.037,-21.811],[29.365,-22.194]]]}},{"type":"Feature","properties":{"iso":"BY"},"geometry":{"type":"Polygon","coordinates":[[[23.605,51.518],[23.545,51.71],[23.626,51.809],[23.652,52.04],[23.458,52.17],[23.197,52.257],[23.204,52.338],[23.48,52.552],[23.845,52.664],[23.915,52.77],[23.887,53.028],[23.789,53.271],[23.599,53.599],[23.485,53.94],[23.734,53.912],[24.191,53.95],[24.318,53.893],[24.768,53.975],[24.826,54.119],[25.046,54.133],[25.461,54.293],[25.573,54.14],[25.749,54.157],[25.703,54.293],[25.547,54.332],[25.725,54.564],[25.722,54.718],[25.859,54.919],[26.175,55.003],[26.292,55.14],[26.601,55.13],[26.776,55.273],[26.458,55.342],[26.594,55.668],[26.822,55.709],[27.053,55.831],[27.577,55.799],[27.642,55.912],[27.896,56.076],[28.148,56.143],[28.284,56.056],[28.564,56.092],[28.795,55.943],[29.087,56.021],[29.375,55.939],[29.353,55.784],[29.482,55.685],[29.937,55.845],[30.234,55.845],[30.456,55.787],[30.626,55.666],[30.907,55.57],[30.814,55.279],[30.978,55.05],[30.83,54.915],[30.799,54.783],[31.121,54.648],[31.075,54.492],[31.185,54.453],[31.404,54.196],[31.792,54.056],[31.754,53.81],[32.2,53.781],[32.45,53.693],[32.47,53.547],[32.686,53.448],[32.704,53.336],[32.142,53.091],[31.85,53.106],[31.668,53.201],[31.418,53.196],[31.259,53.017],[31.535,52.798],[31.577,52.312],[31.763,52.101],[31.346,52.105],[30.981,52.046],[30.667,51.814],[30.533,51.596],[30.633,51.355],[30.545,51.265],[30.333,51.326],[30.161,51.478],[29.553,51.435],[29.346,51.383],[29.136,51.617],[28.648,51.457],[28.599,51.543],[28.184,51.608],[27.859,51.592],[27.27,51.614],[27.142,51.752],[26.453,51.813],[25.925,51.914],[25.267,51.938],[24.362,51.868],[24.127,51.665],[23.951,51.585],[23.707,51.641],[23.605,51.518]]]}},{"type":"Feature","properties":{"iso":"BZ"},"geometry":{"type":"Polygon","coordinates":[[[-88.296,18.472],[-88.097,18.122],[-88.272,17.61],[-88.313,16.633],[-88.695,16.248],[-88.894,15.891],[-89.237,15.894],[-89.161,17.815],[-88.806,17.966],[-88.523,18.446],[-88.296,18.472]]]}},{"type":"Feature","properties":{"iso":"CA","c":[56.63,-109.953],"bb":[[41.67,-141.0],[71.9,-55.7]]},"geometry":{"type":"MultiPolygon","coordinates":[[[[-55.532,51.437],[-55.871,50.907],[-56.694,50.06],[-55.765,49.96],[-55.892,49.58],[-55.026,49.305],[-54.579,49.491],[-53.958,49.442],[-53.573,49.141],[-53.853,48.811],[-53.531,48.232],[-52.955,48.029],[-53.176,47.653],[-52.654,47.549],[-53.07,46.681],[-53.616,46.68],[-54.174,46.88],[-53.869,47.387],[-54.857,47.385],[-56.221,47.671],[-56.952,47.574],[-58.333,47.677],[-59.117,47.571],[-59.362,47.866],[-58.711,48.325],[-58.716,48.598],[-58.016,49.542],[-57.298,50.699],[-56.75,51.275],[-56.026,51.568],[-55.532,51.437]]],[[[-141.002,69.651],[-139.182,69.516],[-138.128,69.152],[-136.717,68.889],[-135.876,68.917],[-135.691,69.311],[-135.141,69.468],[-133.163,69.434],[-130.498,70.143],[-128.971,69.712],[-127.765,70.222],[-127.138,70.239],[-126.064,69.467],[-125.357,69.626],[-124.768,69.99],[-123.609,69.377],[-123.026,69.81],[-120.962,69.66],[-120.293,69.421],[-118.869,69.257],[-118.095,69.043],[-116.065,68.855],[-115.631,68.973],[-114.414,68.66],[-115.427,67.924],[-113.893,67.707],[-112.435,67.685],[-110.99,67.791],[-110.042,67.977],[-109.63,67.733],[-108.593,67.591],[-107.156,66.882],[-108.261,68.15],[-108.313,68.611],[-106.164,68.92],[-105.429,68.458],[-104.194,68.031],[-103.474,68.115],[-102.692,67.812],[-101.555,67.693],[-100.456,67.839],[-99.147,67.724],[-98.417,67.826],[-97.455,67.617],[-97.207,67.855],[-98.438,68.065],[-98.219,68.317],[-97.266,68.453],[-96.036,68.158],[-96.371,67.554],[-95.783,67.194],[-95.259,67.263],[-95.65,67.737],[-93.652,68.543],[-93.681,68.887],[-94.271,69.455],[-96.119,69.872],[-96.546,70.327],[-96.406,71.274],[-95.201,71.904],[-94.308,71.765],[-92.949,71.262],[-92.981,70.852],[-91.564,70.178],[-92.751,69.714],[-90.822,69.29],[-90.468,68.864],[-89.057,69.266],[-88.041,68.812],[-87.81,68.404],[-88.347,68.288],[-88.196,67.766],[-87.266,67.184],[-86.536,67.516],[-85.953,68.072],[-85.734,68.63],[-84.862,69.074],[-85.387,69.232],[-85.507,69.845],[-82.618,69.691],[-82.642,69.458],[-81.329,69.12],[-81.282,68.657],[-82.553,68.446],[-81.976,67.862],[-81.27,67.46],[-81.468,67.07],[-82.642,66.588],[-84.478,66.179],[-85.442,66.537],[-86.633,66.531],[-86.043,66.023],[-87.291,65.355],[-87.281,64.826],[-88.106,64.183],[-88.653,64.009],[-90.142,63.982],[-90.013,63.804],[-91.33,63.507],[-90.747,63.352],[-90.871,62.946],[-91.449,62.804],[-92.361,62.819],[-93.421,61.706],[-94.061,61.318],[-94.647,60.416],[-94.786,59.953],[-94.713,58.903],[-94.287,58.716],[-93.278,58.756],[-92.249,57.009],[-91.111,57.241],[-90.592,57.224],[-89.791,56.981],[-88.948,56.851],[-88.075,56.467],[-87.561,56.056],[-85.677,55.601],[-85.061,55.286],[-83.911,55.315],[-82.577,55.149],[-82.219,54.813],[-82.418,54.356],[-82.141,53.818],[-82.26,52.961],[-81.599,52.433],[-81.661,52.294],[-80.658,51.758],[-80.368,51.33],[-79.836,51.173],[-79.498,51.57],[-78.978,51.734],[-78.492,52.252],[-78.724,52.628],[-79.242,54.099],[-79.666,54.697],[-77.891,55.236],[-77.325,55.556],[-76.65,56.107],[-76.573,57.181],[-77.157,58.019],[-78.515,58.682],[-77.761,59.38],[-77.312,60.042],[-77.872,60.786],[-77.736,61.437],[-78.137,62.107],[-78.068,62.355],[-77.372,62.573],[-74.69,62.183],[-73.63,62.454],[-72.081,61.728],[-71.423,61.159],[-70.279,61.069],[-69.64,60.69],[-69.756,60.389],[-69.682,59.342],[-69.173,58.897],[-68.698,58.905],[-67.57,58.213],[-66.608,58.549],[-65.606,59.111],[-65.433,59.777],[-64.931,60.252],[-64.499,60.268],[-63.185,58.858],[-62.594,58.474],[-62.306,57.972],[-61.899,57.861],[-61.851,57.381],[-61.334,57.011],[-61.515,56.39],[-59.93,55.259],[-58.997,55.149],[-58.78,54.838],[-58.195,54.866],[-57.404,54.57],[-58.151,54.35],[-57.416,54.163],[-57.149,53.848],[-56.465,53.765],[-55.798,53.212],[-55.834,52.31],[-55.695,52.138],[-56.976,51.458],[-58.51,51.295],[-59.165,50.78],[-60.08,50.255],[-61.29,50.202],[-62.715,50.302],[-64.868,50.275],[-65.269,50.32],[-66.496,50.212],[-66.941,49.994],[-67.372,49.348],[-68.282,49.197],[-68.929,48.829],[-69.775,48.098],[-69.906,47.832],[-70.706,47.14],[-71.268,46.796],[-71.88,46.687],[-72.981,46.21],[-73.974,45.345],[-74.709,45.004],[-75.179,44.899],[-76.465,44.058],[-76.82,43.629],[-78.72,43.625],[-79.172,43.467],[-79.037,42.802],[-80.248,42.366],[-81.278,42.209],[-82.439,41.675],[-83.142,41.976],[-83.073,42.3],[-82.545,42.625],[-82.138,43.571],[-82.551,45.347],[-83.593,45.817],[-83.978,46.085],[-84.192,46.55],[-84.562,46.457],[-84.876,46.9],[-88.378,48.303],[-89.456,47.996],[-90.84,48.201],[-91.518,48.058],[-92.996,48.612],[-93.708,48.525],[-94.621,48.743],[-95.162,48.992],[-96.677,48.993],[-99.235,48.993],[-101.367,48.993],[-103.499,48.993],[-105.631,48.993],[-109.469,48.993],[-112.027,48.993],[-115.438,48.993],[-117.996,48.993],[-120.981,48.993],[-122.789,48.993],[-123.049,48.993],[-123.336,49.459],[-123.859,49.483],[-124.142,49.793],[-124.782,50.02],[-125.057,50.419],[-126.404,50.53],[-126.397,50.807],[-127.058,50.868],[-127.708,51.151],[-127.645,51.478],[-128.102,51.788],[-128.358,52.159],[-128.109,52.858],[-128.652,53.244],[-129.284,53.393],[-129.564,53.251],[-130.335,53.724],[-130.043,54.134],[-130.43,54.421],[-129.89,55.165],[-130.025,55.888],[-130.742,56.341],[-131.866,56.793],[-133.821,58.705],[-134.944,59.288],[-135.476,59.793],[-136.322,59.605],[-136.579,59.152],[-137.439,58.903],[-137.593,59.226],[-139.185,60.084],[-141.002,60.3],[-141.002,62.346],[-141.002,64.976],[-141.002,66.729],[-141.002,69.651]]],[[[-74.709,45.004],[-73.558,45.425],[-73.16,46.01],[-71.901,46.632],[-71.261,46.756],[-70.519,47.033],[-68.987,48.275],[-67.561,48.856],[-66.178,49.213],[-64.836,49.192],[-64.262,48.922],[-64.254,48.55],[-65.259,48.021],[-65.927,48.189],[-65.666,47.696],[-65.228,47.811],[-64.703,47.725],[-64.912,47.369],[-65.319,47.101],[-64.906,46.888],[-64.542,46.24],[-63.293,45.752],[-62.483,45.622],[-61.956,45.868],[-61.492,45.687],[-61.284,45.235],[-63.761,44.486],[-64.286,44.55],[-64.862,43.868],[-65.738,43.561],[-66.126,43.814],[-66.1,44.367],[-65.657,44.76],[-64.449,45.256],[-64.898,45.626],[-65.884,45.223],[-66.872,45.067],[-67.125,45.169],[-67.473,45.276],[-67.433,45.603],[-67.785,45.702],[-67.807,47.083],[-68.311,47.354],[-68.829,47.203],[-69.243,47.463],[-70.008,46.709],[-70.296,45.906],[-70.898,45.262],[-71.327,45.29],[-71.518,45.008],[-74.709,45.004]]],[[[-61.071,45.937],[-60.472,45.947],[-60.505,46.204],[-59.865,46.16],[-60.386,45.655],[-61.284,45.574],[-61.495,45.941],[-60.87,46.797],[-60.332,46.768],[-60.577,46.172],[-61.071,45.937]]],[[[-86.55,70.989],[-84.79,71.093],[-84.66,71.586],[-85.912,71.987],[-85.341,72.422],[-85.645,72.774],[-85.018,73.335],[-82.66,73.73],[-81.406,73.635],[-80.275,72.746],[-80.941,72.21],[-79.0,72.272],[-78.001,72.688],[-76.894,72.721],[-75.186,72.434],[-74.316,71.843],[-71.46,71.464],[-70.561,70.738],[-69.169,70.764],[-67.364,70.034],[-68.513,69.577],[-66.771,69.337],[-67.752,69.039],[-68.038,68.551],[-67.033,68.326],[-66.225,67.959],[-64.528,67.813],[-64.008,67.347],[-61.969,67.019],[-61.3,66.649],[-61.992,66.035],[-62.659,65.64],[-63.364,65.543],[-63.402,65.118],[-64.665,65.169],[-65.402,65.764],[-65.305,66.008],[-66.477,66.28],[-67.183,66.034],[-68.257,65.939],[-67.303,65.483],[-66.861,65.092],[-65.275,64.632],[-65.011,64.009],[-64.678,64.028],[-64.514,63.264],[-65.069,63.263],[-65.266,62.715],[-65.979,63.001],[-67.676,63.094],[-66.281,62.303],[-66.257,61.868],[-67.44,62.151],[-69.082,62.405],[-69.545,62.745],[-70.236,62.763],[-71.254,63.043],[-73.444,64.423],[-74.512,64.67],[-75.067,64.457],[-76.724,64.242],[-77.791,64.367],[-78.175,64.618],[-78.096,64.939],[-77.447,65.162],[-77.327,65.453],[-75.828,65.227],[-73.561,65.543],[-74.434,66.139],[-72.22,67.254],[-73.328,68.267],[-74.648,68.708],[-74.917,68.983],[-76.403,68.692],[-75.787,69.319],[-77.129,69.653],[-78.81,70.179],[-79.616,69.895],[-81.098,70.091],[-82.139,69.841],[-86.322,70.145],[-86.624,70.401],[-87.901,70.252],[-88.848,70.523],[-89.366,71.067],[-87.845,70.944],[-87.872,71.209],[-89.079,71.288],[-89.846,71.492],[-90.025,71.949],[-89.263,73.069],[-87.72,73.723],[-86.769,73.834],[-84.975,73.695],[-86.629,72.871],[-86.036,71.771],[-85.023,71.353],[-86.55,70.989]]],[[[-68.673,82.999],[-64.777,82.876],[-61.392,82.442],[-62.177,82.043],[-64.574,81.734],[-65.484,81.285],[-70.144,80.398],[-71.388,79.762],[-75.259,79.421],[-76.256,79.007],[-74.433,78.724],[-75.866,78.01],[-78.013,77.946],[-78.076,77.519],[-79.341,77.158],[-78.289,76.978],[-78.284,76.571],[-80.69,76.176],[-81.171,76.513],[-83.886,76.453],[-85.141,76.305],[-89.57,76.492],[-89.5,76.827],[-88.398,77.104],[-86.874,77.2],[-88.095,77.719],[-87.018,77.892],[-87.552,78.177],[-86.808,78.774],[-84.316,78.975],[-85.09,79.612],[-86.421,79.845],[-86.307,80.319],[-83.724,80.229],[-80.051,80.529],[-83.401,80.714],[-85.307,80.526],[-88.921,80.806],[-89.947,81.173],[-88.978,81.542],[-90.49,81.877],[-86.581,82.187],[-82.123,82.602],[-79.886,82.939],[-69.97,83.116],[-68.673,82.999]]],[[[-79.367,73.641],[-77.207,73.5],[-76.29,73.081],[-76.401,72.821],[-77.836,72.897],[-79.501,72.756],[-80.824,73.381],[-80.849,73.721],[-79.367,73.641]]],[[[-94.108,76.904],[-92.716,76.603],[-91.305,76.681],[-90.251,76.053],[-88.201,75.512],[-86.069,75.502],[-83.932,75.819],[-82.154,75.831],[-79.66,75.45],[-79.508,74.88],[-80.278,74.582],[-81.809,74.477],[-83.532,74.586],[-84.426,74.508],[-88.423,74.494],[-89.844,74.549],[-91.962,74.793],[-92.427,75.346],[-92.185,75.847],[-93.092,76.354],[-95.274,76.264],[-96.64,76.703],[-95.638,77.064],[-94.108,76.904]]],[[[-84.885,65.249],[-83.407,65.104],[-82.05,64.644],[-81.716,64.022],[-80.829,64.09],[-80.302,63.762],[-81.046,63.462],[-82.378,63.707],[-82.467,63.927],[-83.494,64.099],[-83.728,63.813],[-84.633,63.309],[-85.496,63.139],[-85.714,63.658],[-87.189,63.672],[-86.252,64.137],[-86.374,64.566],[-85.962,65.704],[-84.885,65.249]]],[[[-91.755,81.049],[-90.643,80.594],[-87.675,80.372],[-87.144,79.663],[-85.501,79.53],[-85.29,79.208],[-87.016,78.899],[-88.791,78.192],[-90.614,78.15],[-92.678,78.389],[-95.103,79.29],[-95.297,79.653],[-96.773,80.136],[-95.614,80.396],[-96.133,80.691],[-95.27,81.001],[-91.755,81.049]]],[[[-92.778,74.114],[-90.355,73.869],[-92.118,72.754],[-93.341,72.802],[-94.038,72.029],[-95.193,72.027],[-95.548,72.782],[-95.633,73.695],[-95.04,74.024],[-92.778,74.114]]],[[[-99.158,73.732],[-97.582,73.888],[-97.002,73.667],[-97.796,73.285],[-97.052,72.637],[-96.613,71.834],[-98.663,71.302],[-99.167,71.367],[-100.594,72.152],[-101.724,72.315],[-102.714,72.783],[-100.485,72.773],[-100.283,73.12],[-101.451,73.431],[-100.915,73.805],[-100.002,73.946],[-99.158,73.732]]],[[[-97.69,76.422],[-97.41,75.552],[-97.799,75.117],[-100.234,75.008],[-100.712,75.406],[-102.541,75.514],[-101.431,75.992],[-102.138,76.285],[-100.388,76.614],[-97.69,76.422]]],[[[-103.192,79.295],[-99.609,78.583],[-99.166,77.857],[-100.586,77.892],[-101.074,78.194],[-102.731,78.371],[-103.518,78.769],[-105.536,79.033],[-105.388,79.324],[-103.192,79.295]]],[[[-114.458,72.58],[-113.5,72.694],[-112.754,72.986],[-111.27,72.714],[-108.698,72.499],[-108.238,73.106],[-107.72,73.329],[-106.482,73.196],[-105.415,72.788],[-104.35,71.434],[-104.57,71.104],[-103.105,70.51],[-101.149,70.148],[-100.935,69.715],[-102.182,69.846],[-101.857,69.024],[-103.468,68.809],[-105.02,69.081],[-106.141,69.162],[-106.659,69.44],[-107.44,69.002],[-108.946,68.76],[-111.311,68.542],[-113.128,68.494],[-113.694,69.195],[-116.513,69.425],[-117.135,70.1],[-114.592,70.312],[-112.638,70.225],[-112.114,70.447],[-113.757,70.691],[-115.991,70.586],[-117.587,70.63],[-118.264,70.888],[-117.814,71.158],[-118.868,71.687],[-118.945,71.986],[-118.213,72.263],[-118.375,72.534],[-116.573,73.055],[-114.638,73.373],[-114.052,73.071],[-114.458,72.58]]],[[[-108.166,76.054],[-106.397,76.06],[-105.481,75.746],[-105.863,75.192],[-107.153,74.927],[-108.831,75.065],[-110.941,74.639],[-112.519,74.417],[-113.514,74.43],[-114.452,75.088],[-115.729,74.968],[-117.6,75.272],[-116.61,76.074],[-115.581,76.438],[-114.194,76.451],[-112.698,76.202],[-111.053,75.549],[-109.086,75.506],[-109.796,75.863],[-109.487,76.145],[-110.27,76.417],[-108.628,76.587],[-108.166,76.054]]],[[[-119.729,74.108],[-117.966,74.266],[-117.199,74.171],[-115.511,73.619],[-115.447,73.439],[-118.962,72.684],[-120.18,72.213],[-120.619,71.506],[-123.211,71.123],[-124.008,71.677],[-125.763,72.138],[-124.987,72.588],[-124.836,73.076],[-123.797,73.768],[-124.696,74.348],[-121.315,74.53],[-119.729,74.108]]],[[[-126.701,50.516],[-125.482,50.317],[-124.643,49.429],[-123.996,49.224],[-123.497,48.582],[-123.595,48.334],[-124.689,48.597],[-125.829,49.092],[-125.835,49.277],[-126.549,49.419],[-126.683,49.876],[-127.114,49.88],[-128.267,50.609],[-127.918,50.861],[-126.701,50.516]]]]}},{"type":"Feature","properties":{"iso":"CD"},"geometry":{"type":"Polygon","coordinates":[[[23.967,-10.872],[23.834,-11.014],[22.561,-11.056],[22.279,-11.194],[22.302,-10.397],[22.198,-10.041],[21.813,-9.469],[21.905,-8.693],[21.751,-7.305],[20.608,-7.278],[20.482,-6.916],[19.875,-6.986],[19.528,-7.144],[19.341,-7.967],[18.653,-7.936],[17.536,-8.076],[16.985,-7.257],[16.743,-6.618],[16.718,-6.241],[16.315,-5.866],[14.399,-5.893],[13.068,-5.865],[12.412,-5.986],[12.214,-5.759],[12.504,-5.696],[12.522,-5.149],[12.83,-4.737],[13.073,-4.635],[13.415,-4.837],[14.358,-4.299],[14.411,-4.831],[14.708,-4.882],[15.6,-4.031],[15.872,-3.934],[16.147,-3.464],[16.217,-3.03],[16.215,-2.178],[16.541,-1.84],[16.88,-1.226],[17.279,-1.0],[17.753,-0.549],[17.724,-0.278],[17.888,0.234],[17.902,1.118],[18.058,1.535],[18.072,2.013],[18.491,2.924],[18.61,3.478],[18.567,4.258],[19.069,4.891],[19.501,5.127],[19.807,5.089],[20.226,4.83],[20.558,4.463],[21.538,4.245],[22.422,4.135],[22.756,4.647],[23.417,4.663],[24.32,4.994],[24.766,4.93],[25.249,5.025],[25.525,5.312],[26.822,5.062],[27.115,5.198],[27.403,5.109],[27.788,4.645],[28.192,4.35],[28.727,4.505],[29.151,4.388],[29.677,4.587],[30.195,3.982],[30.508,3.836],[30.839,3.491],[30.729,2.455],[31.176,2.27],[31.253,2.045],[30.943,1.683],[29.943,0.819],[29.934,0.499],[29.718,0.098],[29.562,-0.977],[29.577,-1.388],[29.129,-1.86],[29.106,-2.233],[28.876,-2.4],[29.014,-2.72],[29.224,-3.054],[29.223,-3.911],[29.403,-4.449],[29.343,-4.983],[29.594,-5.651],[29.48,-6.025],[29.71,-6.617],[30.313,-7.204],[30.751,-8.194],[28.972,-8.465],[28.918,-8.701],[28.401,-9.225],[28.63,-9.831],[28.639,-10.669],[28.357,-11.483],[28.483,-11.812],[29.064,-12.349],[29.428,-12.431],[29.795,-12.155],[29.795,-13.393],[29.554,-13.249],[29.014,-13.369],[28.358,-12.482],[27.533,-12.195],[27.046,-11.616],[26.95,-11.899],[26.596,-11.972],[26.026,-11.89],[25.349,-11.623],[25.185,-11.243],[24.519,-11.438],[24.32,-11.072],[23.967,-10.872]]]}},{"type":"Feature","properties":{"iso":"CF"},"geometry":{"type":"Polygon","coordinates":[[[27.403,5.109],[27.115,5.198],[26.822,5.062],[25.525,5.312],[25.249,5.025],[24.766,4.93],[24.32,4.994],[23.417,4.663],[22.756,4.647],[22.422,4.135],[21.538,4.245],[20.558,4.463],[20.226,4.83],[19.807,5.089],[19.501,5.127],[19.069,4.891],[18.567,4.258],[18.61,3.478],[18.161,3.5],[17.438,3.685],[16.673,3.535],[16.469,2.832],[16.183,2.27],[16.063,2.909],[15.775,3.127],[15.129,3.827],[15.023,4.359],[14.709,4.666],[14.617,5.865],[14.739,6.28],[15.246,7.264],[15.48,7.524],[15.845,7.475],[16.379,7.684],[16.785,7.551],[17.649,7.984],[18.455,8.032],[19.109,8.656],[19.146,9.016],[20.342,9.127],[20.773,9.406],[21.264,9.975],[21.726,10.367],[21.707,10.575],[22.494,10.996],[22.86,10.92],[23.312,10.388],[23.646,9.823],[23.537,8.816],[24.147,8.666],[24.291,8.291],[24.853,8.138],[25.247,7.725],[25.381,7.333],[25.889,7.065],[26.362,6.635],[26.514,6.069],[27.083,5.777],[27.403,5.109]]]}},{"type":"Feature","properties":{"iso":"CG"},"geometry":{"type":"Polygon","coordinates":[[[13.294,2.162],[14.484,2.155],[14.902,2.012],[15.742,1.915],[16.059,1.676],[16.183,2.27],[16.469,2.832],[16.673,3.535],[17.438,3.685],[18.161,3.5],[18.61,3.478],[18.491,2.924],[18.072,2.013],[18.058,1.535],[17.902,1.118],[17.888,0.234],[17.724,-0.278],[17.753,-0.549],[17.279,-1.0],[16.88,-1.226],[16.541,-1.84],[16.215,-2.178],[16.217,-3.03],[16.147,-3.464],[15.872,-3.934],[15.6,-4.031],[14.708,-4.882],[14.411,-4.831],[14.358,-4.299],[13.415,-4.837],[13.073,-4.635],[12.881,-4.445],[12.385,-4.619],[12.018,-5.004],[11.778,-4.566],[11.13,-3.916],[11.504,-3.52],[11.686,-3.682],[11.934,-3.319],[11.538,-2.837],[11.575,-2.397],[12.446,-2.33],[12.432,-1.929],[12.794,-1.932],[12.992,-2.313],[13.465,-2.395],[13.784,-2.164],[14.087,-2.467],[14.384,-1.89],[14.481,-0.618],[13.86,-0.203],[13.885,0.191],[14.088,0.537],[14.434,0.811],[14.181,1.37],[13.851,1.419],[13.274,1.241],[13.163,1.648],[13.294,2.162]]]}},{"type":"Feature","properties":{"iso":"CH","c":[46.809,8.43],"bb":[[45.83,6.06],[47.77,10.45]]},"geometry":{"type":"Polygon","coordinates":[[[9.528,47.271],[9.488,47.062],[9.58,47.057],[9.845,47.007],[9.997,46.885],[10.18,46.862],[10.349,46.985],[10.453,46.865],[10.398,46.665],[10.431,46.55],[10.087,46.6],[9.939,46.362],[9.639,46.296],[9.481,46.349],[9.428,46.482],[9.26,46.475],[9.251,46.287],[9.022,46.051],[9.047,45.876],[8.954,45.83],[8.458,46.246],[8.371,46.445],[8.082,46.256],[8.125,46.161],[7.993,46.016],[7.788,45.922],[7.539,45.978],[7.129,45.88],[7.021,45.926],[6.772,46.165],[6.817,46.275],[6.758,46.416],[6.429,46.431],[6.235,46.333],[6.273,46.252],[6.087,46.147],[6.06,46.428],[6.161,46.611],[6.41,46.755],[6.456,46.948],[6.625,47.004],[7.001,47.323],[6.9,47.394],[7.053,47.489],[7.203,47.433],[7.42,47.455],[7.616,47.593],[7.927,47.564],[8.198,47.607],[8.618,47.766],[8.881,47.656],[9.183,47.671],[9.524,47.524],[9.626,47.467],[9.528,47.271]]]}},{"type":"Feature","properties":{"iso":"CI"},"geometry":{"type":"Polygon","coordinates":[[[-5.524,10.426],[-5.1,10.242],[-4.97,9.93],[-4.626,9.714],[-3.878,9.895],[-3.224,9.895],[-2.696,9.481],[-2.747,9.11],[-2.506,8.209],[-2.79,7.932],[-2.986,7.205],[-3.236,6.807],[-3.201,6.348],[-2.795,5.185],[-3.019,5.131],[-4.037,5.23],[-5.565,5.089],[-6.845,4.671],[-7.545,4.351],[-7.569,5.081],[-7.43,5.325],[-7.454,5.841],[-7.797,5.975],[-7.889,6.235],[-8.604,6.508],[-8.333,6.802],[-8.297,7.074],[-8.486,7.558],[-8.232,7.557],[-7.824,8.468],[-7.951,8.787],[-7.896,9.416],[-8.137,9.496],[-8.137,10.022],[-7.991,10.163],[-7.661,10.427],[-7.105,10.204],[-6.693,10.349],[-6.261,10.724],[-6.035,10.195],[-5.524,10.426]]]}},{"type":"Feature","properties":{"iso":"CL","c":[-35.824,-71.562],"bb":[[-53.88,-75.66],[-17.51,-67.01]]},"geometry":{"type":"MultiPolygon","coordinates":[[[[-69.511,-17.506],[-69.313,-17.943],[-69.094,-18.05],[-68.968,-18.968],[-68.463,-19.433],[-68.698,-19.721],[-68.745,-20.459],[-68.197,-21.3],[-67.988,-22.057],[-67.879,-22.823],[-67.195,-22.822],[-67.009,-23.001],[-67.356,-24.034],[-68.25,-24.392],[-68.562,-24.838],[-68.384,-25.092],[-68.6,-25.486],[-68.415,-26.154],[-68.581,-26.518],[-68.346,-27.028],[-68.846,-27.154],[-69.174,-27.925],[-69.657,-28.414],[-69.828,-29.103],[-70.027,-29.324],[-69.928,-29.769],[-69.956,-30.358],[-70.161,-30.44],[-70.52,-31.148],[-70.585,-31.569],[-70.17,-32.472],[-70.02,-33.271],[-69.798,-33.399],[-69.852,-34.224],[-70.29,-34.733],[-70.47,-35.326],[-70.405,-36.062],[-71.056,-36.524],[-71.168,-37.762],[-71.028,-38.041],[-70.952,-38.738],[-71.426,-38.986],[-71.539,-39.602],[-71.72,-39.635],[-71.695,-40.335],[-71.932,-40.692],[-71.911,-41.65],[-71.761,-42.101],[-72.125,-42.298],[-72.146,-42.99],[-71.781,-43.167],[-71.905,-43.44],[-71.68,-43.93],[-71.82,-44.383],[-71.213,-44.441],[-71.261,-44.763],[-71.596,-44.979],[-71.354,-45.23],[-71.773,-45.724],[-71.876,-46.161],[-71.695,-46.578],[-71.94,-46.831],[-71.905,-47.202],[-72.346,-47.493],[-72.518,-47.876],[-72.355,-48.366],[-72.614,-48.793],[-73.576,-49.583],[-73.501,-50.125],[-73.153,-50.738],[-72.51,-50.608],[-72.276,-50.91],[-72.408,-51.541],[-71.919,-51.99],[-69.96,-52.008],[-68.443,-52.357],[-69.241,-52.205],[-69.561,-52.422],[-70.795,-52.769],[-70.996,-53.779],[-71.298,-53.883],[-72.174,-53.632],[-71.853,-53.286],[-71.4,-53.107],[-71.388,-52.764],[-72.458,-53.254],[-73.053,-53.243],[-74.014,-52.639],[-73.518,-52.041],[-73.973,-51.784],[-73.896,-51.331],[-74.815,-51.063],[-75.095,-50.681],[-74.334,-49.975],[-74.341,-48.596],[-74.577,-48.274],[-74.655,-47.702],[-74.158,-47.183],[-74.152,-46.974],[-75.657,-46.61],[-74.924,-46.16],[-75.067,-45.875],[-74.158,-45.767],[-74.038,-45.418],[-73.55,-45.484],[-73.362,-44.978],[-72.739,-44.734],[-72.664,-44.436],[-73.265,-44.169],[-72.997,-43.632],[-72.785,-42.301],[-72.499,-41.981],[-72.67,-41.659],[-73.015,-41.544],[-73.521,-41.797],[-73.966,-41.118],[-73.669,-40.082],[-73.41,-39.789],[-73.226,-39.224],[-73.533,-38.367],[-73.465,-38.04],[-73.662,-37.699],[-73.602,-37.188],[-73.216,-37.167],[-73.118,-36.688],[-72.875,-36.39],[-72.624,-35.586],[-72.224,-35.096],[-72.003,-34.165],[-71.664,-33.653],[-71.743,-33.095],[-71.452,-32.66],[-71.526,-31.806],[-71.662,-31.17],[-71.669,-30.33],[-71.4,-30.143],[-71.316,-29.65],[-71.519,-28.926],[-71.186,-28.378],[-71.053,-27.727],[-70.647,-26.329],[-70.714,-25.784],[-70.445,-25.173],[-70.574,-24.644],[-70.488,-23.782],[-70.563,-23.057],[-70.332,-22.849],[-70.088,-21.493],[-70.197,-20.725],[-70.148,-19.805],[-70.418,-18.346],[-69.926,-18.206],[-69.852,-17.704],[-69.511,-17.506]]],[[[-68.653,-54.854],[-69.486,-54.859],[-69.723,-54.712],[-70.497,-54.81],[-71.441,-54.62],[-70.898,-54.338],[-70.868,-53.884],[-70.09,-53.418],[-70.391,-53.026],[-69.764,-52.731],[-68.63,-52.653],[-68.653,-54.854]]],[[[-73.849,-43.367],[-74.355,-43.264],[-74.209,-42.879],[-74.037,-41.796],[-73.528,-41.896],[-73.471,-42.466],[-73.789,-42.586],[-73.436,-42.937],[-73.849,-43.367]]]]}},{"type":"Feature","properties":{"iso":"CM"},"geometry":{"type":"Polygon","coordinates":[[[14.064,13.079],[14.516,12.98],[14.761,12.656],[15.081,11.846],[15.03,11.114],[15.276,10.357],[15.541,9.96],[14.243,9.98],[13.977,9.692],[14.332,9.204],[15.116,8.557],[15.443,7.852],[15.48,7.524],[15.246,7.264],[14.739,6.28],[14.617,5.865],[14.709,4.666],[15.023,4.359],[15.129,3.827],[15.775,3.127],[16.063,2.909],[16.183,2.27],[16.059,1.676],[15.742,1.915],[14.902,2.012],[14.484,2.155],[13.294,2.162],[13.22,2.256],[11.348,2.3],[11.329,2.167],[9.98,2.168],[9.801,2.304],[9.876,3.31],[9.425,3.922],[9.0,4.092],[8.903,4.435],[8.556,4.755],[8.801,5.197],[9.06,6.009],[10.144,6.996],[10.606,7.063],[11.033,6.698],[11.153,6.438],[11.552,6.697],[11.767,7.272],[12.016,7.59],[12.404,8.596],[12.807,8.887],[12.929,9.426],[13.175,9.54],[13.27,10.036],[13.535,10.605],[13.892,11.14],[14.56,11.492],[14.627,12.109],[14.197,12.384],[14.064,13.079]]]}},{"type":"Feature","properties":{"iso":"CN"},"geometry":{"type":"MultiPolygon","coordinates":[[[[110.572,19.172],[110.451,18.748],[109.519,18.218],[108.702,18.535],[108.694,19.338],[109.179,19.674],[109.219,19.843],[110.172,20.054],[110.938,19.948],[110.572,19.172]]],[[[101.525,22.254],[101.737,21.827],[101.705,21.15],[101.224,21.224],[101.139,21.567],[100.835,21.655],[100.215,21.463],[99.918,22.028],[99.193,22.126],[99.338,22.498],[99.341,23.096],[98.864,23.191],[98.764,24.116],[98.213,24.111],[97.686,23.898],[97.531,24.492],[97.82,25.252],[98.011,25.293],[98.655,25.918],[98.732,26.583],[98.651,27.572],[98.299,27.55],[98.099,28.142],[97.538,28.51],[97.322,28.218],[96.603,28.46],[96.436,29.051],[96.035,29.447],[95.42,29.054],[94.769,29.176],[94.623,29.312],[93.902,28.803],[93.207,28.591],[92.702,28.147],[92.664,27.949],[91.978,27.73],[91.632,27.76],[91.606,27.952],[90.353,28.08],[89.981,28.311],[89.537,28.107],[88.891,27.316],[88.849,27.869],[88.621,28.092],[88.11,27.871],[88.0,27.885],[87.683,27.821],[87.141,27.838],[87.02,27.929],[86.554,28.085],[86.517,27.964],[86.409,27.929],[86.079,28.084],[86.064,27.935],[85.954,27.928],[85.84,28.135],[85.678,28.277],[85.411,28.276],[85.122,28.316],[85.089,28.372],[85.159,28.592],[84.855,28.554],[84.714,28.596],[84.229,28.912],[84.101,29.22],[83.936,29.279],[83.583,29.184],[83.355,29.439],[83.155,29.613],[82.854,29.683],[82.487,29.942],[82.159,30.115],[82.043,30.327],[81.642,30.388],[81.417,30.338],[81.255,30.093],[81.11,30.037],[81.01,30.165],[80.985,30.237],[80.682,30.415],[80.191,30.568],[80.194,30.759],[80.081,30.782],[79.795,30.968],[79.565,30.949],[79.339,31.106],[79.107,31.403],[78.792,31.294],[78.727,31.472],[78.803,31.618],[78.693,31.74],[78.735,31.958],[78.496,32.216],[78.39,32.52],[78.701,32.597],[78.771,32.468],[78.919,32.358],[79.067,32.388],[79.219,32.501],[79.234,32.703],[79.202,32.946],[79.109,33.023],[79.113,33.226],[78.802,33.5],[78.753,34.088],[78.971,34.228],[78.936,34.352],[78.671,34.518],[78.327,34.606],[78.282,34.654],[78.012,35.251],[78.047,35.449],[77.799,35.496],[77.446,35.476],[77.09,35.552],[76.767,35.662],[76.563,35.773],[76.551,35.887],[76.252,35.811],[76.148,35.829],[76.071,35.983],[75.945,36.018],[75.974,36.382],[75.84,36.65],[75.667,36.742],[75.424,36.738],[75.347,36.913],[75.054,36.987],[74.889,36.952],[74.692,37.036],[74.541,37.022],[74.372,37.158],[74.727,37.291],[74.891,37.232],[75.119,37.386],[74.894,37.601],[74.938,37.773],[74.79,38.104],[74.772,38.275],[74.836,38.404],[74.745,38.51],[74.277,38.66],[74.131,38.661],[74.026,38.54],[73.802,38.607],[73.696,38.854],[73.796,39.002],[73.607,39.229],[73.632,39.449],[73.823,39.489],[73.915,39.606],[73.835,39.8],[73.992,40.043],[74.412,40.137],[74.68,40.311],[74.842,40.345],[75.004,40.45],[75.241,40.48],[75.521,40.628],[75.583,40.605],[75.656,40.329],[75.872,40.303],[76.258,40.431],[76.48,40.45],[76.64,40.742],[76.824,40.982],[76.987,41.039],[77.582,40.993],[77.815,41.056],[78.123,41.076],[78.346,41.281],[78.362,41.372],[78.743,41.56],[79.294,41.783],[79.766,41.899],[79.84,41.996],[80.216,42.032],[80.209,42.19],[80.259,42.235],[80.165,42.666],[80.25,42.797],[80.544,42.912],[80.39,43.043],[80.786,43.162],[80.668,43.31],[80.704,43.427],[80.496,43.892],[80.355,44.097],[80.336,44.438],[80.455,44.746],[80.255,44.808],[79.997,44.797],[79.872,44.884],[80.059,45.006],[80.635,45.127],[80.853,45.129],[81.602,45.311],[81.989,45.162],[82.267,45.219],[82.479,45.124],[82.621,45.293],[82.583,45.443],[82.327,45.52],[82.555,46.159],[82.692,46.387],[83.004,47.033],[83.029,47.186],[83.193,47.187],[83.634,47.043],[84.016,46.971],[84.339,46.996],[84.667,46.972],[84.786,46.831],[85.233,47.036],[85.485,47.064],[85.657,47.255],[85.587,47.494],[85.526,47.916],[85.626,48.204],[85.749,48.385],[86.266,48.455],[86.549,48.529],[86.718,48.697],[86.753,49.009],[86.886,49.091],[87.323,49.086],[87.814,49.162],[87.86,48.966],[87.743,48.882],[88.0,48.745],[88.0,48.63],[88.0,48.551],[88.517,48.384],[89.048,48.003],[89.561,48.004],[90.313,47.676],[90.496,47.285],[90.87,46.954],[91.034,46.529],[91.002,46.036],[90.662,45.525],[90.877,45.196],[91.584,45.077],[92.788,45.036],[93.656,44.901],[94.712,44.351],[95.35,44.278],[95.913,43.206],[96.385,42.72],[97.206,42.79],[99.468,42.568],[99.984,42.677],[101.714,42.466],[101.973,42.216],[103.073,42.006],[103.711,41.751],[104.498,41.877],[104.498,41.659],[105.197,41.738],[106.77,42.289],[108.171,42.447],[109.443,42.456],[110.4,42.774],[111.007,43.341],[111.933,43.711],[111.402,44.367],[111.898,45.064],[113.587,44.746],[114.03,44.943],[114.517,45.365],[115.681,45.458],[116.241,45.796],[116.563,46.29],[117.333,46.362],[118.309,46.717],[119.707,46.606],[119.898,46.858],[119.711,47.15],[118.498,47.984],[117.768,47.988],[117.351,47.652],[116.761,47.87],[115.898,47.687],[115.558,47.945],[116.683,49.824],[117.873,49.513],[118.452,49.844],[119.26,50.066],[119.192,50.38],[120.067,51.601],[120.75,52.097],[120.656,52.567],[120.095,52.787],[120.704,53.172],[122.338,53.485],[123.608,53.547],[124.812,53.134],[125.649,53.042],[126.313,52.4],[126.925,51.1],[127.59,50.209],[127.502,49.873],[128.0,49.569],[128.704,49.6],[129.12,49.362],[129.498,49.389],[130.804,48.342],[130.712,48.128],[131.003,47.691],[132.562,47.769],[133.144,48.106],[133.468,48.097],[134.293,48.373],[134.564,48.322],[134.752,47.715],[134.168,47.302],[133.861,46.248],[133.186,45.495],[132.936,45.03],[131.978,45.244],[131.082,44.91],[131.255,44.072],[131.262,43.433],[131.069,42.902],[130.577,42.812],[130.527,42.535],[130.24,42.892],[129.898,42.998],[129.72,42.475],[129.314,42.414],[128.923,42.038],[128.045,41.988],[128.291,41.563],[128.111,41.389],[127.18,41.531],[126.904,41.781],[125.989,40.905],[124.889,40.46],[124.362,40.004],[124.106,39.841],[123.348,39.763],[122.335,39.366],[121.65,38.865],[121.785,39.401],[121.518,39.639],[122.275,40.542],[121.859,40.842],[121.175,40.901],[120.479,40.231],[119.591,39.903],[118.912,39.166],[118.298,39.067],[117.785,39.134],[117.558,38.625],[118.015,38.183],[118.94,38.043],[119.089,37.701],[118.953,37.331],[119.45,37.125],[120.37,37.701],[120.75,37.834],[121.64,37.46],[122.602,37.426],[122.52,36.947],[121.933,36.959],[120.99,36.598],[120.393,36.054],[120.055,35.861],[119.216,35.012],[119.583,34.582],[120.201,34.326],[120.505,33.638],[120.871,33.017],[120.853,32.661],[121.401,32.372],[121.352,31.859],[121.055,31.719],[121.661,31.32],[121.878,30.917],[120.998,30.558],[121.159,30.302],[121.944,29.894],[121.717,29.256],[121.602,28.367],[121.098,28.291],[120.279,27.097],[119.648,25.919],[119.539,25.591],[119.025,25.223],[118.56,24.58],[118.087,24.627],[118.056,24.246],[116.538,23.18],[116.471,22.946],[115.498,22.719],[115.196,22.817],[114.854,22.617],[114.266,22.541],[114.015,22.512],[113.62,22.861],[113.527,22.246],[113.494,22.242],[113.479,22.196],[113.008,22.119],[112.586,21.777],[111.944,21.85],[111.603,21.559],[110.771,21.387],[110.194,21.038],[110.512,20.518],[110.123,20.264],[109.663,20.917],[109.931,21.481],[109.544,21.538],[109.149,21.426],[109.031,21.627],[108.325,21.694],[107.973,21.508],[107.351,21.609],[106.729,22.0],[106.536,22.395],[106.78,22.779],[106.148,22.97],[105.843,22.923],[105.275,23.345],[104.865,23.136],[104.796,22.911],[104.372,22.704],[103.356,22.755],[103.005,22.453],[102.517,22.741],[102.127,22.379],[101.671,22.462],[101.525,22.254]]]]}},{"type":"Feature","properties":{"iso":"CO","c":[4.284,-72.584],"bb":[[-4.24,-78.86],[12.42,-66.88]]},"geometry":{"type":"Polygon","coordinates":[[[-66.876,1.223],[-67.352,2.086],[-67.815,1.79],[-68.177,1.72],[-69.849,1.709],[-69.852,1.06],[-69.361,1.064],[-69.163,0.864],[-70.054,0.579],[-70.071,-0.139],[-69.667,-0.482],[-69.4,-1.195],[-69.669,-2.668],[-69.966,-4.236],[-70.34,-3.814],[-70.735,-3.782],[-70.074,-2.75],[-70.096,-2.658],[-70.915,-2.219],[-71.397,-2.334],[-71.753,-2.153],[-72.396,-2.429],[-72.887,-2.408],[-73.154,-2.278],[-73.197,-1.83],[-73.496,-1.693],[-73.664,-1.249],[-74.246,-0.971],[-74.418,-0.581],[-74.802,-0.2],[-75.284,-0.107],[-75.88,0.151],[-76.311,0.448],[-76.495,0.235],[-77.423,0.425],[-77.468,0.637],[-78.312,1.046],[-78.86,1.455],[-78.577,1.774],[-78.617,2.307],[-78.12,2.488],[-77.67,2.879],[-77.243,3.585],[-77.167,3.862],[-77.427,4.06],[-77.286,4.722],[-77.402,5.416],[-77.249,5.78],[-77.469,6.177],[-77.36,6.504],[-77.901,7.229],[-77.744,7.537],[-77.351,7.706],[-77.212,8.034],[-77.374,8.658],[-76.852,8.09],[-76.888,8.62],[-76.277,8.989],[-76.135,9.266],[-75.639,9.45],[-75.671,10.196],[-75.446,10.611],[-74.845,11.11],[-74.454,10.989],[-74.059,11.341],[-73.313,11.296],[-72.722,11.712],[-72.275,11.889],[-72.136,12.189],[-71.715,12.42],[-71.262,12.335],[-71.32,11.862],[-71.958,11.666],[-72.248,11.196],[-72.69,10.836],[-72.869,10.491],[-73.007,9.789],[-73.356,9.227],[-72.796,9.109],[-72.665,8.628],[-72.417,8.382],[-72.443,7.455],[-72.084,7.097],[-71.013,6.994],[-70.655,7.083],[-70.095,6.938],[-69.439,6.135],[-68.472,6.157],[-67.859,6.29],[-67.439,6.026],[-67.825,5.27],[-67.855,4.507],[-67.662,3.864],[-67.311,3.416],[-67.835,2.893],[-67.211,2.39],[-66.876,1.223]]]}},{"type":"Feature","properties":{"iso":"CR","c":[9.614,-83.621],"bb":[[8.07,-85.83],[11.18,-82.56]]},"geometry":{"type":"Polygon","coordinates":[[[-82.879,8.071],[-83.162,8.588],[-83.734,8.614],[-83.637,9.035],[-83.896,9.276],[-84.659,9.647],[-85.115,9.582],[-85.625,9.902],[-85.831,10.398],[-85.667,10.745],[-85.744,11.062],[-85.621,11.184],[-84.909,10.945],[-84.348,10.98],[-84.168,10.78],[-83.811,10.743],[-83.642,10.917],[-83.448,10.466],[-82.778,9.67],[-82.564,9.577],[-82.94,9.449],[-82.917,8.74],[-82.998,8.368],[-82.879,8.071]]]}},{"type":"Feature","properties":{"iso":"CU"},"geometry":{"type":"Polygon","coordinates":[[[-81.575,23.117],[-80.65,23.103],[-79.677,22.743],[-79.276,22.408],[-78.686,22.367],[-77.865,21.901],[-77.497,21.872],[-76.647,21.285],[-75.723,21.111],[-75.643,20.733],[-74.883,20.651],[-74.253,20.08],[-75.116,19.901],[-76.158,19.99],[-77.715,19.855],[-77.213,20.3],[-77.23,20.644],[-77.997,20.715],[-78.491,21.054],[-78.636,21.516],[-79.274,21.563],[-80.231,21.872],[-80.499,22.064],[-80.962,22.053],[-81.816,22.2],[-81.903,22.679],[-82.738,22.689],[-83.38,22.223],[-84.326,22.074],[-84.361,22.379],[-84.045,22.666],[-83.258,22.968],[-82.101,23.19],[-81.575,23.117]]]}},{"type":"Feature","properties":{"iso":"CY","c":[35.115,33.242],"bb":[[34.58,32.32],[35.63,34.46]]},"geometry":{"type":"Polygon","coordinates":[[[34.05,34.988],[33.699,34.97],[33.514,34.806],[33.297,34.718],[33.116,34.696],[32.942,34.576],[32.867,34.661],[32.693,34.649],[32.449,34.729],[32.317,34.953],[32.391,35.05],[32.652,35.183],[32.88,35.181],[32.942,35.39],[33.459,35.336],[34.063,35.474],[34.411,35.629],[34.463,35.594],[33.942,35.292],[33.908,35.202],[34.05,34.988]]]}},{"type":"Feature","properties":{"iso":"CZ","c":[49.806,15.518],"bb":[[48.58,12.28],[51.01,18.83]]},"geometry":{"type":"Polygon","coordinates":[[[16.953,48.599],[16.884,48.704],[16.478,48.8],[16.367,48.739],[16.057,48.755],[15.825,48.864],[15.701,48.86],[15.311,48.974],[14.972,48.984],[14.923,48.771],[14.822,48.774],[14.691,48.599],[14.368,48.576],[14.049,48.602],[13.815,48.767],[13.548,48.96],[13.141,49.158],[12.917,49.33],[12.632,49.461],[12.391,49.74],[12.498,49.853],[12.458,49.956],[12.276,50.042],[12.277,50.181],[12.453,50.35],[13.473,50.617],[13.527,50.693],[13.899,50.761],[14.369,50.899],[14.507,51.01],[14.723,50.815],[14.809,50.859],[14.983,50.887],[14.994,51.014],[15.259,50.959],[15.354,50.812],[15.731,50.74],[16.007,50.612],[16.282,50.656],[16.42,50.574],[16.21,50.424],[16.679,50.097],[16.993,50.26],[16.869,50.415],[17.152,50.378],[17.589,50.157],[17.875,49.972],[18.028,50.035],[18.305,49.914],[18.562,49.879],[18.595,49.758],[18.807,49.614],[18.832,49.511],[18.596,49.491],[18.365,49.336],[18.161,49.257],[18.086,49.065],[17.758,48.888],[17.483,48.828],[17.188,48.861],[17.063,48.781],[16.953,48.599]]]}},{"type":"Feature","properties":{"iso":"DE","c":[51.078,10.478],"bb":[[47.31,5.89],[54.9,15.02]]},"geometry":{"type":"MultiPolygon","coordinates":[[[[7.616,47.593],[7.529,47.674],[7.593,47.906],[7.584,48.064],[7.706,48.28],[7.838,48.636],[8.14,48.886],[8.135,48.974],[7.611,49.062],[7.451,49.152],[7.022,49.123],[6.891,49.208],[6.735,49.161],[6.458,49.443],[6.344,49.453],[6.487,49.798],[6.256,49.872],[6.138,49.974],[6.117,50.121],[6.175,50.233],[6.364,50.316],[6.236,50.597],[5.994,50.75],[6.048,50.905],[5.895,50.984],[6.13,51.147],[6.076,51.224],[6.193,51.489],[5.949,51.762],[6.167,51.881],[6.356,51.825],[6.742,51.911],[6.749,52.099],[6.977,52.206],[7.035,52.38],[6.749,52.464],[6.748,52.634],[7.013,52.634],[7.19,53.0],[7.197,53.282],[7.053,53.376],[7.107,53.557],[7.285,53.681],[8.009,53.691],[8.302,53.584],[8.538,53.557],[8.528,53.781],[8.619,53.875],[8.898,53.836],[8.907,54.261],[8.648,54.398],[8.952,54.468],[8.957,54.538],[8.682,54.792],[8.67,54.903],[8.903,54.897],[9.342,54.806],[9.74,54.826],[10.022,54.674],[10.029,54.581],[10.212,54.409],[10.36,54.438],[10.732,54.316],[11.013,54.379],[11.009,54.181],[10.811,54.075],[11.4,53.945],[11.796,54.145],[12.111,54.168],[12.575,54.467],[13.029,54.411],[13.147,54.283],[13.448,54.141],[13.724,54.153],[13.866,53.853],[14.259,53.73],[14.415,53.283],[14.369,53.106],[14.129,52.878],[14.514,52.646],[14.619,52.529],[14.555,52.36],[14.753,52.082],[14.602,51.832],[14.739,51.627],[14.725,51.524],[14.906,51.463],[15.017,51.253],[14.809,50.859],[14.723,50.815],[14.507,51.01],[14.369,50.899],[13.899,50.761],[13.527,50.693],[13.473,50.617],[12.453,50.35],[12.277,50.181],[12.276,50.042],[12.458,49.956],[12.498,49.853],[12.391,49.74],[12.632,49.461],[12.917,49.33],[13.141,49.158],[13.548,48.96],[13.815,48.767],[13.785,48.587],[13.675,48.523],[13.487,48.582],[13.409,48.394],[12.814,48.161],[12.76,48.076],[12.954,47.891],[12.898,47.722],[13.034,47.699],[13.014,47.478],[12.783,47.564],[12.686,47.669],[12.483,47.637],[12.197,47.709],[12.186,47.62],[11.717,47.583],[11.298,47.425],[10.981,47.398],[10.873,47.52],[10.43,47.541],[10.313,47.313],[10.096,47.38],[10.034,47.474],[9.749,47.576],[9.524,47.524],[9.183,47.671],[8.881,47.656],[8.618,47.766],[8.198,47.607],[7.927,47.564],[7.616,47.593]]],[[[14.214,53.871],[13.926,53.879],[13.922,53.997],[14.211,53.95],[14.214,53.871]]],[[[13.734,54.315],[13.482,54.337],[13.364,54.246],[13.19,54.326],[13.177,54.544],[13.423,54.699],[13.671,54.535],[13.58,54.464],[13.734,54.315]]]]}},{"type":"Feature","properties":{"iso":"DJ"},"geometry":{"type":"Polygon","coordinates":[[[42.923,10.999],[42.558,11.081],[41.798,10.98],[41.767,11.589],[42.379,12.466],[42.67,12.377],[43.117,12.709],[43.41,12.19],[43.272,11.97],[42.799,11.739],[43.246,11.5],[42.923,10.999]]]}},{"type":"Feature","properties":{"iso":"DK","c":[56.207,9.222],"bb":[[54.81,8.12],[57.62,10.93]]},"geometry":{"type":"MultiPolygon","coordinates":[[[[15.051,55.005],[14.684,55.102],[14.765,55.297],[15.133,55.145],[15.051,55.005]]],[[[12.571,55.685],[12.321,55.588],[12.215,55.467],[12.413,55.286],[12.09,55.188],[12.05,54.815],[11.862,54.773],[11.741,54.915],[11.654,55.187],[11.286,55.204],[11.171,55.329],[11.19,55.466],[10.979,55.722],[11.322,55.753],[11.475,55.943],[11.696,55.908],[11.691,55.729],[11.82,55.698],[11.935,55.896],[11.866,55.968],[12.219,56.119],[12.579,56.064],[12.525,55.918],[12.571,55.685]]],[[[11.538,54.83],[11.74,54.807],[11.766,54.679],[11.457,54.629],[11.036,54.773],[11.059,54.941],[11.258,54.952],[11.538,54.83]]],[[[8.67,54.903],[8.616,55.418],[8.132,55.6],[8.202,55.982],[8.121,56.14],[8.164,56.607],[8.553,56.56],[9.067,56.794],[9.255,57.012],[8.993,57.016],[8.772,56.725],[8.468,56.665],[8.268,56.754],[8.284,56.852],[8.619,57.111],[9.299,57.147],[9.554,57.232],[9.962,57.581],[10.259,57.617],[10.537,57.449],[10.524,57.243],[10.296,56.999],[10.283,56.621],[10.49,56.521],[10.846,56.522],[10.926,56.443],[10.856,56.296],[10.539,56.2],[10.319,56.213],[10.183,55.865],[9.591,55.493],[9.671,55.266],[9.454,55.04],[9.645,55.023],[9.74,54.826],[9.342,54.806],[8.903,54.897],[8.67,54.903]]],[[[10.687,55.558],[10.819,55.322],[10.785,55.133],[10.443,55.049],[9.989,55.163],[9.859,55.357],[9.861,55.515],[10.286,55.611],[10.687,55.558]]]]}},{"type":"Feature","properties":{"iso":"DO","c":[18.721,-70.11],"bb":[[17.65,-71.78],[19.91,-68.36]]},"geometry":{"type":"Polygon","coordinates":[[[-71.779,19.718],[-71.558,19.895],[-70.954,19.914],[-70.129,19.636],[-69.739,19.299],[-69.323,19.201],[-68.685,18.905],[-68.359,18.538],[-68.659,18.222],[-68.935,18.408],[-69.771,18.444],[-70.183,18.252],[-70.645,18.336],[-71.028,18.273],[-71.396,17.646],[-71.768,18.039],[-71.657,19.131],[-71.779,19.718]]]}},{"type":"Feature","properties":{"iso":"DZ"},"geometry":{"type":"Polygon","coordinates":[[[9.379,21.991],[7.482,20.873],[5.837,19.479],[4.228,19.143],[3.401,18.988],[3.106,19.15],[3.256,19.411],[3.204,19.79],[2.406,20.064],[2.219,20.248],[1.685,20.378],[1.166,20.817],[1.146,21.102],[-1.293,22.697],[-3.258,23.981],[-4.823,24.996],[-4.83,25.0],[-5.517,25.424],[-6.239,25.848],[-7.367,26.512],[-8.683,27.286],[-8.683,27.656],[-8.683,28.621],[-8.66,28.719],[-8.265,28.981],[-7.999,29.132],[-7.685,29.35],[-7.486,29.392],[-7.235,29.575],[-7.095,29.625],[-6.635,29.569],[-6.521,29.66],[-6.501,29.809],[-6.215,29.811],[-5.775,29.869],[-5.449,29.957],[-5.18,30.166],[-4.968,30.465],[-4.779,30.552],[-4.323,30.699],[-3.985,30.914],[-3.702,30.944],[-3.673,31.111],[-3.833,31.198],[-3.789,31.362],[-3.827,31.662],[-3.44,31.705],[-3.017,31.834],[-2.931,32.043],[-2.448,32.13],[-1.275,32.089],[-1.24,32.338],[-1.066,32.468],[-1.111,32.552],[-1.352,32.703],[-1.51,32.878],[-1.551,33.074],[-1.679,33.319],[-1.631,33.567],[-1.703,33.717],[-1.707,34.176],[-1.792,34.368],[-1.733,34.467],[-1.85,34.607],[-1.796,34.752],[-2.132,34.971],[-2.22,35.104],[-1.913,35.094],[-1.674,35.183],[-1.336,35.364],[-1.205,35.496],[-0.917,35.668],[-0.426,35.862],[-0.189,35.819],[0.048,35.901],[0.152,36.063],[0.515,36.262],[0.972,36.444],[1.257,36.52],[1.975,36.568],[2.343,36.61],[2.593,36.601],[2.973,36.784],[3.521,36.795],[3.779,36.896],[4.758,36.896],[4.995,36.808],[5.196,36.677],[5.425,36.675],[5.725,36.8],[6.065,36.864],[6.249,36.938],[6.328,37.046],[6.487,37.086],[6.576,37.003],[6.928,36.919],[7.238,36.969],[7.204,37.092],[7.608,37.0],[7.91,36.856],[8.127,36.91],[8.577,36.937],[8.601,36.834],[8.444,36.761],[8.37,36.633],[8.231,36.545],[8.349,36.368],[8.246,35.871],[8.318,35.655],[8.316,35.403],[8.394,35.204],[8.277,34.979],[8.246,34.734],[8.123,34.564],[7.838,34.41],[7.749,34.254],[7.514,34.081],[7.5,33.832],[7.763,33.233],[8.076,33.089],[8.211,32.927],[8.333,32.544],[9.044,32.072],[9.363,30.833],[9.519,30.229],[9.31,30.115],[9.546,29.796],[9.673,29.567],[9.821,29.115],[9.843,28.967],[9.816,28.56],[9.858,28.043],[9.916,27.786],[9.748,27.331],[9.837,26.916],[9.894,26.848],[9.859,26.552],[9.491,26.334],[9.438,26.246],[9.448,26.067],[10.001,25.332],[10.046,25.0],[10.256,24.591],[10.686,24.551],[11.537,24.291],[11.968,23.518],[9.379,21.991]]]}},{"type":"Feature","properties":{"iso":"EC","c":[-1.804,-78.294],"bb":[[-4.99,-80.96],[1.46,-75.26]]},"geometry":{"type":"Polygon","coordinates":[[[-80.325,-3.388],[-79.922,-3.09],[-79.73,-2.579],[-80.45,-2.626],[-80.963,-2.189],[-80.77,-2.077],[-80.801,-1.383],[-80.902,-1.079],[-80.554,-0.848],[-80.482,-0.368],[-80.133,-0.006],[-80.025,0.41],[-80.088,0.785],[-79.741,0.98],[-78.9,1.206],[-78.86,1.455],[-78.312,1.046],[-77.468,0.637],[-77.423,0.425],[-76.495,0.235],[-76.311,0.448],[-75.88,0.151],[-75.284,-0.107],[-75.263,-0.555],[-75.571,-1.531],[-76.09,-2.133],[-76.679,-2.563],[-77.861,-2.982],[-78.347,-3.431],[-78.42,-3.777],[-79.076,-4.991],[-79.331,-4.928],[-79.639,-4.455],[-80.14,-4.296],[-80.488,-4.394],[-80.51,-4.07],[-80.179,-3.878],[-80.325,-3.388]]]}},{"type":"Feature","properties":{"iso":"EE","c":[58.547,25.549],"bb":[[57.53,23.43],[59.64,28.15]]},"geometry":{"type":"MultiPolygon","coordinates":[[[[24.323,57.871],[24.464,58.106],[24.529,58.354],[24.337,58.381],[24.115,58.266],[23.768,58.361],[23.509,58.659],[23.432,58.921],[23.515,58.999],[23.494,59.196],[23.783,59.275],[24.083,59.292],[24.38,59.473],[24.584,59.456],[24.878,59.522],[25.444,59.521],[25.509,59.639],[25.794,59.635],[26.625,59.554],[26.975,59.451],[27.893,59.414],[28.013,59.484],[28.151,59.374],[27.898,59.278],[27.758,59.052],[27.464,58.841],[27.427,58.733],[27.531,58.435],[27.488,58.27],[27.753,57.841],[27.542,57.799],[27.352,57.528],[26.9,57.609],[26.533,57.531],[26.298,57.601],[25.991,57.838],[25.794,57.869],[25.34,58.039],[25.111,58.063],[24.323,57.871]]],[[[22.688,58.597],[22.964,58.606],[23.293,58.483],[22.757,58.261],[22.498,58.236],[22.153,58.115],[21.882,58.262],[22.081,58.478],[22.547,58.627],[22.688,58.597]]],[[[22.842,58.777],[22.542,58.69],[22.411,58.863],[22.587,59.081],[22.91,58.991],[23.009,58.834],[22.842,58.777]]]]}},{"type":"Feature","properties":{"iso":"EG"},"geometry":{"type":"Polygon","coordinates":[[[24.98,25.0],[24.98,25.813],[24.98,27.161],[24.98,28.059],[24.98,29.182],[24.916,29.376],[24.804,29.886],[24.712,30.132],[24.726,30.251],[24.878,30.458],[24.974,30.777],[24.878,31.061],[24.853,31.335],[25.15,31.655],[25.225,31.534],[25.382,31.513],[25.893,31.621],[26.457,31.512],[27.248,31.378],[27.54,31.213],[27.83,31.195],[27.968,31.097],[28.515,31.05],[29.072,30.83],[29.279,30.867],[29.592,31.012],[29.93,31.227],[30.223,31.258],[30.395,31.458],[30.571,31.473],[30.7,31.404],[31.002,31.463],[31.052,31.592],[31.194,31.588],[31.524,31.458],[31.889,31.541],[31.876,31.414],[31.771,31.293],[32.008,31.221],[32.102,31.093],[32.207,31.119],[32.324,31.256],[32.603,31.069],[33.13,31.168],[33.194,31.085],[33.378,31.131],[33.667,31.13],[33.903,31.181],[34.198,31.323],[34.245,31.208],[34.659,30.191],[34.904,29.477],[34.736,29.271],[34.617,28.758],[34.446,28.357],[34.4,28.016],[34.22,27.764],[34.045,27.829],[33.76,28.048],[33.594,28.256],[33.248,28.568],[33.204,28.778],[33.076,29.073],[32.871,29.286],[32.721,29.522],[32.647,29.798],[32.566,29.974],[32.36,29.631],[32.397,29.534],[32.565,29.386],[32.638,29.182],[32.632,28.992],[32.784,28.787],[32.898,28.565],[33.202,28.208],[33.547,27.898],[33.55,27.607],[33.697,27.341],[33.802,27.268],[33.893,27.049],[33.959,26.649],[34.05,26.551],[34.329,26.024],[34.565,25.691],[34.679,25.443],[34.925,25.0],[35.194,24.475],[35.625,24.066],[35.523,23.443],[35.698,22.946],[36.23,22.629],[36.871,21.997],[34.575,21.996],[32.606,21.996],[29.565,21.995],[28.036,21.995],[24.98,21.996],[24.98,25.0]]]}},{"type":"Feature","properties":{"iso":"EH"},"geometry":{"type":"Polygon","coordinates":[[[-17.003,21.421],[-15.751,21.491],[-14.841,21.451],[-14.631,21.861],[-14.221,22.31],[-14.021,23.411],[-13.771,23.791],[-13.311,23.981],[-13.061,24.401],[-12.431,24.831],[-12.35,25.0],[-12.171,25.64],[-12.031,26.031],[-11.718,26.104],[-11.637,26.296],[-11.471,26.52],[-11.338,26.633],[-11.317,26.745],[-11.393,26.883],[-10.923,27.01],[-10.551,26.991],[-10.251,26.861],[-10.033,26.911],[-9.9,26.85],[-9.735,26.861],[-9.413,27.088],[-9.002,27.09],[-8.795,27.121],[-8.754,27.191],[-8.803,27.361],[-8.774,27.461],[-8.818,27.656],[-8.683,27.656],[-8.683,27.286],[-8.682,25.996],[-10.376,25.995],[-12.016,25.995],[-12.016,25.0],[-12.023,23.468],[-12.62,23.271],[-13.031,23.0],[-13.094,22.496],[-13.016,21.334],[-15.231,21.331],[-16.965,21.329],[-17.048,20.806],[-17.003,21.421]]]}},{"type":"Feature","properties":{"iso":"ER"},"geometry":{"type":"Polygon","coordinates":[[[38.609,18.005],[38.912,17.427],[39.143,16.729],[39.299,15.921],[39.507,15.532],[39.864,15.47],[40.204,15.014],[41.176,14.62],[41.658,13.983],[42.245,13.588],[42.796,12.864],[43.117,12.709],[42.67,12.377],[42.379,12.466],[41.765,13.184],[41.363,13.5],[40.77,14.144],[40.221,14.431],[39.074,14.628],[38.504,14.424],[37.884,14.852],[37.571,14.149],[37.257,14.454],[37.025,14.272],[36.524,14.257],[36.427,15.132],[36.914,16.296],[37.009,17.059],[37.411,17.062],[37.782,17.458],[38.254,17.585],[38.609,18.005]]]}},{"type":"Feature","properties":{"iso":"ES","c":[39.949,-3.466],"bb":[[36.03,-9.23],[43.77,3.31]]},"geometry":{"type":"MultiPolygon","coordinates":[[[[4.275,39.83],[3.843,39.976],[3.853,40.063],[4.226,40.032],[4.275,39.83]]],[[[3.241,39.757],[3.462,39.698],[3.245,39.387],[3.073,39.301],[2.77,39.41],[2.634,39.556],[2.5,39.478],[2.371,39.613],[2.785,39.855],[3.159,39.971],[3.241,39.757]]],[[[1.428,42.596],[1.486,42.434],[1.706,42.503],[2.033,42.354],[2.2,42.421],[2.568,42.346],[2.97,42.467],[3.211,42.431],[3.307,42.289],[3.166,42.256],[3.248,41.944],[3.005,41.767],[2.311,41.467],[2.083,41.287],[1.567,41.196],[1.033,41.062],[0.715,40.823],[0.859,40.686],[0.596,40.615],[0.364,40.319],[-0.075,39.876],[-0.327,39.52],[-0.329,39.417],[-0.205,39.063],[-0.034,38.891],[0.202,38.759],[-0.053,38.586],[-0.381,38.436],[-0.647,38.152],[-0.683,37.992],[-0.823,37.712],[-0.822,37.581],[-1.328,37.561],[-1.641,37.387],[-1.798,37.233],[-1.939,36.946],[-2.112,36.777],[-2.306,36.82],[-2.596,36.806],[-2.788,36.715],[-3.259,36.756],[-3.431,36.708],[-3.828,36.756],[-4.367,36.718],[-4.674,36.506],[-4.935,36.502],[-5.171,36.424],[-5.361,36.135],[-5.625,36.026],[-6.041,36.188],[-6.17,36.334],[-6.269,36.597],[-6.384,36.637],[-6.396,36.832],[-6.492,36.955],[-6.885,37.194],[-7.175,37.209],[-7.406,37.179],[-7.504,37.585],[-7.444,37.728],[-7.185,38.006],[-7.023,38.045],[-7.343,38.457],[-7.282,38.715],[-7.046,38.907],[-6.998,39.056],[-7.172,39.135],[-7.306,39.338],[-7.335,39.465],[-7.445,39.536],[-7.454,39.681],[-7.037,39.714],[-6.896,40.022],[-7.015,40.208],[-6.81,40.343],[-6.848,40.411],[-6.818,40.654],[-6.928,41.009],[-6.69,41.215],[-6.403,41.375],[-6.212,41.532],[-6.392,41.665],[-6.542,41.673],[-6.618,41.942],[-7.03,41.951],[-7.404,41.834],[-7.693,41.888],[-7.921,41.884],[-8.152,41.812],[-8.225,41.896],[-8.13,42.018],[-8.213,42.134],[-8.538,42.069],[-8.777,41.941],[-8.887,42.105],[-8.691,42.274],[-8.812,42.47],[-8.812,42.64],[-8.988,42.586],[-9.042,42.814],[-9.235,42.977],[-9.178,43.174],[-8.874,43.334],[-8.537,43.337],[-8.249,43.439],[-8.257,43.58],[-8.005,43.694],[-7.698,43.765],[-7.504,43.74],[-7.262,43.595],[-7.061,43.554],[-6.901,43.586],[-6.08,43.595],[-5.847,43.645],[-5.666,43.582],[-5.316,43.553],[-5.105,43.502],[-4.523,43.416],[-4.313,43.415],[-3.889,43.499],[-3.605,43.519],[-3.046,43.372],[-2.875,43.454],[-2.607,43.413],[-2.337,43.328],[-1.991,43.345],[-1.794,43.407],[-1.753,43.325],[-1.411,43.24],[-1.429,43.037],[-1.285,43.06],[-0.934,42.95],[-0.763,42.94],[-0.586,42.799],[-0.299,42.825],[-0.041,42.689],[0.632,42.69],[0.697,42.845],[1.349,42.691],[1.428,42.596]]],[[[1.409,38.857],[1.257,38.879],[1.349,39.081],[1.564,39.121],[1.624,39.039],[1.409,38.857]]],[[[-13.784,28.845],[-13.86,28.869],[-13.788,29.056],[-13.454,29.151],[-13.478,29.007],[-13.784,28.845]]],[[[-14.333,28.056],[-14.232,28.216],[-14.003,28.707],[-13.857,28.738],[-13.828,28.585],[-13.928,28.253],[-14.197,28.169],[-14.333,28.056]]],[[[-15.407,28.071],[-15.389,27.875],[-15.559,27.747],[-15.71,27.784],[-15.807,27.888],[-15.809,27.994],[-15.683,28.154],[-15.453,28.137],[-15.407,28.071]]],[[[-16.418,28.151],[-16.543,28.032],[-16.658,28.007],[-16.795,28.149],[-16.905,28.34],[-16.517,28.413],[-16.319,28.558],[-16.119,28.528],[-16.334,28.38],[-16.418,28.151]]],[[[-17.225,28.014],[-17.325,28.118],[-17.259,28.203],[-17.101,28.083],[-17.225,28.014]]],[[[-17.859,28.486],[-18.001,28.758],[-17.929,28.845],[-17.745,28.787],[-17.758,28.569],[-17.859,28.486]]]]}},{"type":"Feature","properties":{"iso":"ET"},"geometry":{"type":"Polygon","coordinates":[[[34.078,9.462],[34.292,10.125],[34.276,10.528],[34.572,10.88],[34.931,10.865],[35.112,11.817],[35.596,12.537],[36.108,12.726],[36.212,13.271],[36.391,13.626],[36.524,14.257],[37.025,14.272],[37.257,14.454],[37.571,14.149],[37.884,14.852],[38.504,14.424],[39.074,14.628],[40.221,14.431],[40.77,14.144],[41.363,13.5],[41.765,13.184],[42.379,12.466],[41.767,11.589],[41.798,10.98],[42.558,11.081],[42.923,10.999],[42.66,10.621],[42.842,10.203],[43.182,9.88],[43.483,9.379],[44.023,8.986],[46.978,7.997],[47.978,7.997],[45.935,5.997],[44.941,4.912],[44.028,4.951],[43.538,4.84],[43.016,4.563],[42.792,4.292],[42.024,4.138],[41.884,3.978],[41.221,3.944],[40.765,4.273],[39.842,3.851],[39.494,3.456],[38.086,3.649],[36.906,4.411],[36.082,4.45],[35.763,4.808],[35.745,5.344],[35.268,5.492],[35.082,5.673],[34.711,6.66],[34.064,7.226],[33.666,7.671],[33.226,7.761],[33.013,7.952],[33.234,8.396],[33.953,8.444],[34.095,8.582],[34.078,9.462]]]}},{"type":"Feature","properties":{"iso":"FI","c":[65.059,27.534],"bb":[[59.97,20.62],[70.06,31.53]]},"geometry":{"type":"Polygon","coordinates":[[[20.622,69.037],[21.128,69.081],[21.053,69.187],[21.267,69.274],[21.622,69.271],[22.3,68.856],[22.411,68.72],[23.324,68.649],[23.707,68.714],[23.854,68.806],[24.941,68.593],[25.357,68.862],[25.748,68.99],[25.749,69.231],[26.012,69.653],[26.525,69.915],[27.109,69.905],[27.592,70.042],[27.89,70.062],[28.412,69.823],[29.142,69.671],[29.333,69.473],[28.846,69.177],[28.966,69.022],[28.566,68.928],[28.752,68.771],[28.471,68.488],[28.685,68.19],[29.344,68.062],[29.979,67.689],[29.941,67.547],[29.087,66.971],[29.093,66.849],[29.464,66.532],[29.671,66.276],[29.903,66.091],[30.095,65.682],[29.716,65.625],[29.63,65.224],[29.811,65.108],[29.604,64.968],[29.783,64.804],[30.073,64.765],[29.986,64.558],[30.108,64.366],[30.488,64.237],[30.504,64.021],[30.055,63.689],[30.419,63.504],[31.181,63.208],[31.534,62.885],[31.286,62.568],[30.936,62.324],[30.566,62.128],[29.69,61.546],[29.252,61.288],[28.407,60.897],[27.798,60.536],[27.462,60.465],[27.242,60.539],[26.535,60.413],[26.205,60.407],[25.715,60.267],[25.656,60.333],[25.156,60.194],[24.6,60.114],[24.343,60.042],[23.722,59.966],[23.198,60.022],[22.844,60.187],[22.793,60.077],[22.463,60.029],[22.47,60.201],[22.576,60.359],[22.258,60.401],[21.934,60.5],[21.436,60.596],[21.361,60.967],[21.479,61.171],[21.498,61.552],[21.606,61.592],[21.385,61.915],[21.256,61.99],[21.354,62.224],[21.166,62.414],[21.104,62.623],[21.196,62.791],[21.651,63.039],[21.545,63.204],[22.12,63.244],[22.32,63.31],[22.243,63.438],[23.014,63.822],[23.249,63.896],[23.925,64.274],[24.278,64.515],[24.558,64.801],[25.373,65.009],[25.256,65.143],[25.348,65.479],[25.242,65.546],[24.582,65.757],[24.155,65.805],[23.907,66.148],[23.751,66.191],[23.701,66.481],[23.866,66.577],[23.989,66.811],[23.677,67.068],[23.623,67.184],[23.775,67.329],[23.468,67.45],[23.537,67.59],[23.502,67.875],[23.639,67.954],[22.782,68.391],[21.997,68.521],[21.465,68.691],[20.622,69.037]]]}},{"type":"Feature","properties":{"iso":"FO"},"geometry":{"type":"Polygon","coordinates":[[[-6.656,62.094],[-7.014,62.094],[-7.172,62.286],[-6.959,62.316],[-6.631,62.228],[-6.656,62.094]]]}},{"type":"Feature","properties":{"iso":"FR","c":[46.683,2.172],"bb":[[42.35,-4.72],[51.1,8.14]]},"geometry":{"type":"MultiPolygon","coordinates":[[[[-53.847,5.782],[-53.454,5.563],[-52.899,5.425],[-52.291,4.942],[-51.92,4.524],[-51.653,4.061],[-51.991,3.702],[-52.701,2.364],[-52.965,2.184],[-53.768,2.355],[-54.13,2.121],[-54.616,2.327],[-54.196,2.818],[-54.203,3.138],[-53.99,3.59],[-54.351,4.054],[-54.452,5.013],[-54.156,5.359],[-53.847,5.782]]],[[[9.551,42.13],[9.401,41.926],[9.395,41.731],[9.186,41.385],[8.808,41.588],[8.887,41.701],[8.718,41.761],[8.74,41.925],[8.615,41.959],[8.701,42.096],[8.566,42.219],[8.713,42.55],[9.338,42.767],[9.331,42.944],[9.463,42.981],[9.454,42.659],[9.526,42.553],[9.551,42.13]]],[[[7.014,45.5],[7.153,45.401],[7.078,45.24],[6.842,45.136],[6.628,45.118],[6.738,44.921],[6.993,44.827],[7.031,44.717],[6.843,44.511],[6.967,44.28],[7.371,44.127],[7.637,44.165],[7.651,44.034],[7.482,43.865],[7.493,43.767],[7.439,43.75],[7.414,43.771],[7.378,43.732],[7.181,43.659],[6.865,43.438],[6.717,43.374],[6.657,43.262],[6.494,43.169],[6.116,43.072],[5.809,43.098],[5.672,43.178],[5.407,43.229],[5.32,43.345],[5.12,43.349],[5.06,43.445],[4.789,43.379],[4.629,43.387],[4.163,43.504],[4.053,43.593],[3.259,43.193],[3.052,42.915],[3.091,42.591],[3.211,42.431],[2.97,42.467],[2.568,42.346],[2.2,42.421],[2.033,42.354],[1.706,42.503],[1.71,42.604],[1.428,42.596],[1.349,42.691],[0.697,42.845],[0.632,42.69],[-0.041,42.689],[-0.299,42.825],[-0.586,42.799],[-0.763,42.94],[-0.934,42.95],[-1.285,43.06],[-1.429,43.037],[-1.411,43.24],[-1.753,43.325],[-1.794,43.407],[-1.631,43.438],[-1.485,43.564],[-1.346,44.02],[-1.246,44.56],[-1.189,45.161],[-1.081,45.532],[-1.17,45.686],[-1.066,45.806],[-1.146,46.311],[-1.392,46.35],[-1.787,46.515],[-2.059,46.81],[-2.019,47.038],[-2.197,47.163],[-2.108,47.263],[-2.503,47.312],[-2.428,47.471],[-2.554,47.527],[-2.77,47.514],[-3.159,47.695],[-3.901,47.838],[-4.312,47.823],[-4.428,47.969],[-4.629,48.086],[-4.378,48.129],[-4.512,48.23],[-4.393,48.368],[-4.719,48.363],[-4.721,48.54],[-4.531,48.62],[-4.059,48.708],[-3.715,48.71],[-3.471,48.813],[-3.231,48.841],[-3.003,48.791],[-2.692,48.537],[-2.446,48.648],[-1.825,48.631],[-1.438,48.641],[-1.565,48.806],[-1.583,49.202],[-1.87,49.595],[-1.856,49.684],[-1.259,49.68],[-1.232,49.495],[-1.139,49.388],[-0.521,49.355],[-0.163,49.297],[0.278,49.463],[0.109,49.558],[0.187,49.703],[0.616,49.863],[1.246,49.998],[1.407,50.089],[1.552,50.294],[1.579,50.739],[1.672,50.885],[1.913,50.991],[2.525,51.097],[2.597,50.876],[2.84,50.712],[3.107,50.779],[3.273,50.532],[3.627,50.457],[3.748,50.344],[4.044,50.321],[4.175,50.246],[4.176,49.96],[4.369,49.945],[4.656,50.002],[4.868,49.788],[5.279,49.678],[5.507,49.511],[5.79,49.538],[5.959,49.455],[6.242,49.494],[6.344,49.453],[6.458,49.443],[6.735,49.161],[6.891,49.208],[7.022,49.123],[7.451,49.152],[7.611,49.062],[8.135,48.974],[8.14,48.886],[7.838,48.636],[7.706,48.28],[7.584,48.064],[7.593,47.906],[7.529,47.674],[7.616,47.593],[7.42,47.455],[7.203,47.433],[7.053,47.489],[6.9,47.394],[7.001,47.323],[6.625,47.004],[6.456,46.948],[6.41,46.755],[6.161,46.611],[6.06,46.428],[6.087,46.147],[6.273,46.252],[6.235,46.333],[6.429,46.431],[6.758,46.416],[6.817,46.275],[6.772,46.165],[7.021,45.926],[6.804,45.815],[7.014,45.5]]]]}},{"type":"Feature","properties":{"iso":"GA"},"geometry":{"type":"Polygon","coordinates":[[[11.13,-3.916],[10.348,-3.013],[9.759,-2.519],[9.266,-1.825],[9.331,-1.535],[9.065,-1.298],[8.821,-0.708],[9.297,-0.351],[9.591,1.032],[11.335,1.0],[11.329,2.167],[11.348,2.3],[13.22,2.256],[13.294,2.162],[13.163,1.648],[13.274,1.241],[13.851,1.419],[14.181,1.37],[14.434,0.811],[14.088,0.537],[13.885,0.191],[13.86,-0.203],[14.481,-0.618],[14.384,-1.89],[14.087,-2.467],[13.784,-2.164],[13.465,-2.395],[12.992,-2.313],[12.794,-1.932],[12.432,-1.929],[12.446,-2.33],[11.575,-2.397],[11.538,-2.837],[11.934,-3.319],[11.686,-3.682],[11.504,-3.52],[11.13,-3.916]]]}},{"type":"Feature","properties":{"iso":"GB","c":[54.374,-1.977],"bb":[[50.02,-6.04],[58.63,1.75]]},"geometry":{"type":"MultiPolygon","coordinates":[[[[-2.742,51.581],[-2.979,51.539],[-3.293,51.39],[-3.562,51.414],[-3.944,51.598],[-4.115,51.566],[-4.386,51.741],[-4.601,51.738],[-4.902,51.626],[-5.125,51.706],[-5.201,51.861],[-5.088,51.996],[-4.383,52.197],[-4.149,52.326],[-3.98,52.542],[-4.101,52.915],[-4.638,52.891],[-4.111,53.219],[-3.809,53.303],[-3.326,53.347],[-3.065,53.427],[-3.059,53.586],[-2.925,53.733],[-3.027,53.906],[-2.9,53.961],[-2.846,54.135],[-3.166,54.128],[-3.569,54.468],[-3.592,54.564],[-3.465,54.773],[-3.268,54.907],[-3.434,54.964],[-3.783,54.87],[-3.958,54.781],[-4.304,54.836],[-4.517,54.758],[-4.818,54.846],[-5.032,54.761],[-5.135,54.858],[-4.965,55.149],[-4.721,55.421],[-4.724,55.598],[-4.892,55.699],[-4.844,56.051],[-5.246,55.929],[-5.386,55.77],[-5.556,55.39],[-5.768,55.363],[-5.623,55.813],[-5.61,56.055],[-5.392,56.515],[-5.937,56.606],[-6.035,56.764],[-5.731,56.853],[-5.736,56.961],[-5.562,57.233],[-5.818,57.436],[-5.679,57.572],[-5.745,57.668],[-5.608,57.881],[-5.177,57.906],[-5.394,58.044],[-5.338,58.239],[-5.008,58.263],[-5.067,58.52],[-4.925,58.588],[-4.715,58.51],[-3.053,58.635],[-3.101,58.434],[-3.212,58.321],[-3.99,57.959],[-3.888,57.787],[-4.078,57.677],[-3.868,57.6],[-3.403,57.708],[-3.084,57.673],[-2.244,57.681],[-2.074,57.702],[-1.867,57.612],[-1.778,57.494],[-2.02,57.259],[-2.26,56.863],[-2.593,56.562],[-2.775,56.483],[-2.653,56.318],[-2.768,56.202],[-2.98,56.194],[-3.178,56.08],[-3.049,55.952],[-2.837,56.026],[-2.599,56.027],[-2.147,55.903],[-1.655,55.57],[-1.292,54.774],[-1.154,54.654],[-0.671,54.504],[-0.37,54.279],[-0.084,54.118],[-0.206,54.022],[0.011,53.743],[0.128,53.468],[0.356,53.16],[0.046,52.906],[0.28,52.809],[0.559,52.967],[1.056,52.959],[1.382,52.894],[1.657,52.754],[1.747,52.469],[1.559,52.087],[1.317,51.957],[1.274,51.845],[0.955,51.808],[0.891,51.571],[0.593,51.519],[0.687,51.387],[0.889,51.36],[1.415,51.363],[1.398,51.182],[1.044,51.047],[0.96,50.926],[0.684,50.886],[0.205,50.763],[-0.204,50.814],[-0.785,50.765],[-1.285,50.857],[-1.517,50.747],[-2.031,50.725],[-2.036,50.603],[-2.35,50.637],[-2.548,50.616],[-2.777,50.706],[-2.999,50.717],[-3.405,50.632],[-3.584,50.322],[-3.793,50.229],[-4.173,50.391],[-4.728,50.29],[-5.225,50.021],[-5.571,50.197],[-5.342,50.246],[-4.583,50.776],[-4.523,50.977],[-4.296,51.027],[-4.188,51.189],[-3.842,51.231],[-3.375,51.197],[-3.042,51.249],[-2.742,51.581]]],[[[-1.287,60.467],[-1.066,60.382],[-1.179,60.114],[-1.494,60.292],[-1.287,60.467]]],[[[-1.149,50.656],[-1.306,50.589],[-1.515,50.67],[-1.313,50.773],[-1.149,50.656]]],[[[-4.155,53.303],[-4.373,53.134],[-4.553,53.26],[-4.568,53.386],[-4.315,53.417],[-4.155,53.303]]],[[[-5.231,55.448],[-5.393,55.618],[-5.16,55.667],[-5.105,55.449],[-5.231,55.448]]],[[[-7.219,55.092],[-6.947,55.183],[-6.475,55.241],[-6.129,55.217],[-5.986,55.03],[-5.717,54.817],[-5.47,54.5],[-5.646,54.478],[-5.607,54.273],[-5.826,54.236],[-6.019,54.051],[-6.218,54.089],[-6.65,54.059],[-6.936,54.374],[-7.355,54.121],[-7.855,54.215],[-8.118,54.414],[-8.044,54.512],[-7.794,54.571],[-7.886,54.666],[-7.55,54.768],[-7.377,55.028],[-7.219,55.092]]],[[[-6.146,57.461],[-6.136,57.314],[-5.669,57.227],[-5.949,57.045],[-6.034,57.201],[-6.323,57.202],[-6.442,57.327],[-6.761,57.442],[-6.617,57.563],[-6.247,57.651],[-6.146,57.461]]],[[[-6.176,56.289],[-6.103,56.646],[-5.761,56.491],[-5.778,56.344],[-6.176,56.289]]],[[[-5.991,55.804],[-6.072,55.893],[-5.939,56.045],[-5.797,56.006],[-5.991,55.804]]],[[[-6.093,55.802],[-6.055,55.695],[-6.253,55.607],[-6.311,55.856],[-6.093,55.802]]],[[[-6.326,58.189],[-6.425,58.021],[-6.957,57.75],[-7.083,57.814],[-6.864,57.933],[-7.057,58.003],[-7.085,58.182],[-6.237,58.503],[-6.199,58.363],[-6.326,58.189]]],[[[-7.093,57.627],[-7.321,57.534],[-7.499,57.636],[-7.206,57.683],[-7.093,57.627]]]]}},{"type":"Feature","properties":{"iso":"GE","c":[42.34,43.64],"bb":[[41.07,39.98],[43.57,46.63]]},"geometry":{"type":"Polygon","coordinates":[[[41.51,41.517],[41.702,41.705],[41.763,41.97],[41.663,42.147],[41.489,42.659],[41.419,42.738],[41.129,42.828],[41.062,42.931],[40.837,43.063],[40.524,43.121],[39.978,43.42],[40.15,43.57],[40.519,43.512],[40.648,43.534],[41.083,43.374],[41.358,43.333],[41.581,43.219],[42.05,43.19],[42.419,43.224],[42.566,43.155],[42.761,43.17],[42.992,43.092],[43.089,42.989],[43.558,42.844],[43.783,42.747],[43.738,42.617],[43.957,42.567],[44.506,42.749],[44.644,42.735],[44.771,42.617],[44.871,42.756],[45.208,42.648],[45.344,42.53],[45.563,42.536],[45.728,42.475],[45.639,42.205],[45.954,42.035],[46.213,41.99],[46.43,41.891],[46.182,41.657],[46.305,41.508],[46.619,41.344],[46.626,41.16],[46.458,41.07],[46.171,41.198],[46.031,41.167],[45.793,41.224],[45.716,41.338],[45.281,41.45],[45.001,41.291],[44.841,41.211],[44.473,41.191],[44.227,41.213],[43.793,41.131],[43.439,41.107],[43.205,41.199],[43.149,41.307],[42.788,41.564],[42.567,41.559],[42.466,41.44],[42.211,41.487],[41.926,41.496],[41.824,41.432],[41.51,41.517]]]}},{"type":"Feature","properties":{"iso":"GG"},"geometry":{"type":"Polygon","coordinates":[[[-2.547,49.429],[-2.646,49.468],[-2.542,49.507],[-2.547,49.429]]]}},{"type":"Feature","properties":{"iso":"GH"},"geometry":{"type":"Polygon","coordinates":[[[1.187,6.089],[0.95,5.81],[0.26,5.757],[-0.798,5.227],[-1.638,4.981],[-2.002,4.762],[-3.114,5.089],[-3.087,5.128],[-3.019,5.131],[-2.795,5.185],[-3.201,6.348],[-3.236,6.807],[-2.986,7.205],[-2.79,7.932],[-2.506,8.209],[-2.747,9.11],[-2.696,9.481],[-2.787,10.402],[-2.915,10.592],[-2.83,10.998],[-0.701,10.989],[-0.069,11.116],[-0.058,10.631],[0.363,10.236],[0.262,9.496],[0.529,9.358],[0.415,8.653],[0.688,8.304],[0.584,8.146],[0.635,7.354],[0.526,6.851],[0.737,6.453],[1.187,6.089]]]}},{"type":"Feature","properties":{"iso":"GL"},"geometry":{"type":"MultiPolygon","coordinates":[[[[-24.041,70.181],[-23.173,70.115],[-22.284,70.126],[-22.435,69.986],[-23.088,69.883],[-23.015,69.805],[-23.553,69.741],[-23.709,69.627],[-24.741,69.318],[-25.189,69.261],[-25.092,69.165],[-25.544,69.046],[-25.698,68.89],[-26.0,68.809],[-26.341,68.702],[-29.25,68.299],[-29.869,68.312],[-30.979,68.061],[-32.137,68.385],[-32.275,67.923],[-33.157,67.627],[-34.102,66.726],[-34.633,66.435],[-36.379,65.831],[-37.754,65.593],[-39.961,65.556],[-39.578,65.341],[-40.655,64.915],[-40.182,64.48],[-40.782,64.222],[-40.55,63.725],[-42.153,62.568],[-42.321,62.153],[-42.11,61.857],[-42.419,61.537],[-42.717,60.767],[-43.32,59.928],[-44.065,59.925],[-45.379,60.203],[-46.047,60.616],[-46.012,61.097],[-46.874,60.816],[-47.796,60.829],[-48.922,61.277],[-49.289,61.59],[-49.553,62.233],[-50.319,62.473],[-50.338,62.829],[-51.469,63.642],[-51.451,63.905],[-52.093,64.416],[-52.259,65.155],[-53.635,66.414],[-53.038,66.827],[-53.884,67.136],[-53.419,67.575],[-53.578,67.837],[-53.039,68.611],[-51.249,68.74],[-50.5,69.936],[-52.255,70.059],[-54.014,70.422],[-54.166,70.82],[-52.405,70.687],[-51.524,70.439],[-51.13,70.972],[-53.117,71.313],[-53.476,71.64],[-54.689,71.367],[-55.594,71.554],[-55.316,72.111],[-55.602,72.453],[-54.738,72.873],[-56.104,73.558],[-55.929,73.895],[-56.706,74.219],[-56.801,74.672],[-58.603,75.385],[-58.516,75.689],[-61.188,76.158],[-63.439,76.339],[-66.826,75.969],[-68.149,76.067],[-69.373,76.332],[-69.252,76.686],[-70.793,76.869],[-70.863,77.175],[-68.978,77.195],[-68.136,77.38],[-66.453,77.393],[-66.691,77.681],[-69.351,77.467],[-72.818,78.194],[-72.396,78.504],[-68.993,78.857],[-67.482,79.117],[-65.968,79.132],[-64.792,80.001],[-66.844,80.076],[-66.996,80.413],[-62.993,81.207],[-61.436,81.134],[-61.203,81.747],[-58.717,82.093],[-54.726,82.351],[-52.776,82.322],[-50.894,81.895],[-48.861,82.405],[-45.291,81.829],[-44.239,82.368],[-46.478,82.952],[-43.195,83.255],[-32.984,83.6],[-28.992,83.505],[-25.947,83.29],[-24.47,82.877],[-21.521,82.595],[-25.149,82.001],[-21.338,82.069],[-21.147,81.695],[-17.226,81.43],[-15.556,81.834],[-12.193,81.649],[-11.529,81.424],[-14.504,80.763],[-16.761,80.573],[-16.868,80.198],[-19.429,80.258],[-20.138,79.803],[-19.284,79.683],[-19.075,79.152],[-20.956,78.555],[-20.863,77.912],[-20.232,77.368],[-18.339,77.215],[-18.51,76.778],[-20.942,76.887],[-21.877,76.573],[-21.569,76.294],[-20.104,76.219],[-19.509,75.758],[-19.426,75.23],[-20.485,75.314],[-19.225,74.479],[-19.369,74.284],[-21.129,74.111],[-20.367,73.848],[-20.51,73.493],[-22.185,73.27],[-22.036,72.918],[-22.293,72.12],[-22.958,72.0],[-26.0,72.0],[-22.956,71.999],[-22.497,71.914],[-22.37,71.77],[-22.013,71.689],[-22.503,71.5],[-22.299,71.432],[-21.752,71.478],[-21.671,71.206],[-21.675,70.856],[-21.523,70.526],[-21.944,70.443],[-23.328,70.451],[-23.792,70.555],[-24.13,70.791],[-24.377,71.146],[-25.656,71.53],[-26.0,71.578],[-26.0,71.492],[-25.843,71.48],[-25.699,71.368],[-25.742,71.184],[-26.0,71.098],[-27.689,70.993],[-28.541,70.477],[-28.015,70.402],[-26.747,70.476],[-26.0,70.275],[-25.625,70.347],[-24.749,70.295],[-24.041,70.181]]],[[[-26.0,70.532],[-26.0,71.0],[-25.727,71.042],[-25.397,70.862],[-25.402,70.653],[-26.0,70.532]]]]}},{"type":"Feature","properties":{"iso":"GM"},"geometry":{"type":"Polygon","coordinates":[[[-16.763,13.064],[-16.825,13.341],[-16.562,13.587],[-15.51,13.586],[-15.834,13.156],[-16.649,13.154],[-16.763,13.064]]]}},{"type":"Feature","properties":{"iso":"GN"},"geometry":{"type":"Polygon","coordinates":[[[-13.293,9.049],[-13.7,9.851],[-14.427,10.248],[-14.776,10.932],[-15.043,10.94],[-14.683,11.508],[-13.733,11.736],[-13.729,12.674],[-13.083,12.634],[-12.291,12.328],[-11.389,12.404],[-11.305,12.015],[-10.933,12.205],[-10.677,11.899],[-10.275,12.213],[-9.821,12.042],[-9.043,12.402],[-8.822,11.673],[-8.407,11.386],[-8.231,10.438],[-7.991,10.163],[-8.137,10.022],[-8.137,9.496],[-7.896,9.416],[-7.951,8.787],[-7.824,8.468],[-8.232,7.557],[-8.486,7.558],[-8.708,7.659],[-8.89,7.263],[-9.118,7.216],[-9.46,7.443],[-9.369,7.64],[-9.518,8.346],[-9.768,8.535],[-10.283,8.485],[-10.501,8.688],[-10.691,9.314],[-11.206,9.978],[-11.911,9.993],[-12.501,9.862],[-12.756,9.374],[-13.293,9.049]]]}},{"type":"Feature","properties":{"iso":"GQ"},"geometry":{"type":"Polygon","coordinates":[[[9.591,1.032],[9.386,1.139],[9.807,1.927],[9.801,2.304],[9.98,2.168],[11.329,2.167],[11.335,1.0],[9.591,1.032]]]}},{"type":"Feature","properties":{"iso":"GR","c":[39.143,21.757],"bb":[[36.53,20.0],[41.72,26.62]]},"geometry":{"type":"MultiPolygon","coordinates":[[[[27.771,35.908],[27.716,36.172],[27.914,36.345],[28.171,36.426],[28.23,36.37],[28.144,36.21],[27.843,35.929],[27.771,35.908]]],[[[26.947,37.778],[26.845,37.645],[26.639,37.781],[26.947,37.778]]],[[[26.039,40.727],[25.856,40.844],[25.25,40.933],[25.104,40.995],[24.793,40.858],[24.557,40.936],[24.384,40.913],[24.082,40.724],[23.763,40.748],[23.879,40.544],[23.867,40.419],[23.721,40.286],[23.967,40.115],[23.835,40.022],[23.665,40.224],[23.426,40.264],[23.312,40.216],[22.896,40.4],[22.811,40.579],[22.629,40.496],[22.643,40.367],[22.569,40.119],[22.592,40.037],[22.836,39.801],[22.919,39.629],[23.103,39.492],[23.288,39.289],[22.993,39.331],[22.839,39.259],[22.966,39.031],[22.803,38.902],[22.774,38.8],[23.253,38.661],[23.369,38.526],[23.57,38.489],[23.684,38.352],[23.967,38.275],[24.025,38.14],[24.055,37.71],[23.877,37.778],[23.58,38.011],[23.194,37.959],[23.036,37.878],[23.147,37.795],[23.198,37.62],[23.348,37.598],[23.489,37.44],[23.162,37.334],[23.096,37.441],[22.775,37.585],[22.765,37.393],[22.995,37.016],[23.074,36.775],[22.983,36.528],[22.78,36.786],[22.608,36.78],[22.489,36.568],[22.08,37.029],[21.956,36.99],[21.892,36.737],[21.738,36.863],[21.583,37.081],[21.579,37.2],[21.692,37.309],[21.571,37.541],[21.329,37.669],[21.145,37.919],[21.308,38.027],[21.404,38.197],[21.658,38.175],[21.825,38.328],[21.953,38.321],[22.244,38.189],[22.556,38.113],[22.8,37.981],[22.893,38.051],[23.122,38.073],[23.149,38.176],[22.933,38.202],[22.422,38.439],[22.227,38.353],[21.965,38.412],[21.473,38.321],[21.39,38.408],[21.113,38.385],[20.992,38.654],[20.777,38.808],[20.777,38.928],[21.074,38.885],[21.118,39.03],[20.78,39.009],[20.468,39.255],[20.301,39.327],[20.191,39.546],[20.001,39.709],[20.207,39.654],[20.382,39.842],[20.311,39.979],[20.657,40.117],[20.806,40.445],[20.95,40.494],[21.031,40.659],[20.964,40.85],[21.576,40.869],[21.779,40.95],[21.929,41.107],[22.238,41.155],[22.494,41.119],[22.725,41.179],[22.755,41.313],[22.916,41.336],[23.156,41.322],[23.24,41.385],[23.635,41.387],[24.056,41.527],[24.518,41.553],[24.596,41.443],[25.133,41.316],[25.251,41.244],[25.785,41.33],[25.923,41.312],[26.155,41.435],[26.066,41.673],[26.321,41.717],[26.581,41.601],[26.625,41.402],[26.331,41.239],[26.331,40.954],[26.039,40.727]]],[[[26.393,39.27],[26.578,39.11],[26.469,38.973],[26.161,39.026],[25.906,39.139],[25.91,39.288],[26.165,39.374],[26.348,39.383],[26.393,39.27]]],[[[23.921,35.528],[24.166,35.595],[24.313,35.364],[24.721,35.425],[25.003,35.41],[25.104,35.347],[25.476,35.306],[25.73,35.349],[25.745,35.143],[26.299,35.269],[26.244,35.045],[25.83,35.025],[25.206,34.959],[24.8,34.934],[24.709,35.089],[24.464,35.16],[23.884,35.246],[23.638,35.235],[23.562,35.295],[23.57,35.535],[23.715,35.605],[23.921,35.528]]],[[[25.999,38.162],[25.874,38.27],[25.991,38.354],[25.851,38.508],[26.013,38.602],[26.15,38.468],[26.157,38.303],[25.999,38.162]]],[[[25.457,36.93],[25.362,37.07],[25.588,37.153],[25.546,36.968],[25.457,36.93]]],[[[25.4,39.95],[25.357,39.808],[25.062,39.852],[25.058,40.0],[25.4,39.95]]],[[[24.962,37.692],[24.714,37.899],[24.956,37.905],[24.962,37.692]]],[[[24.646,40.579],[24.516,40.647],[24.623,40.793],[24.786,40.704],[24.646,40.579]]],[[[23.472,38.85],[23.878,38.687],[24.099,38.671],[24.276,38.22],[24.563,38.148],[24.502,37.97],[24.212,38.118],[24.04,38.39],[23.759,38.401],[23.617,38.553],[23.252,38.801],[23.029,38.873],[23.146,39.003],[23.313,39.035],[23.472,38.85]]],[[[20.994,37.708],[20.819,37.665],[20.62,37.855],[20.692,37.93],[20.994,37.708]]],[[[20.625,38.268],[20.789,38.142],[20.761,38.071],[20.524,38.107],[20.409,38.337],[20.625,38.268]]],[[[20.1,39.377],[19.884,39.462],[19.649,39.726],[19.839,39.82],[19.937,39.747],[19.904,39.619],[19.955,39.47],[20.1,39.377]]]]}},{"type":"Feature","properties":{"iso":"GT","c":[15.81,-90.227],"bb":[[13.74,-92.23],[17.82,-88.23]]},"geometry":{"type":"Polygon","coordinates":[[[-89.161,17.815],[-89.237,15.894],[-88.894,15.891],[-88.228,15.729],[-88.976,15.143],[-89.222,14.866],[-89.363,14.416],[-89.873,14.046],[-90.095,13.737],[-90.607,13.929],[-91.146,13.926],[-91.819,14.228],[-92.235,14.545],[-92.075,15.074],[-92.187,15.321],[-91.737,16.07],[-90.447,16.073],[-90.417,16.391],[-90.711,16.708],[-91.41,17.256],[-90.993,17.252],[-90.989,17.816],[-89.161,17.815]]]}},{"type":"Feature","properties":{"iso":"GW"},"geometry":{"type":"Polygon","coordinates":[[[-13.729,12.674],[-13.733,11.736],[-14.683,11.508],[-15.043,10.94],[-15.393,11.217],[-15.502,11.724],[-16.138,11.917],[-16.712,12.355],[-15.575,12.49],[-15.196,12.68],[-13.729,12.674]]]}},{"type":"Feature","properties":{"iso":"GY"},"geometry":{"type":"Polygon","coordinates":[[[-60.018,8.549],[-59.2,8.075],[-58.627,7.546],[-58.481,7.038],[-57.983,6.786],[-57.19,6.097],[-57.195,5.548],[-57.331,5.02],[-57.711,4.991],[-58.054,4.172],[-57.833,3.676],[-57.55,3.353],[-57.304,3.377],[-57.21,2.883],[-56.704,2.036],[-56.483,1.942],[-56.837,1.881],[-57.119,2.014],[-57.594,1.704],[-58.341,1.588],[-58.512,1.285],[-58.862,1.204],[-59.231,1.376],[-59.756,1.901],[-59.755,2.274],[-59.994,2.69],[-59.854,3.588],[-59.551,3.934],[-59.833,4.476],[-60.111,4.511],[-59.991,5.083],[-60.142,5.239],[-60.742,5.202],[-61.377,5.907],[-61.129,6.214],[-61.146,6.695],[-60.395,6.945],[-60.719,7.499],[-60.514,7.813],[-60.032,8.054],[-59.832,8.306],[-60.018,8.549]]]}},{"type":"Feature","properties":{"iso":"HK","c":[22.404,114.204],"bb":[[22.3,114.02],[22.54,114.27]]},"geometry":{"type":"Polygon","coordinates":[[[114.266,22.541],[114.268,22.296],[114.015,22.512],[114.266,22.541]]]}},{"type":"Feature","properties":{"iso":"HN"},"geometry":{"type":"Polygon","coordinates":[[[-87.337,12.979],[-87.489,13.353],[-87.814,13.399],[-87.715,13.813],[-88.151,13.987],[-88.513,13.979],[-89.057,14.329],[-89.363,14.416],[-89.222,14.866],[-88.976,15.143],[-88.228,15.729],[-87.618,15.91],[-86.907,15.762],[-86.357,15.783],[-85.784,16.003],[-85.484,15.9],[-84.974,15.99],[-84.261,15.823],[-83.76,15.22],[-83.369,15.24],[-83.158,14.993],[-83.415,15.008],[-83.867,14.794],[-84.646,14.661],[-84.985,14.752],[-85.179,14.343],[-85.787,13.844],[-86.151,13.995],[-86.332,13.77],[-86.734,13.763],[-86.711,13.313],[-87.059,12.991],[-87.337,12.979]]]}},{"type":"Feature","properties":{"iso":"HR","c":[44.736,15.337],"bb":[[42.94,13.52],[46.53,19.39]]},"geometry":{"type":"MultiPolygon","coordinates":[[[[16.516,46.5],[16.748,46.416],[16.94,46.254],[17.15,46.14],[17.311,45.996],[17.607,45.914],[17.706,45.827],[17.964,45.77],[18.437,45.767],[18.666,45.907],[18.905,45.932],[18.839,45.836],[19.055,45.527],[19.005,45.4],[19.33,45.268],[19.388,45.173],[19.063,45.137],[19.1,44.974],[19.007,44.869],[18.836,44.883],[18.663,45.077],[18.285,45.134],[17.996,45.142],[17.813,45.078],[17.69,45.158],[17.546,45.123],[17.125,45.172],[16.919,45.277],[16.791,45.197],[16.531,45.217],[16.293,45.009],[16.028,45.19],[15.788,45.179],[15.737,44.766],[16.13,44.474],[16.214,44.215],[16.591,43.913],[16.713,43.779],[17.085,43.517],[17.274,43.446],[17.293,43.306],[17.625,43.043],[17.585,42.938],[17.129,43.211],[16.903,43.392],[16.394,43.543],[15.986,43.52],[15.942,43.657],[15.499,43.909],[15.123,44.257],[15.27,44.383],[14.895,44.707],[14.907,44.971],[14.855,45.081],[14.55,45.298],[14.386,45.342],[13.966,44.836],[13.861,44.837],[13.629,45.108],[13.517,45.482],[13.578,45.517],[13.879,45.428],[14.086,45.478],[14.37,45.481],[14.534,45.645],[14.734,45.508],[15.11,45.451],[15.339,45.467],[15.277,45.733],[15.625,45.834],[15.666,46.048],[15.636,46.201],[16.227,46.373],[16.321,46.535],[16.516,46.5]]],[[[18.517,42.433],[17.668,42.897],[17.841,42.845],[18.304,42.599],[18.436,42.56],[18.517,42.433]]],[[[17.124,43.115],[16.679,43.123],[16.697,43.175],[17.124,43.115]]],[[[14.687,44.956],[14.438,45.099],[14.571,45.225],[14.81,44.977],[14.687,44.956]]],[[[14.48,44.621],[14.303,44.94],[14.467,44.97],[14.48,44.621]]]]}},{"type":"Feature","properties":{"iso":"HT"},"geometry":{"type":"Polygon","coordinates":[[[-71.768,18.039],[-72.06,18.229],[-72.877,18.152],[-73.385,18.251],[-73.885,18.042],[-74.419,18.346],[-74.228,18.663],[-73.592,18.522],[-72.789,18.435],[-72.348,18.675],[-72.811,19.072],[-72.703,19.441],[-73.053,19.611],[-73.118,19.904],[-72.637,19.901],[-71.779,19.718],[-71.657,19.131],[-71.768,18.039]]]}},{"type":"Feature","properties":{"iso":"HU","c":[47.221,19.134],"bb":[[45.77,16.09],[48.55,22.88]]},"geometry":{"type":"Polygon","coordinates":[[[22.877,47.947],[22.677,47.799],[22.291,47.728],[22.0,47.505],[21.995,47.396],[21.869,47.305],[21.785,47.138],[21.494,46.79],[21.497,46.704],[21.32,46.608],[21.152,46.304],[21.04,46.242],[20.837,46.26],[20.614,46.133],[20.508,46.167],[20.242,46.109],[20.161,46.142],[19.531,46.155],[19.208,45.984],[19.087,46.016],[18.905,45.932],[18.666,45.907],[18.437,45.767],[17.964,45.77],[17.706,45.827],[17.607,45.914],[17.311,45.996],[17.15,46.14],[16.94,46.254],[16.748,46.416],[16.516,46.5],[16.381,46.639],[16.284,46.857],[16.093,46.863],[16.253,46.972],[16.453,47.007],[16.434,47.367],[16.623,47.448],[16.64,47.609],[16.748,47.686],[17.067,47.708],[17.03,47.837],[17.147,48.006],[17.317,47.991],[17.762,47.77],[18.146,47.763],[18.724,47.787],[18.792,48.0],[18.914,48.051],[19.467,48.111],[19.625,48.223],[19.899,48.131],[20.334,48.296],[20.49,48.527],[20.867,48.546],[21.067,48.506],[21.451,48.552],[21.767,48.338],[22.132,48.405],[22.254,48.407],[22.35,48.256],[22.582,48.134],[22.769,48.11],[22.877,47.947]]]}},{"type":"Feature","properties":{"iso":"ID","c":[0.134,113.335],"bb":[[-4.17,108.91],[4.35,118.98]]},"geometry":{"type":"MultiPolygon","coordinates":[[[[140.976,-9.119],[139.935,-8.101],[139.386,-8.189],[138.856,-8.145],[139.088,-7.587],[138.748,-7.251],[138.865,-6.858],[138.439,-6.343],[138.252,-5.688],[137.759,-5.256],[137.089,-4.924],[136.619,-4.819],[135.98,-4.531],[135.196,-4.451],[134.147,-3.797],[133.974,-3.818],[133.653,-3.364],[133.249,-4.062],[132.969,-4.095],[132.754,-3.704],[132.751,-3.295],[132.348,-2.975],[133.191,-2.438],[133.609,-2.547],[133.905,-2.391],[133.922,-2.102],[132.963,-2.273],[132.308,-2.242],[132.023,-1.99],[131.93,-1.56],[131.294,-1.393],[131.257,-0.855],[131.804,-0.704],[132.128,-0.454],[132.625,-0.359],[133.473,-0.726],[133.975,-0.744],[134.26,-1.363],[134.106,-1.721],[134.156,-2.195],[135.037,-3.333],[135.487,-3.345],[136.243,-2.583],[136.39,-2.273],[136.843,-2.198],[137.123,-1.841],[137.806,-1.483],[138.65,-1.791],[139.79,-2.348],[140.623,-2.446],[140.973,-2.61],[140.974,-4.226],[140.975,-6.905],[140.976,-9.119]]],[[[129.984,-2.977],[130.379,-2.989],[130.86,-3.57],[130.805,-3.858],[129.844,-3.327],[129.468,-3.453],[128.967,-3.326],[128.419,-3.416],[128.082,-3.184],[128.199,-2.866],[129.543,-2.79],[129.984,-2.977]]],[[[127.805,0.826],[128.424,1.518],[128.688,1.573],[128.703,1.106],[128.299,0.877],[128.692,0.36],[127.983,0.472],[127.887,0.298],[128.046,-0.706],[127.692,-0.242],[127.709,0.288],[127.555,0.49],[127.42,1.252],[127.632,1.844],[128.011,1.701],[128.012,1.332],[127.653,1.014],[127.805,0.826]]],[[[124.698,0.826],[124.428,0.471],[123.754,0.306],[123.265,0.327],[123.083,0.486],[121.842,0.437],[121.426,0.495],[120.349,0.449],[120.013,-0.196],[120.097,-0.65],[120.518,-1.039],[120.667,-1.37],[121.034,-1.407],[121.519,-0.856],[121.97,-0.933],[122.28,-0.757],[122.889,-0.755],[122.507,-1.348],[121.719,-1.863],[121.349,-1.946],[121.848,-2.332],[122.399,-3.201],[122.253,-3.62],[122.877,-4.109],[122.897,-4.349],[122.207,-4.496],[121.917,-4.848],[121.487,-4.581],[121.618,-4.093],[120.914,-3.556],[121.054,-3.167],[121.052,-2.752],[120.654,-2.668],[120.254,-3.053],[120.437,-3.707],[120.363,-4.086],[120.42,-4.617],[120.279,-5.146],[120.312,-5.542],[119.717,-5.693],[119.376,-5.425],[119.612,-4.424],[119.624,-4.034],[119.42,-3.475],[118.995,-3.538],[118.813,-3.157],[118.784,-2.765],[119.092,-2.483],[119.322,-1.93],[119.309,-1.408],[119.772,-0.484],[119.809,0.239],[120.27,0.971],[120.517,0.818],[120.912,1.289],[121.44,1.214],[121.592,1.068],[122.437,1.018],[122.892,0.85],[123.278,0.928],[123.847,0.838],[124.274,1.022],[124.989,1.701],[125.234,1.502],[124.698,0.826]]],[[[125.068,-9.512],[124.428,-10.149],[123.858,-10.344],[123.589,-9.967],[123.709,-9.615],[124.036,-9.342],[124.444,-9.19],[124.922,-8.942],[125.068,-9.512]]],[[[122.642,-8.647],[121.651,-8.899],[121.035,-8.935],[119.808,-8.698],[119.918,-8.445],[120.61,-8.24],[121.445,-8.578],[121.967,-8.455],[122.642,-8.647]]],[[[120.058,-9.42],[120.504,-9.674],[120.833,-10.037],[120.439,-10.294],[120.145,-10.2],[119.601,-9.774],[119.085,-9.707],[119.186,-9.384],[119.942,-9.301],[120.058,-9.42]]],[[[118.292,-8.357],[118.988,-8.338],[119.006,-8.75],[118.19,-8.841],[117.061,-9.099],[116.788,-9.006],[116.835,-8.532],[117.165,-8.367],[117.567,-8.426],[118.117,-8.122],[118.292,-8.357]]],[[[117.574,4.171],[117.63,3.636],[117.166,3.592],[117.611,3.064],[118.067,2.318],[117.865,1.968],[118.08,1.702],[118.985,0.982],[118.535,0.814],[118.196,0.874],[117.745,0.73],[117.522,0.236],[117.463,-0.324],[117.563,-0.771],[116.554,-1.474],[116.424,-2.053],[116.565,-2.3],[116.331,-2.902],[115.956,-3.595],[114.694,-4.17],[114.536,-3.494],[114.082,-3.279],[113.796,-3.456],[113.526,-3.184],[112.971,-3.187],[112.6,-3.4],[112.285,-3.321],[111.822,-3.533],[111.823,-3.057],[111.368,-2.934],[111.044,-3.056],[110.574,-2.891],[110.233,-2.925],[110.019,-1.399],[109.787,-1.011],[109.454,-0.869],[109.161,-0.495],[109.258,0.031],[108.945,0.356],[108.906,0.794],[109.076,1.496],[109.379,1.923],[109.629,2.028],[109.654,1.615],[110.506,0.862],[110.938,1.017],[111.77,0.999],[112.079,1.143],[112.186,1.439],[112.476,1.559],[113.622,1.236],[113.902,1.434],[114.546,1.467],[114.831,1.98],[114.786,2.25],[115.179,2.523],[115.086,2.841],[115.454,3.034],[115.568,3.939],[115.896,4.349],[117.101,4.337],[117.574,4.171]]],[[[107.475,-6.122],[108.295,-6.265],[108.678,-6.791],[110.426,-6.947],[110.737,-6.472],[111.154,-6.669],[111.54,-6.648],[112.087,-6.893],[112.539,-6.926],[112.795,-7.552],[113.248,-7.718],[114.071,-7.633],[114.444,-7.896],[114.387,-8.405],[114.584,-8.77],[113.253,-8.287],[112.679,-8.409],[111.51,-8.305],[110.607,-8.149],[110.039,-7.891],[109.282,-7.705],[108.741,-7.667],[108.452,-7.797],[107.917,-7.724],[107.285,-7.472],[106.631,-7.416],[106.52,-7.054],[105.484,-6.782],[105.868,-6.116],[106.075,-5.914],[106.825,-6.098],[107.046,-5.904],[107.475,-6.122]]],[[[106.08,-1.738],[106.366,-2.465],[106.679,-2.704],[106.547,-3.056],[105.999,-2.825],[105.786,-2.181],[105.133,-2.043],[105.585,-1.527],[105.91,-1.505],[106.08,-1.738]]],[[[96.615,5.22],[97.547,5.206],[97.908,4.88],[98.248,4.415],[98.307,4.093],[99.732,3.183],[100.457,2.257],[100.685,2.12],[101.046,2.257],[101.477,1.693],[101.785,1.621],[102.157,1.259],[102.469,0.779],[102.849,0.715],[103.067,0.492],[103.479,0.48],[103.787,0.047],[103.429,-0.192],[103.431,-0.534],[103.721,-0.887],[104.361,-1.038],[104.569,-1.922],[104.845,-2.093],[104.668,-2.386],[105.397,-2.38],[105.582,-2.492],[106.044,-3.106],[105.844,-3.614],[105.887,-5.01],[105.816,-5.677],[105.619,-5.8],[105.349,-5.55],[105.081,-5.746],[104.64,-5.52],[104.602,-5.905],[103.831,-5.08],[102.919,-4.471],[102.538,-4.152],[102.128,-3.599],[101.579,-3.167],[100.848,-2.144],[100.855,-1.934],[100.487,-1.299],[100.308,-0.827],[99.598,0.102],[99.159,0.352],[98.796,1.495],[98.564,1.902],[97.701,2.359],[97.591,2.847],[97.391,2.975],[96.969,3.575],[96.445,3.816],[95.495,4.761],[95.207,5.284],[95.396,5.629],[95.841,5.515],[96.133,5.294],[96.615,5.22]]]]}},{"type":"Feature","properties":{"iso":"IE","c":[53.481,-8.122],"bb":[[51.48,-10.39],[55.35,-6.03]]},"geometry":{"type":"Polygon","coordinates":[[[-6.218,54.089],[-6.345,53.987],[-6.142,53.578],[-6.135,53.301],[-6.027,52.927],[-6.131,52.807],[-6.217,52.543],[-6.463,52.345],[-6.325,52.247],[-6.561,52.189],[-6.782,52.21],[-7.082,52.139],[-7.527,52.099],[-7.665,51.98],[-8.813,51.585],[-9.296,51.498],[-9.463,51.529],[-9.835,51.483],[-9.58,51.689],[-9.899,51.647],[-9.803,51.78],[-10.341,51.799],[-10.379,51.869],[-9.956,52.137],[-10.39,52.135],[-10.211,52.272],[-9.937,52.238],[-9.906,52.404],[-9.586,52.559],[-9.331,52.579],[-8.783,52.68],[-8.99,52.755],[-9.175,52.635],[-9.561,52.654],[-9.299,53.098],[-8.997,53.162],[-9.14,53.25],[-9.471,53.235],[-9.795,53.395],[-10.091,53.413],[-10.117,53.549],[-9.878,53.59],[-9.902,53.727],[-9.578,53.805],[-9.579,53.88],[-9.914,53.864],[-9.856,54.004],[-9.996,54.276],[-9.316,54.299],[-9.146,54.21],[-9.002,54.288],[-8.588,54.231],[-8.623,54.347],[-8.23,54.507],[-8.133,54.641],[-8.457,54.609],[-8.764,54.681],[-8.377,54.889],[-8.412,54.965],[-8.275,55.146],[-7.803,55.2],[-7.247,55.353],[-6.962,55.238],[-7.219,55.092],[-7.377,55.028],[-7.55,54.768],[-7.886,54.666],[-7.794,54.571],[-8.044,54.512],[-8.118,54.414],[-7.855,54.215],[-7.355,54.121],[-6.936,54.374],[-6.65,54.059],[-6.218,54.089]]]}},{"type":"Feature","properties":{"iso":"IL","c":[31.438,34.66],"bb":[[29.48,34.24],[33.42,35.89]]},"geometry":{"type":"Polygon","coordinates":[[[35.816,33.362],[35.785,33.291],[35.888,32.944],[35.787,32.735],[35.573,32.641],[35.551,32.396],[35.362,32.507],[35.193,32.534],[35.065,32.46],[34.956,32.161],[34.99,31.913],[35.198,31.776],[34.951,31.602],[34.873,31.397],[35.101,31.366],[35.451,31.479],[35.401,31.231],[35.439,31.132],[35.174,30.524],[35.142,30.142],[35.068,29.978],[34.973,29.555],[34.904,29.477],[34.659,30.191],[34.245,31.208],[34.35,31.363],[34.526,31.526],[34.477,31.585],[34.678,31.896],[34.804,32.196],[34.922,32.614],[35.109,33.084],[35.411,33.076],[35.533,33.25],[35.841,33.416],[35.816,33.362]]]}},{"type":"Feature","properties":{"iso":"IM"},"geometry":{"type":"Polygon","coordinates":[[[-4.614,54.059],[-4.746,54.119],[-4.509,54.377],[-4.338,54.269],[-4.614,54.059]]]}},{"type":"Feature","properties":{"iso":"IN"},"geometry":{"type":"Polygon","coordinates":[[[88.162,26.725],[88.0,27.077],[88.0,27.242],[88.11,27.871],[88.621,28.092],[88.849,27.869],[88.891,27.316],[88.858,26.961],[89.764,26.702],[90.346,26.89],[90.74,26.772],[91.998,26.855],[92.083,27.291],[91.595,27.558],[91.632,27.76],[91.978,27.73],[92.664,27.949],[92.702,28.147],[93.207,28.591],[93.902,28.803],[94.623,29.312],[94.769,29.176],[95.42,29.054],[96.035,29.447],[96.436,29.051],[96.603,28.46],[97.322,28.218],[97.335,27.938],[96.666,27.339],[96.061,27.217],[95.129,26.597],[95.132,26.041],[94.623,25.41],[94.708,25.049],[94.293,24.322],[94.128,23.876],[93.307,24.022],[93.415,23.682],[93.366,23.133],[93.079,22.718],[93.162,22.36],[92.965,22.004],[92.575,21.978],[92.491,22.685],[92.362,22.929],[92.246,23.684],[91.938,23.505],[91.62,22.98],[91.315,23.104],[91.16,23.661],[91.367,24.094],[91.877,24.195],[92.064,24.374],[92.251,24.895],[92.05,25.169],[90.439,25.158],[89.814,25.305],[89.823,25.941],[89.289,26.038],[89.108,26.202],[88.44,26.369],[88.085,25.888],[88.452,25.574],[88.456,25.188],[88.146,24.486],[88.734,24.231],[88.567,23.674],[88.741,23.437],[89.051,22.093],[89.052,21.654],[88.254,21.622],[87.948,21.825],[87.101,21.501],[86.86,21.237],[86.975,20.7],[86.75,20.313],[86.279,19.919],[85.575,19.693],[84.771,19.125],[84.104,18.293],[83.654,18.07],[83.198,17.609],[82.36,17.096],[82.259,16.56],[81.762,16.329],[81.239,16.264],[80.979,15.758],[80.647,15.895],[80.293,15.711],[80.053,15.074],[80.165,14.578],[80.112,14.212],[80.342,13.361],[80.229,12.69],[79.858,11.989],[79.754,11.575],[79.849,11.197],[79.838,10.323],[79.391,10.306],[78.996,9.683],[78.98,9.269],[78.421,9.105],[78.192,8.891],[78.06,8.385],[77.518,8.078],[76.967,8.407],[76.553,8.903],[76.325,9.452],[76.346,9.922],[75.923,10.784],[75.724,11.362],[75.197,12.058],[74.771,13.077],[74.671,13.668],[74.382,14.495],[73.949,15.075],[73.932,15.397],[73.476,16.054],[73.338,16.46],[73.156,17.622],[72.871,18.683],[72.668,19.831],[72.881,20.563],[72.814,21.117],[72.543,21.697],[72.59,22.278],[72.333,22.27],[72.037,21.823],[72.254,21.531],[72.015,21.156],[71.025,20.739],[70.719,20.74],[70.127,21.095],[69.009,22.197],[70.177,22.573],[70.251,22.971],[69.665,22.759],[69.236,22.849],[68.641,23.19],[68.165,23.857],[68.724,23.965],[68.728,24.266],[69.559,24.273],[69.716,24.173],[70.547,24.418],[71.044,24.4],[70.905,25.0],[70.652,25.423],[70.648,25.667],[70.265,25.707],[70.1,25.91],[70.078,26.072],[70.133,26.215],[70.157,26.471],[70.059,26.579],[69.736,26.627],[69.507,26.743],[69.47,26.804],[69.568,27.175],[69.896,27.474],[70.145,27.849],[70.404,28.025],[70.629,27.937],[70.737,27.729],[70.875,27.714],[71.185,27.832],[71.543,27.87],[71.87,27.963],[71.948,28.177],[72.179,28.422],[72.342,28.752],[72.903,29.029],[73.231,29.551],[73.382,29.934],[73.809,30.093],[73.933,30.222],[73.899,30.435],[74.009,30.52],[74.216,30.769],[74.633,31.035],[74.518,31.186],[74.594,31.465],[74.51,31.713],[74.556,31.819],[74.739,31.949],[75.254,32.14],[75.333,32.279],[75.234,32.372],[74.987,32.462],[74.789,32.458],[74.658,32.519],[74.663,32.758],[74.355,32.769],[74.304,32.992],[74.126,33.075],[73.994,33.242],[74.118,33.384],[74.15,33.507],[74.004,33.632],[74.001,33.788],[74.216,33.887],[74.246,33.99],[73.95,34.019],[73.979,34.191],[73.81,34.325],[73.812,34.422],[73.961,34.653],[74.3,34.765],[74.952,34.646],[75.188,34.639],[75.453,34.537],[75.709,34.503],[76.041,34.67],[76.172,34.668],[76.457,34.756],[76.594,34.736],[76.783,34.9],[77.001,34.992],[77.049,35.11],[77.799,35.496],[78.047,35.449],[78.012,35.251],[78.282,34.654],[78.327,34.606],[78.671,34.518],[78.936,34.352],[78.971,34.228],[78.753,34.088],[78.802,33.5],[79.113,33.226],[79.109,33.023],[79.202,32.946],[79.234,32.703],[79.219,32.501],[79.067,32.388],[78.919,32.358],[78.771,32.468],[78.701,32.597],[78.39,32.52],[78.496,32.216],[78.735,31.958],[78.693,31.74],[78.803,31.618],[78.727,31.472],[78.792,31.294],[79.107,31.403],[79.339,31.106],[79.565,30.949],[79.795,30.968],[80.081,30.782],[80.194,30.759],[80.191,30.568],[80.682,30.415],[80.985,30.237],[81.01,30.165],[80.908,30.172],[80.549,29.9],[80.402,29.73],[80.255,29.423],[80.233,29.195],[80.13,29.1],[80.071,28.83],[80.419,28.612],[80.587,28.65],[80.751,28.54],[81.169,28.335],[81.311,28.176],[81.853,27.867],[81.988,27.914],[82.451,27.672],[82.677,27.673],[82.733,27.519],[83.29,27.371],[83.447,27.465],[83.829,27.378],[84.091,27.491],[84.61,27.299],[84.685,27.041],[85.293,26.741],[85.568,26.84],[85.7,26.782],[85.737,26.64],[85.856,26.6],[86.007,26.649],[86.366,26.574],[86.701,26.435],[87.016,26.555],[87.09,26.433],[87.287,26.36],[87.414,26.423],[87.633,26.399],[87.849,26.437],[88.0,26.384],[88.162,26.725]]]}},{"type":"Feature","properties":{"iso":"IQ"},"geometry":{"type":"Polygon","coordinates":[[[44.765,37.142],[44.881,36.799],[45.034,36.659],[45.031,36.526],[45.241,36.356],[45.362,36.015],[45.484,36.009],[45.723,35.837],[46.167,35.821],[46.263,35.744],[46.037,35.673],[45.971,35.524],[46.112,35.322],[46.134,35.128],[45.921,35.029],[45.678,34.798],[45.638,34.574],[45.501,34.582],[45.438,34.415],[45.527,34.285],[45.529,34.153],[45.397,33.971],[45.473,33.925],[45.738,33.603],[45.879,33.61],[46.146,33.23],[46.081,33.087],[46.113,32.958],[46.377,32.929],[46.57,32.834],[47.121,32.467],[47.371,32.424],[47.512,32.151],[47.83,31.794],[47.679,31.401],[47.679,31.002],[48.011,30.99],[48.015,30.466],[48.331,30.285],[48.435,30.038],[48.546,29.962],[48.355,29.957],[48.142,30.041],[47.979,29.983],[47.673,30.096],[47.331,30.08],[47.114,29.961],[46.906,29.538],[46.769,29.347],[46.531,29.096],[46.356,29.064],[45.499,29.132],[44.691,29.202],[44.1,29.619],[42.858,30.495],[42.074,31.08],[40.808,31.725],[40.369,31.939],[39.145,32.125],[39.293,32.244],[39.247,32.351],[39.041,32.306],[39.058,32.493],[38.774,33.372],[39.564,33.768],[40.689,34.332],[40.987,34.429],[41.195,34.769],[41.216,35.288],[41.354,35.64],[41.353,35.81],[41.246,36.073],[41.296,36.383],[41.417,36.515],[41.789,36.597],[42.35,37.061],[42.359,37.109],[42.456,37.129],[42.775,37.372],[42.937,37.325],[43.092,37.367],[43.516,37.245],[43.836,37.224],[44.013,37.314],[44.208,37.203],[44.202,37.052],[44.282,36.978],[44.606,37.176],[44.765,37.142]]]}},{"type":"Feature","properties":{"iso":"IR"},"geometry":{"type":"MultiPolygon","coordinates":[[[[61.262,35.62],[61.279,35.514],[61.189,35.312],[61.1,35.272],[61.15,35.094],[61.08,34.856],[60.951,34.654],[60.726,34.518],[60.889,34.319],[60.643,34.307],[60.486,34.095],[60.527,33.842],[60.511,33.639],[60.655,33.56],[60.917,33.505],[60.561,33.138],[60.577,32.995],[60.829,32.249],[60.79,31.987],[60.792,31.661],[60.854,31.483],[61.66,31.382],[61.755,31.285],[61.814,31.073],[61.784,30.832],[60.843,29.859],[61.318,29.373],[61.338,29.265],[61.623,28.792],[61.89,28.547],[62.353,28.415],[62.565,28.235],[62.763,28.202],[62.74,28.002],[62.812,27.497],[62.763,27.25],[62.915,27.218],[63.167,27.252],[63.242,27.078],[63.25,26.879],[63.168,26.666],[63.093,26.632],[62.787,26.644],[62.439,26.561],[62.312,26.491],[62.239,26.357],[61.87,26.242],[61.81,26.165],[61.754,25.843],[61.669,25.769],[61.588,25.202],[61.412,25.102],[60.664,25.282],[60.511,25.437],[60.4,25.312],[60.025,25.384],[59.616,25.403],[59.456,25.481],[59.046,25.417],[58.798,25.555],[58.531,25.592],[58.314,25.581],[58.022,25.641],[57.796,25.653],[57.733,25.725],[57.335,25.792],[57.206,26.037],[57.201,26.159],[57.104,26.371],[57.072,26.68],[56.982,26.905],[56.813,27.09],[56.356,27.2],[56.118,27.143],[55.941,27.038],[55.65,26.978],[55.424,26.771],[55.294,26.786],[54.896,26.557],[54.645,26.509],[54.247,26.697],[54.069,26.732],[53.706,26.726],[53.507,26.852],[53.455,26.943],[52.983,27.142],[52.692,27.323],[52.603,27.493],[52.476,27.617],[52.192,27.717],[52.031,27.824],[51.666,27.845],[51.519,27.91],[51.279,28.131],[51.276,28.219],[51.094,28.512],[51.062,28.726],[50.867,28.87],[50.876,29.063],[50.675,29.147],[50.65,29.42],[50.169,29.921],[50.072,30.199],[49.983,30.209],[49.555,30.029],[49.43,30.13],[49.054,30.307],[49.13,30.509],[48.917,30.397],[48.919,30.121],[48.832,30.035],[48.546,29.962],[48.435,30.038],[48.331,30.285],[48.015,30.466],[48.011,30.99],[47.679,31.002],[47.679,31.401],[47.83,31.794],[47.512,32.151],[47.371,32.424],[47.121,32.467],[46.57,32.834],[46.377,32.929],[46.113,32.958],[46.081,33.087],[46.146,33.23],[45.879,33.61],[45.738,33.603],[45.473,33.925],[45.397,33.971],[45.529,34.153],[45.527,34.285],[45.438,34.415],[45.501,34.582],[45.638,34.574],[45.678,34.798],[45.921,35.029],[46.134,35.128],[46.112,35.322],[45.971,35.524],[46.037,35.673],[46.263,35.744],[46.167,35.821],[45.723,35.837],[45.484,36.009],[45.362,36.015],[45.241,36.356],[45.031,36.526],[45.034,36.659],[44.881,36.799],[44.765,37.142],[44.794,37.29],[44.574,37.435],[44.561,37.745],[44.211,37.908],[44.431,38.357],[44.291,38.42],[44.272,38.836],[44.145,38.994],[44.178,39.145],[44.079,39.218],[44.023,39.377],[44.389,39.422],[44.456,39.667],[44.587,39.769],[44.817,39.65],[45.141,39.254],[45.48,39.006],[46.114,38.878],[46.491,38.907],[46.555,38.904],[46.853,39.148],[46.989,39.18],[47.188,39.341],[47.773,39.649],[47.996,39.684],[48.322,39.399],[48.136,39.312],[48.125,39.172],[48.274,39.099],[48.242,38.979],[48.05,38.935],[48.023,38.819],[48.417,38.586],[48.593,38.411],[48.869,38.435],[48.96,37.89],[49.081,37.668],[49.171,37.601],[49.47,37.497],[49.727,37.481],[50.13,37.407],[50.338,37.149],[50.533,37.014],[50.927,36.81],[51.119,36.743],[51.762,36.615],[52.19,36.622],[53.374,36.869],[53.768,36.93],[53.97,36.818],[54.017,36.952],[53.914,37.344],[54.192,37.332],[54.745,37.502],[54.849,37.723],[55.076,37.902],[55.381,38.051],[55.578,38.1],[56.229,38.073],[56.441,38.249],[56.775,38.25],[56.907,38.213],[57.194,38.216],[57.424,37.948],[57.711,37.905],[58.109,37.783],[58.262,37.666],[58.436,37.639],[58.815,37.683],[59.241,37.521],[59.367,37.334],[59.562,37.179],[59.949,37.042],[60.063,36.963],[60.341,36.638],[61.12,36.643],[61.212,36.099],[61.153,35.977],[61.252,35.868],[61.262,35.62]]],[[[56.095,26.801],[55.954,26.701],[55.848,26.731],[55.424,26.583],[55.347,26.648],[55.763,26.812],[55.758,26.948],[55.907,26.91],[56.214,27.003],[56.095,26.801]]]]}},{"type":"Feature","properties":{"iso":"IS","c":[64.939,-18.61],"bb":[[63.41,-24.22],[66.52,-13.57]]},"geometry":{"type":"Polygon","coordinates":[[[-15.428,66.225],[-14.912,66.284],[-15.116,66.102],[-14.74,66.051],[-14.758,65.756],[-14.426,65.79],[-14.302,65.628],[-13.935,65.616],[-13.616,65.487],[-13.805,65.355],[-13.57,65.068],[-13.777,65.014],[-13.853,64.862],[-14.135,64.715],[-14.465,64.636],[-14.547,64.446],[-15.022,64.296],[-15.495,64.258],[-16.06,64.111],[-16.64,63.865],[-17.816,63.713],[-17.947,63.536],[-18.654,63.407],[-19.25,63.442],[-19.778,63.537],[-20.198,63.556],[-20.593,63.735],[-21.246,63.935],[-21.449,63.858],[-22.607,63.837],[-22.51,63.991],[-22.057,64.071],[-21.833,64.205],[-21.951,64.314],[-21.95,64.515],[-22.284,64.587],[-22.234,64.714],[-22.467,64.795],[-23.347,64.824],[-23.879,64.751],[-24.026,64.863],[-22.684,65.026],[-21.892,65.049],[-22.473,65.227],[-21.907,65.4],[-22.006,65.493],[-22.902,65.58],[-23.9,65.408],[-24.224,65.487],[-23.909,65.766],[-23.705,65.781],[-23.737,66.069],[-23.528,66.164],[-23.063,66.086],[-23.019,65.982],[-22.622,66.0],[-22.972,66.324],[-22.889,66.441],[-22.426,66.43],[-21.625,66.09],[-21.303,65.876],[-21.466,65.635],[-21.432,65.474],[-21.23,65.421],[-20.74,65.658],[-20.455,65.571],[-20.357,65.719],[-20.357,66.033],[-20.026,66.049],[-19.594,65.779],[-19.434,65.814],[-19.383,66.076],[-18.778,66.169],[-18.455,65.965],[-18.297,66.157],[-17.907,66.143],[-17.582,65.971],[-17.153,66.203],[-16.748,66.132],[-16.428,66.278],[-16.541,66.447],[-16.249,66.523],[-15.985,66.515],[-15.428,66.225]]]}},{"type":"Feature","properties":{"iso":"IT","c":[42.52,12.67],"bb":[[37.94,6.63],[47.08,18.49]]},"geometry":{"type":"MultiPolygon","coordinates":[[[[10.453,46.865],[10.76,46.793],[11.025,46.797],[11.244,46.976],[11.776,46.986],[12.169,47.082],[12.154,46.935],[12.388,46.703],[12.479,46.673],[13.169,46.573],[13.7,46.52],[13.68,46.463],[13.4,46.318],[13.4,46.225],[13.633,46.177],[13.486,46.04],[13.614,45.962],[13.57,45.834],[13.831,45.68],[13.72,45.588],[13.628,45.771],[13.465,45.71],[13.206,45.771],[13.03,45.638],[12.498,45.462],[12.274,45.446],[12.226,45.242],[12.392,45.04],[12.523,44.968],[12.464,44.845],[12.279,44.832],[12.248,44.723],[12.305,44.429],[12.396,44.224],[12.691,43.995],[12.907,43.921],[13.295,43.686],[13.564,43.571],[13.805,43.18],[14.01,42.69],[14.183,42.506],[14.541,42.244],[14.866,42.053],[15.169,41.934],[15.405,41.913],[15.964,41.939],[16.165,41.896],[16.151,41.758],[15.914,41.621],[15.9,41.512],[16.013,41.435],[16.552,41.232],[17.103,41.062],[17.474,40.841],[17.955,40.655],[18.036,40.565],[18.328,40.371],[18.461,40.221],[18.486,40.105],[18.344,39.821],[18.078,39.937],[17.865,40.28],[17.476,40.315],[17.258,40.399],[17.215,40.486],[17.031,40.513],[16.928,40.458],[16.67,40.137],[16.53,39.86],[16.598,39.639],[16.824,39.578],[17.115,39.381],[17.123,39.137],[17.175,38.998],[16.755,38.89],[16.559,38.715],[16.546,38.409],[16.282,38.25],[16.057,37.942],[15.725,37.939],[15.643,38.175],[15.822,38.303],[15.905,38.483],[15.879,38.614],[15.972,38.713],[16.197,38.759],[16.21,38.941],[16.107,39.024],[16.024,39.354],[15.854,39.627],[15.693,39.99],[15.585,40.053],[15.295,40.07],[14.951,40.239],[14.986,40.377],[14.907,40.556],[14.766,40.668],[14.459,40.633],[14.461,40.729],[14.309,40.813],[14.102,40.827],[13.86,41.13],[13.733,41.236],[13.555,41.232],[13.247,41.289],[13.089,41.244],[12.849,41.409],[12.631,41.47],[12.075,41.941],[11.807,42.082],[11.637,42.288],[11.185,42.457],[11.168,42.535],[10.938,42.739],[10.803,42.804],[10.708,42.936],[10.515,42.968],[10.532,43.14],[10.448,43.371],[10.321,43.513],[10.246,43.852],[10.048,44.02],[9.731,44.101],[9.289,44.319],[8.766,44.422],[8.552,44.346],[8.292,44.137],[8.082,43.919],[7.733,43.803],[7.493,43.767],[7.482,43.865],[7.651,44.034],[7.637,44.165],[7.371,44.127],[6.967,44.28],[6.843,44.511],[7.031,44.717],[6.993,44.827],[6.738,44.921],[6.628,45.118],[6.842,45.136],[7.078,45.24],[7.153,45.401],[7.014,45.5],[6.804,45.815],[7.021,45.926],[7.129,45.88],[7.539,45.978],[7.788,45.922],[7.993,46.016],[8.125,46.161],[8.082,46.256],[8.371,46.445],[8.458,46.246],[8.954,45.83],[9.047,45.876],[9.022,46.051],[9.251,46.287],[9.26,46.475],[9.428,46.482],[9.481,46.349],[9.639,46.296],[9.939,46.362],[10.087,46.6],[10.431,46.55],[10.398,46.665],[10.453,46.865]],[[12.426,43.894],[12.515,43.953],[12.441,43.982],[12.426,43.894]],[[12.431,41.898],[12.439,41.898],[12.438,41.906],[12.431,41.905],[12.431,41.898]]],[[[15.509,38.107],[15.234,37.785],[15.1,37.459],[15.174,37.209],[15.295,37.013],[15.142,36.892],[15.113,36.688],[14.776,36.71],[14.502,36.799],[14.367,36.973],[14.143,37.104],[13.905,37.101],[13.361,37.349],[13.17,37.479],[12.924,37.571],[12.699,37.572],[12.527,37.67],[12.436,37.82],[12.548,38.053],[12.734,38.183],[12.903,38.035],[13.16,38.19],[13.352,38.181],[13.682,38.001],[13.789,37.981],[14.05,38.041],[14.288,38.017],[14.506,38.046],[14.846,38.172],[15.119,38.153],[15.499,38.291],[15.577,38.22],[15.509,38.107]]],[[[9.682,40.818],[9.805,40.5],[9.643,40.268],[9.701,40.092],[9.617,39.354],[9.563,39.166],[9.056,39.239],[9.023,39.043],[8.881,38.913],[8.649,38.927],[8.418,39.206],[8.399,39.482],[8.451,39.722],[8.548,39.839],[8.408,39.917],[8.471,40.293],[8.353,40.501],[8.19,40.652],[8.204,40.871],[8.468,40.834],[8.821,40.95],[8.998,41.11],[9.283,41.202],[9.455,41.15],[9.615,41.017],[9.554,40.932],[9.682,40.818]]]]}},{"type":"Feature","properties":{"iso":"JE"},"geometry":{"type":"Polygon","coordinates":[[[-2.01,49.181],[-2.236,49.176],[-2.221,49.266],[-2.082,49.255],[-2.01,49.181]]]}},{"type":"Feature","properties":{"iso":"JM"},"geometry":{"type":"Polygon","coordinates":[[[-77.14,18.421],[-76.35,18.152],[-76.525,17.866],[-76.853,17.974],[-77.361,17.834],[-77.768,17.877],[-78.217,18.448],[-77.873,18.522],[-77.14,18.421]]]}},{"type":"Feature","properties":{"iso":"JO","c":[31.355,36.266],"bb":[[29.19,34.95],[33.37,39.29]]},"geometry":{"type":"Polygon","coordinates":[[[38.774,33.372],[39.058,32.493],[39.041,32.306],[39.247,32.351],[39.293,32.244],[39.145,32.125],[38.962,31.995],[37.774,31.696],[36.959,31.492],[37.479,31.008],[37.98,30.5],[37.634,30.313],[37.469,29.995],[36.755,29.866],[36.476,29.495],[36.068,29.201],[36.015,29.19],[34.951,29.354],[34.973,29.555],[35.068,29.978],[35.142,30.142],[35.174,30.524],[35.439,31.132],[35.401,31.231],[35.451,31.479],[35.559,31.766],[35.531,31.985],[35.572,32.238],[35.551,32.396],[35.573,32.641],[35.787,32.735],[35.895,32.714],[36.059,32.534],[36.22,32.495],[36.372,32.387],[36.818,32.317],[38.056,32.995],[38.774,33.372]]]}},{"type":"Feature","properties":{"iso":"JP","c":[37.343,139.725],"bb":[[33.55,130.92],[41.35,141.98]]},"geometry":{"type":"MultiPolygon","coordinates":[[[[143.95,44.112],[144.799,43.94],[145.101,43.765],[145.347,43.177],[144.631,42.947],[143.969,42.881],[143.429,42.419],[143.237,42.0],[141.851,42.579],[140.986,42.342],[140.71,42.556],[140.315,42.334],[140.66,41.816],[140.385,41.519],[139.995,41.576],[140.108,41.913],[139.821,42.388],[139.891,42.649],[140.781,43.215],[141.296,43.2],[141.645,44.019],[141.782,44.716],[141.583,45.156],[141.938,45.51],[142.704,44.819],[143.289,44.397],[143.95,44.112]]],[[[141.269,41.354],[141.463,40.611],[141.797,40.291],[141.978,39.844],[141.901,39.111],[141.659,38.975],[141.467,38.404],[141.108,38.338],[140.928,37.95],[141.036,37.467],[140.968,37.002],[140.627,36.503],[140.622,36.059],[140.874,35.725],[140.457,35.51],[140.417,35.267],[139.799,34.957],[139.65,35.409],[139.249,35.278],[138.983,34.698],[138.577,35.086],[138.189,34.596],[136.885,34.806],[136.533,34.678],[136.854,34.324],[136.33,34.177],[135.916,33.562],[135.453,33.553],[135.175,33.898],[135.1,34.288],[135.385,34.5],[134.74,34.765],[134.208,34.698],[133.968,34.527],[133.142,34.302],[132.238,34.227],[132.09,33.855],[131.741,34.052],[130.919,33.976],[131.004,34.393],[131.354,34.413],[131.856,34.726],[132.923,35.511],[133.376,35.459],[134.214,35.539],[135.174,35.747],[135.68,35.503],[136.095,35.768],[136.006,35.991],[136.698,36.742],[137.343,36.77],[137.514,36.952],[138.32,37.218],[138.885,37.844],[139.401,38.143],[140.048,39.464],[139.908,40.022],[139.923,40.598],[140.281,40.846],[141.119,40.882],[141.269,41.354]]],[[[134.496,34.215],[134.739,33.821],[134.377,33.608],[134.182,33.247],[133.632,33.511],[133.286,33.36],[132.977,32.842],[132.495,32.917],[132.366,33.512],[132.784,33.992],[133.582,34.017],[134.076,34.358],[134.496,34.215]]],[[[131.309,33.573],[131.583,33.652],[131.897,33.255],[131.977,32.844],[131.732,32.593],[131.337,31.405],[130.589,31.179],[130.201,31.292],[130.322,31.601],[130.194,32.091],[130.641,32.619],[129.58,33.236],[130.365,33.634],[130.484,33.835],[130.953,33.872],[131.309,33.573]]]]}},{"type":"Feature","properties":{"iso":"KE","c":[0.608,37.593],"bb":[[-4.69,33.9],[5.49,41.88]]},"geometry":{"type":"Polygon","coordinates":[[[33.976,4.22],[35.268,5.492],[35.745,5.344],[35.763,4.808],[36.082,4.45],[36.906,4.411],[38.086,3.649],[39.494,3.456],[39.842,3.851],[40.765,4.273],[41.221,3.944],[41.884,3.978],[41.342,3.202],[40.964,2.815],[40.97,1.378],[40.979,-0.87],[41.533,-1.695],[40.996,-1.951],[40.644,-2.539],[40.222,-2.688],[40.115,-3.251],[39.491,-4.478],[39.222,-4.692],[37.797,-3.674],[37.609,-3.46],[37.644,-3.045],[35.837,-2.037],[33.979,-1.002],[33.903,-1.002],[33.943,0.174],[34.482,1.042],[34.788,1.231],[34.965,1.643],[34.964,2.062],[34.742,2.818],[34.448,3.163],[34.393,3.692],[34.165,3.813],[33.976,4.22]]]}},{"type":"Feature","properties":{"iso":"KG","c":[41.229,75.077],"bb":[[39.21,69.23],[43.24,80.22]]},"geometry":{"type":"Polygon","coordinates":[[[70.947,42.249],[70.893,42.34],[71.023,42.535],[71.257,42.734],[71.817,42.822],[72.276,42.758],[72.753,42.638],[72.855,42.561],[73.283,42.504],[73.422,42.594],[73.556,43.003],[73.612,43.048],[74.209,43.24],[74.622,43.056],[75.048,42.904],[75.366,42.837],[75.636,42.815],[75.79,42.933],[76.509,42.919],[77.057,42.971],[77.236,42.913],[77.802,42.895],[78.023,42.858],[78.524,42.865],[78.792,42.791],[79.165,42.759],[79.203,42.666],[79.49,42.458],[79.921,42.413],[80.209,42.19],[80.216,42.032],[79.84,41.996],[79.766,41.899],[79.294,41.783],[78.743,41.56],[78.362,41.372],[78.346,41.281],[78.123,41.076],[77.815,41.056],[77.582,40.993],[76.987,41.039],[76.824,40.982],[76.64,40.742],[76.48,40.45],[76.258,40.431],[75.872,40.303],[75.656,40.329],[75.583,40.605],[75.521,40.628],[75.241,40.48],[75.004,40.45],[74.842,40.345],[74.68,40.311],[74.412,40.137],[73.992,40.043],[73.835,39.8],[73.915,39.606],[73.823,39.489],[73.632,39.449],[73.47,39.461],[73.235,39.375],[72.872,39.36],[72.64,39.386],[72.358,39.337],[72.23,39.208],[72.043,39.352],[71.806,39.276],[71.732,39.423],[71.546,39.453],[71.404,39.598],[71.065,39.493],[71.005,39.412],[70.733,39.413],[70.608,39.564],[70.392,39.582],[70.245,39.543],[69.599,39.574],[69.298,39.525],[69.229,39.761],[69.307,39.969],[69.432,39.91],[69.53,40.097],[69.967,40.202],[70.451,40.049],[70.946,40.188],[70.958,40.239],[71.305,40.287],[71.692,40.152],[71.956,40.259],[72.131,40.439],[72.358,40.402],[72.402,40.578],[72.567,40.524],[72.774,40.65],[73.113,40.786],[72.99,40.86],[72.62,40.884],[72.364,41.043],[72.187,41.026],[72.164,41.174],[71.879,41.195],[71.792,41.413],[71.421,41.342],[71.408,41.136],[71.111,41.153],[70.782,41.263],[70.646,41.46],[70.471,41.413],[70.181,41.571],[70.455,41.725],[70.631,41.875],[70.803,41.923],[70.842,42.02],[71.229,42.163],[71.036,42.285],[70.947,42.249]],[[71.156,39.883],[71.229,40.048],[71.08,40.08],[71.012,39.895],[71.156,39.883]]]}},{"type":"Feature","properties":{"iso":"KH","c":[12.548,105.063],"bb":[[10.41,102.32],[14.71,107.61]]},"geometry":{"type":"Polygon","coordinates":[[[104.426,10.411],[104.262,10.541],[103.532,10.605],[103.722,10.89],[103.532,11.147],[103.153,10.914],[103.125,11.461],[102.934,11.707],[102.737,12.09],[102.756,12.426],[102.5,12.67],[102.32,13.54],[102.729,13.842],[103.199,14.333],[104.779,14.428],[105.183,14.346],[105.904,13.925],[105.979,14.343],[106.501,14.578],[106.82,14.315],[107.519,14.705],[107.331,14.127],[107.605,13.438],[107.475,13.03],[107.506,12.365],[106.931,12.077],[106.414,11.948],[106.34,11.682],[105.851,11.635],[105.856,11.294],[106.168,11.012],[105.387,10.94],[104.851,10.534],[104.426,10.411]]]}},{"type":"Feature","properties":{"iso":"KP"},"geometry":{"type":"Polygon","coordinates":[[[126.634,37.782],[125.942,37.874],[125.449,37.73],[125.193,38.038],[124.691,38.129],[125.067,38.557],[125.41,39.288],[125.361,39.527],[124.557,39.791],[124.362,40.004],[124.889,40.46],[125.989,40.905],[126.904,41.781],[127.18,41.531],[128.111,41.389],[128.291,41.563],[128.045,41.988],[128.923,42.038],[129.314,42.414],[129.72,42.475],[129.898,42.998],[130.24,42.892],[130.527,42.535],[130.687,42.303],[130.458,42.302],[129.756,41.712],[129.709,40.857],[128.304,40.036],[127.568,39.782],[127.395,39.208],[127.786,39.084],[128.375,38.623],[128.039,38.309],[127.17,38.305],[126.634,37.782]]]}},{"type":"Feature","properties":{"iso":"KR","c":[36.61,127.948],"bb":[[34.35,126.22],[38.62,129.56]]},"geometry":{"type":"Polygon","coordinates":[[[128.375,38.623],[128.619,38.176],[129.335,37.275],[129.473,36.742],[129.404,36.052],[129.562,35.948],[129.214,35.182],[128.511,35.101],[128.444,34.87],[127.715,34.955],[126.508,34.351],[126.291,35.154],[126.717,35.769],[126.548,36.478],[126.217,36.871],[126.746,37.194],[126.634,37.782],[127.17,38.305],[128.039,38.309],[128.375,38.623]]]}},{"type":"Feature","properties":{"iso":"KW"},"geometry":{"type":"MultiPolygon","coordinates":[[[[46.531,29.096],[46.769,29.347],[46.906,29.538],[47.114,29.961],[47.331,30.08],[47.673,30.096],[47.979,29.983],[48.006,29.836],[48.136,29.618],[47.97,29.617],[47.725,29.417],[48.051,29.355],[48.184,28.979],[48.339,28.763],[48.442,28.543],[47.671,28.533],[47.583,28.628],[47.433,28.99],[46.531,29.096]]],[[[48.218,29.602],[48.081,29.799],[48.159,29.96],[48.348,29.783],[48.218,29.602]]]]}},{"type":"Feature","properties":{"iso":"KZ","c":[48.038,66.337],"bb":[[40.61,46.61],[55.39,87.32]]},"geometry":{"type":"Polygon","coordinates":[[[55.977,41.322],[55.545,41.263],[55.434,41.296],[55.25,41.458],[54.952,41.81],[54.904,41.919],[54.678,42.078],[54.121,42.335],[53.685,42.297],[53.25,42.206],[52.871,42.061],[52.494,41.78],[52.462,42.101],[52.618,42.428],[52.597,42.76],[52.184,42.869],[51.961,42.851],[51.844,42.91],[51.616,43.158],[51.295,43.174],[51.302,43.482],[51.14,43.649],[50.94,43.959],[50.831,44.193],[50.685,44.265],[50.331,44.325],[50.253,44.406],[50.297,44.582],[50.409,44.624],[50.86,44.629],[51.177,44.501],[51.377,44.541],[51.058,44.812],[51.04,44.98],[51.25,45.122],[51.416,45.358],[51.733,45.399],[52.531,45.399],[53.079,45.308],[53.086,45.407],[52.838,45.497],[52.774,45.573],[53.042,45.968],[53.135,46.192],[53.079,46.547],[53.17,46.669],[53.069,46.856],[52.916,46.954],[52.483,46.991],[52.189,46.84],[51.745,46.934],[51.65,47.018],[51.178,47.11],[50.92,47.041],[50.583,46.882],[50.419,46.879],[50.0,46.634],[49.761,46.571],[49.347,46.519],[49.232,46.337],[48.61,46.566],[48.509,46.65],[48.605,46.766],[48.776,46.71],[48.959,46.775],[48.553,47.321],[48.11,47.745],[47.482,47.804],[47.292,47.741],[47.093,47.948],[47.119,48.127],[47.004,48.284],[46.661,48.412],[46.609,48.574],[46.703,48.806],[47.014,49.098],[47.018,49.2],[46.802,49.367],[46.89,49.697],[46.992,49.853],[47.295,50.058],[47.326,50.274],[47.504,50.403],[47.706,50.378],[47.85,50.282],[48.225,49.932],[48.434,49.829],[48.759,49.928],[48.843,50.013],[48.7,50.354],[48.655,50.62],[48.808,50.601],[49.323,50.852],[49.498,51.084],[49.822,51.132],[50.247,51.29],[50.756,51.675],[50.794,51.729],[51.163,51.647],[51.345,51.475],[51.609,51.484],[52.007,51.673],[52.331,51.681],[52.571,51.482],[53.038,51.464],[53.338,51.482],[53.535,51.4],[53.688,51.252],[54.042,51.115],[54.421,50.78],[54.471,50.584],[54.65,50.66],[54.606,50.88],[54.727,50.998],[55.195,50.745],[55.542,50.602],[55.798,50.602],[56.05,50.714],[56.144,50.845],[56.491,51.02],[56.62,50.981],[57.012,51.065],[57.179,51.036],[57.442,50.889],[57.654,50.925],[57.839,51.092],[58.359,51.064],[58.547,50.971],[58.884,50.694],[59.452,50.62],[59.523,50.493],[59.812,50.582],[59.955,50.799],[60.112,50.834],[60.288,50.704],[60.638,50.664],[60.942,50.696],[61.389,50.861],[61.585,51.23],[61.555,51.325],[61.363,51.442],[60.465,51.651],[60.388,51.773],[60.067,51.891],[60.066,51.976],[60.425,52.126],[60.67,52.151],[60.938,52.281],[60.979,52.395],[60.821,52.57],[60.802,52.745],[61.047,52.972],[61.401,52.996],[61.974,52.944],[62.015,53.108],[61.66,53.228],[61.199,53.287],[61.248,53.551],[60.979,53.622],[61.113,53.753],[61.144,53.964],[61.334,54.049],[61.929,53.946],[62.04,54.003],[62.499,54.013],[62.633,54.069],[63.074,54.105],[63.191,54.171],[64.004,54.267],[64.461,54.384],[64.65,54.352],[64.927,54.397],[65.158,54.364],[65.237,54.516],[65.477,54.623],[66.223,54.667],[67.693,54.872],[68.074,54.96],[68.244,55.052],[68.206,55.161],[68.525,55.205],[68.977,55.39],[69.493,55.357],[70.182,55.162],[70.486,55.282],[70.738,55.305],[70.91,55.128],[71.186,54.599],[71.093,54.212],[71.336,54.158],[72.004,54.206],[72.269,54.272],[72.387,54.123],[72.404,53.964],[72.586,53.996],[72.622,54.134],[72.914,54.107],[73.119,53.981],[73.381,53.963],[73.618,54.067],[73.679,53.929],[73.399,53.811],[73.286,53.598],[73.47,53.469],[73.643,53.576],[74.069,53.611],[74.403,53.504],[74.452,53.647],[74.834,53.826],[75.052,53.827],[75.377,53.97],[75.437,54.09],[75.657,54.106],[76.267,54.312],[76.496,54.336],[76.759,54.437],[76.789,54.322],[76.655,54.145],[76.422,54.114],[76.576,53.943],[77.704,53.379],[77.86,53.269],[78.475,52.638],[79.469,51.493],[79.986,50.775],[80.22,50.912],[80.424,50.946],[80.448,51.183],[80.65,51.277],[80.877,51.281],[81.127,51.191],[81.125,50.946],[81.388,50.956],[81.466,50.74],[81.934,50.766],[82.098,50.711],[82.494,50.728],[82.761,50.893],[83.019,50.897],[83.16,50.989],[83.357,50.995],[83.718,50.887],[83.945,50.775],[84.176,50.521],[84.258,50.288],[84.607,50.202],[84.989,50.061],[85.001,49.894],[85.21,49.665],[85.372,49.624],[86.181,49.499],[86.61,49.769],[86.614,49.61],[86.812,49.488],[86.953,49.322],[87.234,49.216],[87.323,49.086],[86.886,49.091],[86.753,49.009],[86.718,48.697],[86.549,48.529],[86.266,48.455],[85.749,48.385],[85.626,48.204],[85.526,47.916],[85.587,47.494],[85.657,47.255],[85.485,47.064],[85.233,47.036],[84.786,46.831],[84.667,46.972],[84.339,46.996],[84.016,46.971],[83.634,47.043],[83.193,47.187],[83.029,47.186],[83.004,47.033],[82.692,46.387],[82.555,46.159],[82.327,45.52],[82.583,45.443],[82.621,45.293],[82.479,45.124],[82.267,45.219],[81.989,45.162],[81.602,45.311],[80.853,45.129],[80.635,45.127],[80.059,45.006],[79.872,44.884],[79.997,44.797],[80.255,44.808],[80.455,44.746],[80.336,44.438],[80.355,44.097],[80.496,43.892],[80.704,43.427],[80.668,43.31],[80.786,43.162],[80.39,43.043],[80.544,42.912],[80.25,42.797],[80.165,42.666],[80.259,42.235],[80.209,42.19],[79.921,42.413],[79.49,42.458],[79.203,42.666],[79.165,42.759],[78.792,42.791],[78.524,42.865],[78.023,42.858],[77.802,42.895],[77.236,42.913],[77.057,42.971],[76.509,42.919],[75.79,42.933],[75.636,42.815],[75.366,42.837],[75.048,42.904],[74.622,43.056],[74.209,43.24],[73.612,43.048],[73.556,43.003],[73.422,42.594],[73.283,42.504],[72.855,42.561],[72.753,42.638],[72.276,42.758],[71.817,42.822],[71.257,42.734],[71.023,42.535],[70.893,42.34],[70.947,42.249],[70.715,42.169],[70.613,42.055],[70.416,42.079],[70.096,41.821],[69.664,41.672],[69.368,41.491],[69.065,41.367],[68.987,41.205],[68.737,41.042],[68.584,40.876],[68.601,40.66],[68.496,40.609],[68.292,40.656],[68.048,40.809],[68.113,41.029],[67.936,41.197],[66.814,41.142],[66.669,41.271],[66.538,41.741],[66.499,41.995],[66.01,42.005],[66.1,42.991],[65.803,42.877],[65.496,43.311],[65.271,43.418],[64.905,43.715],[64.443,43.551],[63.207,43.628],[62.072,43.489],[61.99,43.492],[61.161,44.169],[61.008,44.394],[60.188,44.784],[58.555,45.555],[57.477,45.337],[55.976,44.995],[55.976,43.618],[55.977,42.47],[55.977,41.322]]]}},{"type":"Feature","properties":{"iso":"LA"},"geometry":{"type":"Polygon","coordinates":[[[107.519,14.705],[106.82,14.315],[106.501,14.578],[105.979,14.343],[105.904,13.925],[105.183,14.346],[105.476,14.53],[105.513,15.361],[105.622,15.7],[105.406,15.987],[105.047,16.16],[104.751,16.648],[104.816,17.3],[103.95,18.319],[103.367,18.423],[103.051,18.029],[102.718,17.892],[102.101,18.211],[101.105,17.48],[100.908,17.584],[101.113,18.034],[101.051,18.407],[101.286,18.977],[101.155,19.579],[100.625,19.5],[100.398,19.756],[100.543,20.089],[100.122,20.317],[100.249,20.73],[100.757,21.313],[101.139,21.567],[101.224,21.224],[101.705,21.15],[101.737,21.827],[101.525,22.254],[101.671,22.462],[102.127,22.379],[102.949,21.57],[102.851,21.266],[103.104,20.892],[103.635,20.697],[104.052,20.941],[104.583,20.647],[104.619,20.375],[104.928,20.018],[104.546,19.611],[104.032,19.675],[103.896,19.34],[104.717,18.803],[105.115,18.679],[105.086,18.45],[105.458,18.154],[105.691,17.738],[106.502,16.954],[106.696,16.459],[107.396,16.043],[107.19,15.747],[107.653,15.255],[107.519,14.705]]]}},{"type":"Feature","properties":{"iso":"LB","c":[33.856,35.833],"bb":[[33.08,35.11],[34.63,36.59]]},"geometry":{"type":"Polygon","coordinates":[[[35.869,33.432],[35.841,33.416],[35.533,33.25],[35.411,33.076],[35.109,33.084],[35.251,33.393],[35.336,33.503],[35.511,33.88],[35.612,34.032],[35.648,34.248],[35.804,34.437],[35.978,34.547],[35.976,34.629],[36.433,34.613],[36.326,34.513],[36.504,34.432],[36.585,34.221],[36.282,33.894],[36.092,33.832],[35.942,33.668],[36.022,33.563],[35.869,33.432]]]}},{"type":"Feature","properties":{"iso":"LI"},"geometry":{"type":"Polygon","coordinates":[[[9.528,47.271],[9.58,47.057],[9.488,47.062],[9.528,47.271]]]}},{"type":"Feature","properties":{"iso":"LK"},"geometry":{"type":"Polygon","coordinates":[[[80.078,9.807],[80.253,9.796],[80.711,9.366],[81.373,8.431],[81.436,8.119],[81.874,7.288],[81.861,6.901],[81.637,6.425],[80.724,5.979],[80.095,6.153],[79.859,6.829],[79.792,7.585],[79.929,8.899],[80.118,9.327],[80.078,9.807]]]}},{"type":"Feature","properties":{"iso":"LR"},"geometry":{"type":"Polygon","coordinates":[[[-10.283,8.485],[-9.768,8.535],[-9.518,8.346],[-9.369,7.64],[-9.46,7.443],[-9.118,7.216],[-8.89,7.263],[-8.708,7.659],[-8.486,7.558],[-8.297,7.074],[-8.333,6.802],[-8.604,6.508],[-7.889,6.235],[-7.797,5.975],[-7.454,5.841],[-7.43,5.325],[-7.569,5.081],[-7.545,4.351],[-8.259,4.59],[-9.132,5.055],[-10.276,6.078],[-10.786,6.31],[-10.849,6.465],[-11.508,6.907],[-11.268,7.233],[-10.647,7.759],[-10.283,8.485]]]}},{"type":"Feature","properties":{"iso":"LS"},"geometry":{"type":"Polygon","coordinates":[[[28.901,-30.038],[28.392,-30.148],[28.018,-30.642],[27.388,-30.316],[27.052,-29.664],[27.295,-29.519],[27.736,-28.94],[28.626,-28.582],[29.301,-29.09],[29.391,-29.27],[29.098,-29.919],[28.901,-30.038]]]}},{"type":"Feature","properties":{"iso":"LT","c":[55.202,24.092],"bb":[[53.89,21.05],[56.41,26.78]]},"geometry":{"type":"Polygon","coordinates":[[[21.236,55.264],[21.238,55.455],[21.062,55.813],[21.046,56.07],[21.654,56.315],[22.085,56.407],[22.587,56.375],[22.968,56.38],[23.813,56.329],[24.121,56.264],[24.529,56.296],[24.903,56.398],[25.07,56.2],[25.586,56.13],[26.086,55.897],[26.281,55.75],[26.594,55.668],[26.458,55.342],[26.776,55.273],[26.601,55.13],[26.292,55.14],[26.175,55.003],[25.859,54.919],[25.722,54.718],[25.725,54.564],[25.547,54.332],[25.703,54.293],[25.749,54.157],[25.573,54.14],[25.461,54.293],[25.046,54.133],[24.826,54.119],[24.768,53.975],[24.318,53.893],[24.191,53.95],[23.734,53.912],[23.485,53.94],[23.454,54.143],[23.016,54.348],[22.766,54.357],[22.68,54.493],[22.831,54.838],[22.567,55.059],[22.072,55.064],[21.236,55.264]]]}},{"type":"Feature","properties":{"iso":"LU","c":[49.84,6.043],"bb":[[49.45,5.72],[50.17,6.49]]},"geometry":{"type":"Polygon","coordinates":[[[6.344,49.453],[6.242,49.494],[5.959,49.455],[5.79,49.538],[5.88,49.645],[5.725,49.808],[5.744,49.92],[5.976,50.167],[6.117,50.121],[6.138,49.974],[6.256,49.872],[6.487,49.798],[6.344,49.453]]]}},{"type":"Feature","properties":{"iso":"LV","c":[56.856,24.381],"bb":[[55.67,21.02],[58.06,28.2]]},"geometry":{"type":"Polygon","coordinates":[[[21.046,56.07],[21.015,56.259],[21.071,56.824],[21.351,57.018],[21.459,57.322],[21.729,57.571],[22.555,57.724],[22.649,57.595],[23.137,57.324],[23.287,57.09],[23.648,56.971],[23.931,57.008],[24.281,57.172],[24.403,57.325],[24.323,57.871],[25.111,58.063],[25.34,58.039],[25.794,57.869],[25.991,57.838],[26.298,57.601],[26.533,57.531],[26.9,57.609],[27.352,57.528],[27.797,57.317],[27.815,57.167],[27.639,56.846],[27.806,56.867],[28.103,56.546],[28.202,56.26],[28.148,56.143],[27.896,56.076],[27.642,55.912],[27.577,55.799],[27.053,55.831],[26.822,55.709],[26.594,55.668],[26.281,55.75],[26.086,55.897],[25.586,56.13],[25.07,56.2],[24.903,56.398],[24.529,56.296],[24.121,56.264],[23.813,56.329],[22.968,56.38],[22.587,56.375],[22.085,56.407],[21.654,56.315],[21.046,56.07]]]}},{"type":"Feature","properties":{"iso":"LY"},"geometry":{"type":"Polygon","coordinates":[[[24.979,20.003],[23.98,19.996],[23.98,19.497],[21.585,20.679],[19.669,21.626],[18.231,22.336],[15.984,23.445],[14.979,22.996],[14.231,22.618],[13.481,23.18],[11.968,23.518],[11.537,24.291],[10.686,24.551],[10.256,24.591],[10.046,25.0],[10.001,25.332],[9.448,26.067],[9.438,26.246],[9.491,26.334],[9.859,26.552],[9.894,26.848],[9.837,26.916],[9.748,27.331],[9.916,27.786],[9.858,28.043],[9.816,28.56],[9.843,28.967],[9.821,29.115],[9.673,29.567],[9.546,29.796],[9.31,30.115],[9.519,30.229],[9.895,30.387],[10.216,30.783],[10.243,31.032],[10.115,31.464],[10.306,31.705],[10.476,31.736],[10.609,31.93],[10.826,32.081],[11.505,32.414],[11.534,32.525],[11.454,32.643],[11.505,33.182],[11.813,33.094],[12.28,32.859],[12.754,32.801],[13.283,32.915],[13.648,32.799],[13.835,32.792],[14.237,32.681],[14.513,32.511],[15.177,32.391],[15.359,32.16],[15.363,31.971],[15.496,31.657],[15.706,31.426],[16.123,31.264],[16.782,31.215],[17.349,31.081],[17.83,30.928],[18.19,30.777],[18.67,30.416],[18.936,30.29],[19.292,30.288],[19.713,30.488],[20.013,30.801],[20.151,31.079],[20.104,31.301],[19.961,31.556],[19.926,31.818],[19.973,31.999],[20.121,32.219],[20.371,32.431],[20.621,32.58],[21.062,32.776],[21.425,32.799],[21.636,32.937],[21.839,32.909],[22.187,32.918],[22.523,32.794],[22.754,32.741],[23.091,32.619],[23.106,32.331],[23.286,32.214],[23.798,32.159],[24.13,32.009],[24.48,31.997],[24.684,32.016],[24.879,31.984],[25.025,31.883],[25.15,31.655],[24.853,31.335],[24.878,31.061],[24.974,30.777],[24.878,30.458],[24.726,30.251],[24.712,30.132],[24.804,29.886],[24.916,29.376],[24.98,29.182],[24.98,28.059],[24.98,27.161],[24.98,25.813],[24.98,25.0],[24.98,21.996],[24.979,20.003]]]}},{"type":"Feature","properties":{"iso":"MA","c":[28.667,-9.901],"bb":[[21.42,-17.0],[35.93,-1.07]]},"geometry":{"type":"Polygon","coordinates":[[[-16.931,21.9],[-16.514,22.333],[-16.21,23.098],[-15.586,24.073],[-14.904,24.72],[-14.851,25.0],[-14.843,25.22],[-14.795,25.404],[-14.602,25.809],[-14.523,25.925],[-14.414,26.254],[-14.168,26.415],[-13.952,26.489],[-13.576,26.735],[-13.496,26.873],[-13.41,27.147],[-13.256,27.435],[-13.176,27.656],[-12.949,27.914],[-12.794,27.978],[-12.469,28.009],[-11.986,28.129],[-11.553,28.31],[-11.43,28.382],[-11.081,28.714],[-10.674,28.939],[-10.486,29.065],[-10.201,29.38],[-9.853,29.809],[-9.667,30.109],[-9.624,30.353],[-9.653,30.448],[-9.875,30.718],[-9.832,30.847],[-9.809,31.425],[-9.675,31.711],[-9.347,32.086],[-9.287,32.241],[-9.246,32.572],[-8.836,32.92],[-8.596,33.187],[-8.301,33.374],[-7.562,33.64],[-7.145,33.83],[-6.901,33.969],[-6.756,34.133],[-6.353,34.776],[-5.958,35.681],[-5.925,35.786],[-5.623,35.829],[-5.397,35.93],[-5.338,35.745],[-5.105,35.468],[-4.837,35.281],[-4.628,35.206],[-4.33,35.161],[-3.982,35.243],[-3.693,35.28],[-3.395,35.212],[-3.206,35.239],[-2.972,35.407],[-2.84,35.128],[-2.22,35.104],[-2.132,34.971],[-1.796,34.752],[-1.85,34.607],[-1.733,34.467],[-1.792,34.368],[-1.707,34.176],[-1.703,33.717],[-1.631,33.567],[-1.679,33.319],[-1.551,33.074],[-1.51,32.878],[-1.352,32.703],[-1.111,32.552],[-1.066,32.468],[-1.24,32.338],[-1.275,32.089],[-2.448,32.13],[-2.931,32.043],[-3.017,31.834],[-3.44,31.705],[-3.827,31.662],[-3.789,31.362],[-3.833,31.198],[-3.673,31.111],[-3.702,30.944],[-3.985,30.914],[-4.323,30.699],[-4.779,30.552],[-4.968,30.465],[-5.18,30.166],[-5.449,29.957],[-5.775,29.869],[-6.215,29.811],[-6.501,29.809],[-6.521,29.66],[-6.635,29.569],[-7.095,29.625],[-7.235,29.575],[-7.486,29.392],[-7.685,29.35],[-7.999,29.132],[-8.265,28.981],[-8.66,28.719],[-8.683,28.621],[-8.683,27.656],[-8.818,27.656],[-8.774,27.461],[-8.803,27.361],[-8.754,27.191],[-8.795,27.121],[-9.002,27.09],[-9.413,27.088],[-9.735,26.861],[-9.9,26.85],[-10.033,26.911],[-10.251,26.861],[-10.551,26.991],[-10.923,27.01],[-11.393,26.883],[-11.317,26.745],[-11.338,26.633],[-11.471,26.52],[-11.637,26.296],[-11.718,26.104],[-12.031,26.031],[-12.171,25.64],[-12.35,25.0],[-12.431,24.831],[-13.061,24.401],[-13.311,23.981],[-13.771,23.791],[-14.021,23.411],[-14.221,22.31],[-14.631,21.861],[-14.841,21.451],[-15.751,21.491],[-17.003,21.421],[-16.931,21.9]]]}},{"type":"Feature","properties":{"iso":"MC"},"geometry":{"type":"Polygon","coordinates":[[[7.378,43.732],[7.414,43.771],[7.439,43.75],[7.378,43.732]]]}},{"type":"Feature","properties":{"iso":"MD","c":[46.971,28.822],"bb":[[45.45,26.62],[48.48,30.13]]},"geometry":{"type":"Polygon","coordinates":[[[28.213,45.45],[28.075,45.599],[28.16,45.647],[28.1,45.973],[28.119,46.139],[28.244,46.451],[28.239,46.641],[28.072,46.978],[27.854,47.115],[27.337,47.64],[27.152,47.959],[26.981,48.155],[26.787,48.256],[26.619,48.26],[26.847,48.387],[27.229,48.371],[27.549,48.478],[27.82,48.416],[28.088,48.257],[28.327,48.161],[28.774,48.12],[28.973,47.933],[29.195,47.882],[29.211,47.732],[29.123,47.53],[29.16,47.456],[29.549,47.247],[29.515,47.091],[29.572,46.964],[29.878,46.829],[29.942,46.724],[29.924,46.539],[30.131,46.423],[29.838,46.351],[29.146,46.527],[28.927,46.424],[29.006,46.176],[28.948,46.05],[28.739,45.937],[28.729,45.852],[28.492,45.666],[28.471,45.507],[28.213,45.45]]]}},{"type":"Feature","properties":{"iso":"ME","c":[42.703,19.278],"bb":[[41.87,18.44],[43.53,20.34]]},"geometry":{"type":"Polygon","coordinates":[[[20.344,42.828],[20.029,42.732],[20.064,42.547],[19.788,42.476],[19.654,42.629],[19.281,42.173],[19.361,42.069],[19.342,41.869],[19.186,41.949],[19.122,42.06],[18.894,42.249],[18.517,42.433],[18.436,42.56],[18.543,42.674],[18.466,42.777],[18.444,42.968],[18.624,43.028],[18.674,43.231],[18.851,43.346],[19.037,43.357],[18.94,43.497],[19.194,43.533],[19.219,43.45],[19.552,43.212],[19.944,43.082],[20.34,42.893],[20.344,42.828]]]}},{"type":"Feature","properties":{"iso":"MF"},"geometry":{"type":"Polygon","coordinates":[[[-63.123,18.069],[-63.063,18.115],[-63.011,18.069],[-63.123,18.069]]]}},{"type":"Feature","properties":{"iso":"MG"},"geometry":{"type":"Polygon","coordinates":[[[49.584,-12.537],[49.938,-13.072],[50.174,-14.04],[50.235,-14.732],[50.483,-15.386],[50.209,-15.96],[49.893,-15.458],[49.65,-15.567],[49.831,-16.256],[49.767,-16.815],[49.437,-17.347],[49.478,-17.899],[48.607,-20.458],[48.351,-21.349],[47.908,-22.466],[47.558,-23.875],[47.177,-24.787],[46.729,-25.15],[46.159,-25.23],[45.508,-25.563],[45.115,-25.543],[44.813,-25.334],[44.346,-25.226],[44.035,-24.996],[43.688,-24.358],[43.722,-23.53],[43.398,-22.886],[43.267,-22.049],[43.502,-21.356],[43.8,-21.179],[44.24,-20.38],[44.405,-19.922],[44.449,-19.429],[44.239,-19.075],[44.233,-18.741],[44.04,-18.288],[43.979,-17.392],[44.421,-16.703],[44.476,-16.217],[44.909,-16.175],[45.167,-15.983],[45.598,-15.993],[45.7,-15.814],[46.331,-15.714],[46.475,-15.513],[47.812,-14.545],[47.996,-13.96],[48.796,-13.267],[48.9,-12.458],[49.207,-12.08],[49.584,-12.537]]]}},{"type":"Feature","properties":{"iso":"MK","c":[41.619,21.732],"bb":[[40.85,20.45],[42.36,23.01]]},"geometry":{"type":"Polygon","coordinates":[[[22.344,42.314],[22.583,42.105],[22.837,41.994],[23.006,41.717],[22.916,41.336],[22.755,41.313],[22.725,41.179],[22.494,41.119],[22.238,41.155],[21.929,41.107],[21.779,40.95],[21.576,40.869],[20.964,40.85],[20.741,40.905],[20.489,41.273],[20.449,41.521],[20.566,41.874],[20.744,41.904],[20.778,42.071],[21.06,42.171],[21.256,42.1],[21.39,42.22],[21.563,42.248],[21.904,42.322],[22.24,42.358],[22.344,42.314]]]}},{"type":"Feature","properties":{"iso":"ML"},"geometry":{"type":"Polygon","coordinates":[[[-12.281,14.809],[-11.873,14.995],[-11.76,15.426],[-11.503,15.637],[-10.896,15.15],[-10.697,15.423],[-9.941,15.374],[-9.177,15.496],[-7.559,15.496],[-5.512,15.496],[-5.36,16.283],[-5.629,16.569],[-5.884,18.799],[-6.083,20.54],[-6.368,23.026],[-6.594,24.995],[-4.823,24.996],[-3.258,23.981],[-1.293,22.697],[1.146,21.102],[1.166,20.817],[1.685,20.378],[2.219,20.248],[2.406,20.064],[3.204,19.79],[3.256,19.411],[3.106,19.15],[3.401,18.988],[4.228,19.143],[4.235,16.996],[4.121,16.358],[3.877,15.755],[3.504,15.356],[1.3,15.272],[0.96,14.987],[0.217,14.911],[-0.236,15.059],[-0.76,15.048],[-1.05,14.82],[-1.768,14.486],[-2.113,14.168],[-2.457,14.274],[-3.198,13.673],[-3.302,13.281],[-3.576,13.194],[-4.051,13.382],[-4.329,13.119],[-4.227,12.794],[-4.481,12.672],[-4.429,12.338],[-4.798,12.032],[-5.288,11.828],[-5.3,11.206],[-5.49,11.042],[-5.524,10.426],[-6.035,10.195],[-6.261,10.724],[-6.693,10.349],[-7.105,10.204],[-7.661,10.427],[-7.991,10.163],[-8.231,10.438],[-8.407,11.386],[-8.822,11.673],[-9.043,12.402],[-9.821,12.042],[-10.275,12.213],[-10.677,11.899],[-10.933,12.205],[-11.305,12.015],[-11.389,12.404],[-11.39,12.942],[-11.635,13.37],[-12.054,13.633],[-12.019,14.206],[-12.281,14.809]]]}},{"type":"Feature","properties":{"iso":"MM"},"geometry":{"type":"Polygon","coordinates":[[[98.703,10.19],[98.465,10.676],[98.676,10.987],[98.741,11.592],[98.576,13.162],[98.245,13.733],[97.812,14.859],[97.71,15.876],[97.584,16.02],[97.62,16.537],[97.376,16.523],[97.178,17.062],[96.622,16.564],[95.763,16.169],[95.39,15.723],[94.943,15.818],[94.588,16.289],[94.214,16.127],[94.589,17.569],[94.431,18.202],[94.07,18.893],[93.705,19.027],[93.998,19.441],[93.362,20.058],[93.002,20.075],[92.736,20.563],[92.324,20.792],[92.18,21.293],[92.593,21.467],[92.575,21.978],[92.965,22.004],[93.162,22.36],[93.079,22.718],[93.366,23.133],[93.415,23.682],[93.307,24.022],[94.128,23.876],[94.293,24.322],[94.708,25.049],[94.623,25.41],[95.132,26.041],[95.129,26.597],[96.061,27.217],[96.666,27.339],[97.335,27.938],[97.322,28.218],[97.538,28.51],[98.099,28.142],[98.299,27.55],[98.651,27.572],[98.732,26.583],[98.655,25.918],[98.011,25.293],[97.82,25.252],[97.531,24.492],[97.686,23.898],[98.213,24.111],[98.764,24.116],[98.864,23.191],[99.341,23.096],[99.338,22.498],[99.193,22.126],[99.918,22.028],[100.215,21.463],[100.835,21.655],[101.139,21.567],[100.757,21.313],[100.249,20.73],[100.122,20.317],[99.89,20.424],[99.338,20.079],[99.021,20.042],[98.917,19.773],[98.239,19.691],[97.817,19.46],[97.754,18.621],[97.485,18.494],[97.793,17.681],[98.439,16.976],[98.689,16.305],[98.565,15.404],[98.191,15.204],[98.246,14.815],[99.137,13.717],[99.22,12.74],[99.405,12.548],[99.615,11.781],[99.19,11.105],[98.757,10.661],[98.703,10.19]]]}},{"type":"Feature","properties":{"iso":"MN","c":[46.906,105.378],"bb":[[41.66,87.74],[52.07,119.9]]},"geometry":{"type":"Polygon","coordinates":[[[115.558,47.945],[115.898,47.687],[116.761,47.87],[117.351,47.652],[117.768,47.988],[118.498,47.984],[119.711,47.15],[119.898,46.858],[119.707,46.606],[118.309,46.717],[117.333,46.362],[116.563,46.29],[116.241,45.796],[115.681,45.458],[114.517,45.365],[114.03,44.943],[113.587,44.746],[111.898,45.064],[111.402,44.367],[111.933,43.711],[111.007,43.341],[110.4,42.774],[109.443,42.456],[108.171,42.447],[106.77,42.289],[105.197,41.738],[104.498,41.659],[104.498,41.877],[103.711,41.751],[103.073,42.006],[101.973,42.216],[101.714,42.466],[99.984,42.677],[99.468,42.568],[97.206,42.79],[96.385,42.72],[95.913,43.206],[95.35,44.278],[94.712,44.351],[93.656,44.901],[92.788,45.036],[91.584,45.077],[90.877,45.196],[90.662,45.525],[91.002,46.036],[91.034,46.529],[90.87,46.954],[90.496,47.285],[90.313,47.676],[89.561,48.004],[89.048,48.003],[88.517,48.384],[88.0,48.551],[88.0,48.63],[88.0,48.745],[87.743,48.882],[87.86,48.966],[87.814,49.162],[88.0,49.197],[88.193,49.452],[88.832,49.448],[89.654,49.717],[89.644,49.903],[91.804,50.694],[94.251,50.556],[94.615,50.024],[95.523,49.911],[95.852,50.013],[96.986,49.883],[97.209,49.731],[98.103,50.078],[98.279,50.533],[97.825,50.985],[97.947,51.348],[98.849,52.07],[99.922,51.756],[100.536,51.713],[101.381,51.453],[102.112,51.353],[102.288,50.585],[102.683,50.387],[103.633,50.139],[105.384,50.474],[106.218,50.305],[106.711,50.313],[107.233,49.989],[107.948,49.925],[108.034,49.594],[108.614,49.323],[109.237,49.335],[110.2,49.17],[110.828,49.166],[111.337,49.356],[113.056,49.616],[113.164,49.797],[114.297,50.274],[114.743,50.234],[115.275,49.949],[116.135,50.011],[116.683,49.824],[115.558,47.945]]]}},{"type":"Feature","properties":{"iso":"MO","c":[22.219,113.494],"bb":[[22.2,113.48],[22.25,113.53]]},"geometry":{"type":"Polygon","coordinates":[[[113.527,22.246],[113.479,22.196],[113.494,22.242],[113.527,22.246]]]}},{"type":"Feature","properties":{"iso":"MR"},"geometry":{"type":"Polygon","coordinates":[[[-16.536,16.287],[-16.079,17.546],[-16.085,18.521],[-16.213,19.003],[-16.514,19.362],[-16.283,19.787],[-16.21,20.228],[-16.43,20.652],[-17.048,20.806],[-16.965,21.329],[-15.231,21.331],[-13.016,21.334],[-13.094,22.496],[-13.031,23.0],[-12.62,23.271],[-12.023,23.468],[-12.016,25.0],[-12.016,25.995],[-10.376,25.995],[-8.682,25.996],[-8.683,27.286],[-7.367,26.512],[-6.239,25.848],[-5.517,25.424],[-4.83,25.0],[-4.823,24.996],[-6.594,24.995],[-6.368,23.026],[-6.083,20.54],[-5.884,18.799],[-5.629,16.569],[-5.36,16.283],[-5.512,15.496],[-7.559,15.496],[-9.177,15.496],[-9.941,15.374],[-10.697,15.423],[-10.896,15.15],[-11.503,15.637],[-11.76,15.426],[-11.873,14.995],[-12.281,14.809],[-12.858,15.243],[-13.258,15.7],[-13.41,16.059],[-13.868,16.148],[-14.3,16.58],[-15.113,16.645],[-15.621,16.507],[-16.168,16.547],[-16.441,16.205],[-16.535,15.838],[-16.536,16.287]]]}},{"type":"Feature","properties":{"iso":"MT","c":[35.915,14.437],"bb":[[35.82,14.35],[35.96,14.53]]},"geometry":{"type":"Polygon","coordinates":[[[14.533,35.82],[14.352,35.872],[14.448,35.957],[14.533,35.82]]]}},{"type":"Feature","properties":{"iso":"MW"},"geometry":{"type":"Polygon","coordinates":[[[32.92,-9.407],[34.321,-9.732],[34.524,-10.03],[34.662,-10.71],[34.598,-11.037],[34.959,-11.578],[34.66,-11.589],[34.361,-12.211],[34.564,-13.36],[35.247,-13.897],[35.847,-14.671],[35.755,-16.058],[35.358,-16.161],[35.167,-16.56],[35.29,-17.097],[34.396,-16.199],[34.248,-15.887],[34.541,-15.297],[34.505,-14.598],[34.333,-14.409],[33.636,-14.568],[33.202,-14.013],[32.992,-14.022],[32.672,-13.61],[32.968,-13.225],[33.022,-12.63],[33.398,-12.49],[33.252,-12.113],[33.226,-11.535],[33.38,-11.158],[33.261,-10.893],[33.659,-10.591],[33.351,-9.862],[32.92,-9.407]]]}},{"type":"Feature","properties":{"iso":"MX","c":[23.743,-102.283],"bb":[[14.54,-117.13],[32.72,-86.82]]},"geometry":{"type":"Polygon","coordinates":[[[-97.146,25.961],[-97.507,25.015],[-97.668,24.39],[-97.858,22.625],[-97.638,21.604],[-97.121,20.615],[-96.456,19.87],[-96.29,19.344],[-95.821,18.755],[-95.182,18.701],[-94.798,18.515],[-94.546,18.175],[-94.189,18.195],[-93.552,18.43],[-92.885,18.469],[-92.71,18.612],[-91.974,18.716],[-91.803,18.471],[-91.275,18.624],[-91.343,18.901],[-90.739,19.352],[-90.507,19.912],[-90.484,20.556],[-90.353,21.009],[-89.82,21.275],[-88.879,21.414],[-88.132,21.616],[-86.824,21.422],[-86.865,20.885],[-87.467,20.102],[-87.425,19.583],[-87.762,18.446],[-88.197,18.72],[-88.296,18.472],[-88.523,18.446],[-88.806,17.966],[-89.161,17.815],[-90.989,17.816],[-90.993,17.252],[-91.41,17.256],[-90.711,16.708],[-90.417,16.391],[-90.447,16.073],[-91.737,16.07],[-92.187,15.321],[-92.075,15.074],[-92.235,14.545],[-92.809,15.139],[-93.916,16.054],[-94.374,16.285],[-94.662,16.202],[-94.9,16.417],[-95.464,15.975],[-96.511,15.652],[-97.185,15.909],[-97.755,15.967],[-98.52,16.305],[-98.762,16.535],[-99.691,16.72],[-100.025,16.921],[-100.848,17.2],[-101.6,17.652],[-101.847,17.922],[-102.7,18.063],[-103.442,18.325],[-103.912,18.828],[-104.938,19.309],[-105.482,19.976],[-105.669,20.386],[-105.237,21.119],[-105.209,21.491],[-105.649,21.988],[-105.792,22.627],[-106.402,23.196],[-106.935,23.881],[-107.951,24.615],[-108.374,25.194],[-109.385,25.727],[-109.426,26.033],[-109.2,26.305],[-109.483,26.71],[-109.755,26.703],[-109.944,27.079],[-110.478,27.323],[-110.53,27.864],[-111.121,27.967],[-111.68,28.471],[-112.162,29.019],[-112.223,29.269],[-112.738,29.985],[-113.11,30.793],[-113.047,31.179],[-114.149,31.507],[-114.84,31.799],[-114.882,31.156],[-114.633,30.507],[-114.65,30.238],[-114.373,29.83],[-113.755,29.367],[-113.5,28.927],[-113.206,28.799],[-112.871,28.424],[-112.734,27.826],[-112.329,27.523],[-112.009,26.967],[-111.57,26.708],[-111.292,25.79],[-111.034,25.527],[-110.677,24.789],[-110.547,24.214],[-110.023,24.175],[-109.421,23.48],[-109.458,23.215],[-109.923,22.886],[-110.086,23.005],[-110.363,23.605],[-111.419,24.329],[-112.073,24.84],[-112.056,25.488],[-112.377,26.214],[-113.021,26.583],[-113.206,26.857],[-113.599,26.721],[-113.841,26.967],[-114.445,27.218],[-114.54,27.431],[-114.994,27.736],[-114.301,27.873],[-114.048,28.426],[-114.146,28.605],[-114.994,29.384],[-115.674,29.756],[-116.062,30.804],[-116.662,31.565],[-117.128,32.533],[-114.725,32.715],[-114.836,32.508],[-112.939,31.916],[-111.042,31.324],[-108.214,31.329],[-108.212,31.779],[-106.453,31.77],[-106.256,31.545],[-104.979,30.646],[-104.401,29.574],[-103.258,29.001],[-102.892,29.216],[-102.734,29.644],[-102.269,29.871],[-101.44,29.777],[-100.659,29.069],[-100.296,28.328],[-99.505,27.548],[-99.444,27.037],[-99.108,26.447],[-98.083,26.064],[-97.358,25.871],[-97.146,25.961]]]}},{"type":"Feature","properties":{"iso":"MY","c":[3.572,114.439],"bb":[[0.86,109.63],[6.68,119.22]]},"geometry":{"type":"MultiPolygon","coordinates":[[[[109.629,2.028],[109.985,1.718],[110.349,1.72],[110.94,1.517],[111.154,1.739],[111.242,2.436],[111.728,2.854],[112.737,3.07],[113.045,3.205],[113.924,4.243],[114.064,4.593],[114.608,4.024],[114.84,4.393],[114.747,4.718],[115.027,4.9],[115.14,4.9],[115.52,5.049],[115.419,5.413],[115.797,5.536],[116.138,6.13],[116.495,6.522],[117.294,6.677],[117.646,6.474],[117.617,5.941],[118.004,6.053],[118.116,5.863],[118.595,5.592],[119.223,5.413],[119.132,5.1],[118.185,4.829],[118.498,4.362],[117.574,4.171],[117.101,4.337],[115.896,4.349],[115.568,3.939],[115.454,3.034],[115.086,2.841],[115.179,2.523],[114.786,2.25],[114.831,1.98],[114.546,1.467],[113.902,1.434],[113.622,1.236],[112.476,1.559],[112.186,1.439],[112.079,1.143],[111.77,0.999],[110.938,1.017],[110.506,0.862],[109.654,1.615],[109.629,2.028]]],[[[102.101,6.242],[102.982,5.525],[103.416,4.85],[103.469,4.393],[103.362,3.769],[103.439,2.933],[103.812,2.58],[104.288,1.481],[103.695,1.45],[102.727,1.856],[101.296,2.885],[101.3,3.253],[100.715,3.966],[100.615,4.652],[100.353,5.588],[100.343,5.984],[100.119,6.442],[100.345,6.55],[101.054,6.243],[101.257,5.789],[101.556,5.908],[101.874,5.825],[102.101,6.242]]]]}},{"type":"Feature","properties":{"iso":"MZ"},"geometry":{"type":"Polygon","coordinates":[[[30.396,-15.643],[30.232,-14.99],[31.729,-14.496],[33.202,-14.013],[33.636,-14.568],[34.333,-14.409],[34.505,-14.598],[34.541,-15.297],[34.248,-15.887],[34.396,-16.199],[35.29,-17.097],[35.167,-16.56],[35.358,-16.161],[35.755,-16.058],[35.847,-14.671],[35.247,-13.897],[34.564,-13.36],[34.361,-12.211],[34.66,-11.589],[34.959,-11.578],[35.631,-11.582],[35.785,-11.453],[36.519,-11.716],[36.979,-11.567],[37.542,-11.675],[37.92,-11.295],[38.492,-11.413],[38.795,-11.229],[39.322,-11.123],[39.989,-10.821],[40.464,-10.464],[40.545,-11.066],[40.403,-11.332],[40.581,-12.636],[40.545,-13.463],[40.64,-14.39],[40.835,-14.792],[40.559,-15.473],[40.109,-15.979],[39.845,-16.436],[39.084,-16.973],[38.145,-17.243],[37.245,-17.74],[36.54,-18.518],[35.651,-19.164],[34.948,-19.813],[34.756,-19.822],[34.698,-20.404],[34.982,-20.806],[35.268,-21.651],[35.316,-22.397],[35.575,-22.963],[35.37,-23.798],[35.438,-24.171],[35.156,-24.541],[34.607,-24.821],[33.347,-25.261],[32.792,-25.644],[32.59,-26.004],[32.934,-26.252],[32.886,-26.849],[32.113,-26.839],[31.948,-25.958],[31.986,-24.461],[31.8,-23.892],[31.546,-23.482],[31.288,-22.402],[32.371,-21.335],[32.478,-20.713],[33.007,-19.874],[32.717,-19.002],[32.993,-18.36],[32.948,-16.712],[32.243,-16.449],[31.94,-16.429],[31.236,-16.024],[30.438,-15.995],[30.396,-15.643]]]}},{"type":"Feature","properties":{"iso":"NA"},"geometry":{"type":"Polygon","coordinates":[[[25.259,-17.794],[24.359,-17.978],[23.581,-18.453],[23.299,-18.027],[20.974,-18.319],[20.976,-19.744],[20.971,-22.0],[19.977,-22.0],[19.98,-24.777],[19.98,-26.531],[19.98,-28.451],[19.671,-28.504],[19.026,-28.928],[18.311,-28.886],[17.448,-28.698],[17.386,-28.353],[17.056,-28.031],[16.756,-28.452],[16.448,-28.618],[15.719,-27.966],[15.342,-27.387],[14.968,-26.318],[14.845,-25.726],[14.837,-25.033],[14.502,-24.202],[14.474,-23.281],[14.526,-22.703],[14.322,-22.19],[13.973,-21.768],[13.451,-20.917],[13.168,-20.185],[12.458,-18.927],[12.096,-18.541],[11.776,-18.002],[11.743,-17.249],[12.548,-17.213],[13.101,-16.968],[13.404,-17.008],[13.938,-17.389],[16.531,-17.391],[18.396,-17.399],[18.718,-17.703],[19.076,-17.818],[20.393,-17.887],[20.625,-17.997],[21.417,-18.001],[23.381,-17.641],[24.275,-17.481],[24.932,-17.543],[25.259,-17.794]]]}},{"type":"Feature","properties":{"iso":"NC"},"geometry":{"type":"Polygon","coordinates":[[[164.315,-20.309],[164.436,-20.282],[165.192,-20.769],[165.663,-21.267],[166.942,-22.09],[166.774,-22.376],[166.096,-21.957],[165.242,-21.525],[164.455,-20.829],[164.17,-20.48],[164.315,-20.309]]]}},{"type":"Feature","properties":{"iso":"NE"},"geometry":{"type":"Polygon","coordinates":[[[3.595,11.696],[2.878,12.368],[2.366,12.222],[2.389,11.897],[2.091,12.278],[2.074,12.714],[1.565,12.635],[0.987,13.042],[0.978,13.552],[0.618,13.703],[0.383,14.246],[0.164,14.497],[0.217,14.911],[0.96,14.987],[1.3,15.272],[3.504,15.356],[3.877,15.755],[4.121,16.358],[4.235,16.996],[4.228,19.143],[5.837,19.479],[7.482,20.873],[9.379,21.991],[11.968,23.518],[13.481,23.18],[14.231,22.618],[14.979,22.996],[15.172,21.922],[15.182,21.523],[15.607,20.954],[15.587,20.733],[15.949,20.303],[15.735,19.904],[15.474,16.908],[14.368,15.75],[13.448,14.381],[13.606,13.705],[13.324,13.671],[12.655,13.327],[12.463,13.094],[11.412,13.354],[10.959,13.372],[10.185,13.27],[9.616,12.811],[8.751,12.908],[8.095,13.291],[7.789,13.338],[7.057,13.0],[6.804,13.108],[6.386,13.604],[5.492,13.873],[4.823,13.76],[4.148,13.458],[3.948,12.775],[3.647,12.53],[3.595,11.696]]]}},{"type":"Feature","properties":{"iso":"NG"},"geometry":{"type":"Polygon","coordinates":[[[14.064,13.079],[14.197,12.384],[14.627,12.109],[14.56,11.492],[13.892,11.14],[13.535,10.605],[13.27,10.036],[13.175,9.54],[12.929,9.426],[12.807,8.887],[12.404,8.596],[12.016,7.59],[11.767,7.272],[11.552,6.697],[11.153,6.438],[11.033,6.698],[10.606,7.063],[10.144,6.996],[9.06,6.009],[8.801,5.197],[8.556,4.755],[8.293,4.558],[7.155,4.514],[6.757,4.344],[6.077,4.291],[5.588,4.647],[5.232,5.484],[4.861,6.026],[4.431,6.349],[4.126,6.411],[2.706,6.369],[2.775,6.712],[2.686,7.874],[2.775,9.049],[3.045,9.084],[3.325,9.778],[3.557,9.907],[3.577,10.268],[3.834,10.607],[3.716,11.08],[3.488,11.395],[3.595,11.696],[3.647,12.53],[3.948,12.775],[4.148,13.458],[4.823,13.76],[5.492,13.873],[6.386,13.604],[6.804,13.108],[7.057,13.0],[7.789,13.338],[8.095,13.291],[8.751,12.908],[9.616,12.811],[10.185,13.27],[10.959,13.372],[11.412,13.354],[12.463,13.094],[12.655,13.327],[13.324,13.671],[13.606,13.705],[14.064,13.079]]]}},{"type":"Feature","properties":{"iso":"NI"},"geometry":{"type":"Polygon","coordinates":[[[-83.642,10.917],[-83.811,10.743],[-84.168,10.78],[-84.348,10.98],[-84.909,10.945],[-85.621,11.184],[-85.744,11.062],[-86.469,11.738],[-86.756,12.157],[-87.668,12.904],[-87.337,12.979],[-87.059,12.991],[-86.711,13.313],[-86.734,13.763],[-86.332,13.77],[-86.151,13.995],[-85.787,13.844],[-85.179,14.343],[-84.985,14.752],[-84.646,14.661],[-83.867,14.794],[-83.415,15.008],[-83.158,14.993],[-83.299,14.749],[-83.188,14.34],[-83.412,13.996],[-83.567,13.32],[-83.511,12.412],[-83.769,11.932],[-83.652,11.642],[-83.868,11.3],[-83.642,10.917]]]}},{"type":"Feature","properties":{"iso":"NL","c":[52.079,5.49],"bb":[[50.75,3.45],[53.44,7.2]]},"geometry":{"type":"MultiPolygon","coordinates":[[[[3.35,51.378],[3.589,51.399],[3.883,51.354],[4.226,51.386],[4.173,51.307],[3.902,51.208],[3.35,51.378]]],[[[4.226,51.386],[4.007,51.443],[3.822,51.409],[3.587,51.454],[3.449,51.541],[3.744,51.596],[4.08,51.551],[4.183,51.61],[3.947,51.811],[4.085,51.994],[4.209,52.059],[4.483,52.309],[4.562,52.443],[4.678,52.81],[5.358,53.096],[5.532,53.269],[6.062,53.407],[6.816,53.441],[6.968,53.327],[7.197,53.282],[7.19,53.0],[7.013,52.634],[6.748,52.634],[6.749,52.464],[7.035,52.38],[6.977,52.206],[6.749,52.099],[6.742,51.911],[6.356,51.825],[6.167,51.881],[5.949,51.762],[6.193,51.489],[6.076,51.224],[6.13,51.147],[5.895,50.984],[6.048,50.905],[5.994,50.75],[5.694,50.775],[5.827,51.126],[5.509,51.275],[5.311,51.26],[5.1,51.346],[5.059,51.453],[4.848,51.403],[4.503,51.475],[4.226,51.386]]]]}},{"type":"Feature","properties":{"iso":"NO","c":[64.538,12.368],"bb":[[58.02,4.93],[71.09,30.94]]},"geometry":{"type":"MultiPolygon","coordinates":[[[[13.538,68.249],[13.932,68.248],[13.778,68.105],[13.2,68.087],[13.538,68.249]]],[[[16.519,68.633],[15.913,68.389],[15.438,68.313],[14.927,68.307],[14.629,68.198],[14.257,68.257],[14.586,68.4],[15.095,68.441],[15.413,68.616],[15.564,68.874],[15.483,69.043],[15.893,69.278],[16.115,69.216],[15.812,69.024],[15.928,68.733],[15.772,68.554],[16.06,68.681],[16.151,68.842],[16.547,68.717],[16.519,68.633]]],[[[14.872,68.914],[15.337,68.842],[15.222,68.616],[14.521,68.633],[14.373,68.711],[14.872,68.914]]],[[[17.951,69.198],[17.324,69.13],[16.972,69.138],[17.002,69.362],[17.361,69.381],[17.252,69.504],[17.623,69.539],[18.004,69.505],[18.077,69.396],[17.951,69.198]]],[[[-8.002,71.041],[-8.635,70.94],[-9.046,70.833],[-8.965,70.916],[-8.521,71.031],[-8.344,71.14],[-8.002,71.041]]],[[[21.389,78.74],[19.769,78.623],[18.439,78.025],[16.7,76.579],[14.366,77.234],[14.921,77.689],[13.681,78.028],[11.774,78.716],[10.866,79.797],[12.754,79.776],[13.384,79.481],[15.816,79.682],[16.838,79.905],[18.581,79.572],[19.089,79.157],[20.458,79.129],[21.389,78.74]]],[[[10.645,59.389],[10.634,59.602],[10.398,59.519],[10.431,59.28],[10.179,59.009],[9.618,58.946],[8.928,58.57],[8.521,58.301],[8.166,58.145],[7.466,58.021],[7.005,58.024],[6.66,58.263],[6.389,58.268],[5.707,58.524],[5.517,58.727],[5.556,58.975],[5.854,58.959],[5.969,59.186],[5.845,59.353],[5.564,59.291],[5.362,59.166],[5.132,59.226],[5.185,59.454],[5.305,59.643],[5.472,59.713],[5.772,59.661],[5.867,59.734],[5.73,59.863],[6.112,60.132],[6.153,60.346],[5.495,59.826],[5.234,59.692],[5.119,59.834],[5.206,60.088],[5.495,60.07],[5.184,60.308],[5.137,60.446],[5.244,60.57],[5.049,60.708],[5.009,61.038],[5.325,61.108],[5.022,61.251],[5.003,61.434],[5.258,61.455],[4.928,61.711],[4.985,61.9],[5.465,61.897],[6.016,61.788],[6.131,61.852],[5.473,61.946],[5.16,61.957],[5.143,62.16],[5.358,62.152],[5.533,62.311],[6.118,62.447],[6.353,62.611],[6.745,62.638],[7.284,62.602],[7.242,62.752],[6.78,62.701],[6.782,62.79],[7.008,62.958],[7.572,63.1],[8.101,63.091],[8.271,63.287],[8.58,63.313],[8.594,63.426],[8.398,63.535],[8.842,63.646],[9.324,63.57],[9.697,63.625],[10.081,63.433],[10.76,63.461],[10.725,63.625],[11.371,63.805],[11.176,63.899],[10.914,63.921],[10.935,63.77],[10.339,63.571],[9.924,63.522],[9.708,63.865],[10.01,64.083],[10.236,64.18],[10.566,64.418],[10.834,64.494],[11.225,64.679],[11.35,64.906],[12.16,65.179],[12.122,65.362],[12.273,65.568],[12.976,66.019],[12.784,66.1],[13.119,66.231],[13.105,66.539],[13.312,66.702],[13.621,66.795],[14.109,67.119],[15.435,67.247],[14.448,67.298],[14.755,67.499],[15.219,67.655],[14.781,67.675],[14.799,67.809],[15.316,68.069],[15.657,68.164],[16.065,68.2],[16.121,68.027],[16.372,68.062],[16.175,68.281],[16.585,68.466],[16.652,68.626],[17.131,68.693],[17.391,68.799],[17.705,69.1],[18.101,69.156],[18.079,69.325],[18.293,69.475],[18.991,69.561],[19.197,69.748],[20.069,69.883],[20.622,69.914],[21.163,69.89],[21.254,70.003],[21.975,69.835],[21.803,70.066],[21.4,70.174],[21.996,70.293],[22.685,70.375],[22.941,70.305],[23.046,70.102],[23.661,70.4],[24.038,70.485],[24.42,70.702],[24.263,70.826],[24.658,71.001],[25.768,70.853],[25.274,70.552],[24.994,70.218],[25.212,70.136],[25.471,70.341],[26.507,70.913],[26.734,70.854],[26.584,70.454],[26.989,70.511],[27.184,70.744],[27.556,70.827],[27.235,70.947],[27.597,71.091],[28.392,70.975],[28.203,70.577],[28.437,70.501],[28.609,70.76],[29.102,70.861],[29.796,70.643],[30.065,70.703],[30.213,70.543],[30.596,70.524],[30.926,70.401],[30.944,70.274],[29.926,70.096],[28.781,70.145],[28.804,70.093],[29.601,69.977],[29.636,69.78],[29.792,69.728],[30.484,69.795],[30.87,69.783],[30.861,69.538],[30.615,69.533],[30.228,69.634],[29.994,69.392],[29.388,69.298],[29.21,69.097],[28.966,69.022],[28.846,69.177],[29.333,69.473],[29.142,69.671],[28.412,69.823],[27.89,70.062],[27.592,70.042],[27.109,69.905],[26.525,69.915],[26.012,69.653],[25.749,69.231],[25.748,68.99],[25.357,68.862],[24.941,68.593],[23.854,68.806],[23.707,68.714],[23.324,68.649],[22.411,68.72],[22.3,68.856],[21.622,69.271],[21.267,69.274],[21.053,69.187],[21.128,69.081],[20.622,69.037],[20.117,69.021],[20.337,68.9],[20.319,68.754],[19.969,68.542],[20.24,68.478],[19.97,68.356],[19.053,68.493],[18.379,68.562],[18.163,68.528],[18.177,68.201],[17.917,67.965],[17.325,68.104],[16.784,67.895],[16.586,67.628],[16.194,67.505],[16.127,67.426],[16.434,67.155],[16.404,67.055],[15.423,66.49],[15.484,66.306],[15.153,66.191],[14.543,66.129],[14.635,65.845],[14.48,65.301],[14.115,64.946],[13.65,64.582],[14.078,64.464],[14.141,64.174],[13.961,64.014],[13.3,64.075],[12.988,64.05],[12.663,63.94],[12.175,63.596],[12.212,63.492],[12.0,63.292],[12.218,63.001],[12.109,62.919],[12.115,62.592],[12.304,62.286],[12.155,61.721],[12.596,61.541],[12.881,61.352],[12.683,61.047],[12.294,61.003],[12.315,60.892],[12.589,60.451],[12.486,60.107],[12.169,59.913],[11.932,59.864],[11.681,59.592],[11.798,59.29],[11.643,58.926],[11.388,59.037],[11.366,59.105],[10.834,59.184],[10.645,59.389]]],[[[18.785,69.579],[18.274,69.535],[18.083,69.626],[18.687,69.891],[19.249,70.179],[19.344,70.012],[19.592,69.97],[19.335,69.82],[19.131,69.81],[18.785,69.579]]],[[[23.634,70.503],[23.548,70.408],[23.159,70.283],[22.941,70.445],[23.634,70.503]]],[[[22.35,70.658],[23.205,70.815],[23.421,70.784],[23.068,70.594],[22.359,70.515],[22.35,70.658]]],[[[25.586,71.142],[25.854,71.104],[26.134,70.996],[25.582,70.961],[25.315,71.034],[25.586,71.142]]],[[[25.641,79.403],[23.948,79.194],[20.861,79.398],[18.725,79.761],[18.344,80.06],[20.998,80.239],[22.451,80.402],[26.861,80.16],[27.199,79.907],[25.641,79.403]]]]}},{"type":"Feature","properties":{"iso":"NP"},"geometry":{"type":"Polygon","coordinates":[[[88.162,26.725],[88.0,26.384],[87.849,26.437],[87.633,26.399],[87.414,26.423],[87.287,26.36],[87.09,26.433],[87.016,26.555],[86.701,26.435],[86.366,26.574],[86.007,26.649],[85.856,26.6],[85.737,26.64],[85.7,26.782],[85.568,26.84],[85.293,26.741],[84.685,27.041],[84.61,27.299],[84.091,27.491],[83.829,27.378],[83.447,27.465],[83.29,27.371],[82.733,27.519],[82.677,27.673],[82.451,27.672],[81.988,27.914],[81.853,27.867],[81.311,28.176],[81.169,28.335],[80.751,28.54],[80.587,28.65],[80.419,28.612],[80.071,28.83],[80.13,29.1],[80.233,29.195],[80.255,29.423],[80.402,29.73],[80.549,29.9],[80.908,30.172],[81.01,30.165],[81.11,30.037],[81.255,30.093],[81.417,30.338],[81.642,30.388],[82.043,30.327],[82.159,30.115],[82.487,29.942],[82.854,29.683],[83.155,29.613],[83.355,29.439],[83.583,29.184],[83.936,29.279],[84.101,29.22],[84.229,28.912],[84.714,28.596],[84.855,28.554],[85.159,28.592],[85.089,28.372],[85.122,28.316],[85.411,28.276],[85.678,28.277],[85.84,28.135],[85.954,27.928],[86.064,27.935],[86.079,28.084],[86.409,27.929],[86.517,27.964],[86.554,28.085],[87.02,27.929],[87.141,27.838],[87.683,27.821],[88.0,27.885],[88.11,27.871],[88.0,27.242],[88.0,27.077],[88.162,26.725]]]}},{"type":"Feature","properties":{"iso":"NZ","c":[-43.425,171.327],"bb":[[-46.6,166.73],[-40.52,174.3]]},"geometry":{"type":"MultiPolygon","coordinates":[[[[173.285,-34.981],[173.844,-35.026],[174.32,-35.247],[174.543,-35.582],[174.391,-35.774],[174.802,-36.309],[174.722,-36.841],[175.3,-36.993],[175.461,-36.476],[175.876,-36.958],[176.108,-37.645],[177.336,-37.991],[178.009,-37.555],[178.536,-37.692],[178.268,-38.551],[177.976,-38.722],[177.966,-39.142],[177.408,-39.081],[176.954,-39.368],[177.11,-39.673],[176.842,-40.158],[175.983,-41.213],[175.31,-41.611],[175.166,-41.417],[174.635,-41.289],[175.163,-40.622],[175.254,-40.289],[175.009,-39.952],[173.934,-39.509],[173.844,-39.139],[174.597,-38.785],[174.928,-37.804],[174.729,-37.449],[174.782,-36.944],[174.476,-36.942],[174.447,-36.451],[173.945,-36.176],[173.117,-35.205],[173.285,-34.981]]],[[[173.231,-41.284],[173.738,-40.989],[174.303,-41.02],[174.092,-41.505],[174.283,-41.741],[173.545,-42.518],[173.221,-42.977],[172.719,-43.259],[172.921,-43.891],[172.385,-43.83],[171.443,-44.136],[171.113,-45.039],[170.701,-45.684],[169.687,-46.552],[168.382,-46.605],[168.189,-46.362],[167.682,-46.193],[166.732,-46.198],[166.734,-45.544],[167.195,-44.963],[167.787,-44.595],[168.367,-44.082],[168.806,-43.992],[169.662,-43.591],[170.303,-43.108],[170.742,-42.927],[171.257,-42.465],[171.486,-41.795],[172.011,-41.445],[172.139,-40.947],[172.641,-40.518],[173.231,-41.284]]]]}},{"type":"Feature","properties":{"iso":"OM"},"geometry":{"type":"MultiPolygon","coordinates":[[[[53.667,19.559],[54.977,19.996],[55.641,22.002],[55.186,22.704],[55.2,23.035],[55.761,24.243],[55.796,24.868],[56.064,24.739],[56.388,24.979],[56.641,24.47],[57.22,23.923],[58.578,23.643],[59.8,22.22],[59.371,21.499],[58.896,21.113],[58.474,20.407],[57.862,20.244],[57.715,19.607],[57.812,19.017],[57.177,18.903],[56.655,18.587],[56.551,18.166],[56.27,17.951],[55.479,17.843],[55.064,17.039],[54.068,17.006],[53.61,16.76],[53.086,16.648],[52.729,17.3],[51.978,18.996],[53.667,19.559]]],[[[56.164,26.207],[56.306,26.235],[56.43,26.327],[56.374,25.805],[56.298,25.651],[56.145,25.691],[56.167,26.047],[56.08,26.063],[56.164,26.207]]]]}},{"type":"Feature","properties":{"iso":"PA"},"geometry":{"type":"Polygon","coordinates":[[[-77.901,7.229],[-78.17,7.544],[-78.422,8.061],[-78.114,8.38],[-79.086,8.997],[-79.442,9.006],[-79.75,8.596],[-80.369,8.289],[-80.458,8.077],[-80.075,7.667],[-80.439,7.275],[-80.846,7.22],[-81.035,7.711],[-81.504,7.721],[-81.728,8.138],[-82.68,8.322],[-82.879,8.071],[-82.998,8.368],[-82.917,8.74],[-82.94,9.449],[-82.564,9.577],[-82.244,9.031],[-81.355,8.781],[-80.839,8.887],[-80.127,9.21],[-79.577,9.598],[-78.504,9.406],[-78.083,9.236],[-77.374,8.658],[-77.212,8.034],[-77.351,7.706],[-77.744,7.537],[-77.901,7.229]]]}},{"type":"Feature","properties":{"iso":"PE","c":[-9.202,-75.812],"bb":[[-18.35,-81.34],[-0.11,-68.69]]},"geometry":{"type":"Polygon","coordinates":[[[-69.579,-10.952],[-68.685,-12.502],[-68.979,-12.88],[-69.074,-13.683],[-68.88,-14.199],[-69.235,-14.597],[-69.375,-14.963],[-69.172,-15.237],[-69.419,-15.603],[-69.218,-16.149],[-68.913,-16.262],[-69.021,-16.642],[-69.625,-17.2],[-69.511,-17.506],[-69.852,-17.704],[-69.926,-18.206],[-70.418,-18.346],[-71.337,-17.683],[-71.532,-17.294],[-72.111,-17.003],[-72.468,-16.708],[-73.825,-16.153],[-74.147,-15.912],[-75.104,-15.412],[-75.534,-14.899],[-75.934,-14.634],[-76.289,-14.133],[-76.184,-13.515],[-76.832,-12.349],[-77.153,-12.06],[-77.22,-11.663],[-77.633,-11.288],[-77.736,-10.837],[-78.186,-10.089],[-78.762,-8.617],[-79.377,-7.836],[-79.762,-7.067],[-80.11,-6.65],[-80.812,-6.282],[-81.181,-5.942],[-80.883,-5.759],[-81.108,-5.028],[-81.337,-4.67],[-81.283,-4.322],[-80.799,-3.731],[-80.325,-3.388],[-80.179,-3.878],[-80.51,-4.07],[-80.488,-4.394],[-80.14,-4.296],[-79.639,-4.455],[-79.331,-4.928],[-79.076,-4.991],[-78.42,-3.777],[-78.347,-3.431],[-77.861,-2.982],[-76.679,-2.563],[-76.09,-2.133],[-75.571,-1.531],[-75.263,-0.555],[-75.284,-0.107],[-74.802,-0.2],[-74.418,-0.581],[-74.246,-0.971],[-73.664,-1.249],[-73.496,-1.693],[-73.197,-1.83],[-73.154,-2.278],[-72.887,-2.408],[-72.396,-2.429],[-71.753,-2.153],[-71.397,-2.334],[-70.915,-2.219],[-70.096,-2.658],[-70.074,-2.75],[-70.735,-3.782],[-70.34,-3.814],[-69.966,-4.236],[-70.8,-4.173],[-70.974,-4.35],[-71.845,-4.504],[-72.699,-5.067],[-72.887,-5.123],[-72.98,-5.635],[-73.236,-6.098],[-73.137,-6.466],[-73.758,-6.906],[-73.749,-7.335],[-74.002,-7.556],[-73.549,-8.346],[-72.974,-8.993],[-73.209,-9.411],[-72.379,-9.51],[-72.182,-10.004],[-71.238,-9.966],[-70.637,-9.478],[-70.642,-11.01],[-70.22,-11.048],[-69.579,-10.952]]]}},{"type":"Feature","properties":{"iso":"PG"},"geometry":{"type":"MultiPolygon","coordinates":[[[[155.933,-6.78],[155.344,-6.722],[155.202,-6.308],[154.782,-5.971],[154.741,-5.545],[154.997,-5.54],[155.467,-6.145],[155.823,-6.38],[155.933,-6.78]]],[[[151.968,-4.317],[152.406,-4.341],[152.4,-4.731],[152.013,-5.004],[152.143,-5.357],[151.865,-5.565],[151.515,-5.552],[151.229,-5.92],[150.428,-6.276],[149.653,-6.29],[149.382,-6.078],[149.127,-6.128],[148.401,-5.765],[148.345,-5.545],[148.999,-5.485],[149.245,-5.573],[150.299,-5.536],[150.953,-5.424],[151.327,-4.96],[151.671,-4.883],[151.552,-4.346],[151.968,-4.317]]],[[[140.973,-2.61],[141.186,-2.628],[142.212,-3.083],[142.905,-3.321],[143.509,-3.431],[144.016,-3.784],[144.478,-3.825],[145.088,-4.349],[145.335,-4.385],[145.767,-4.823],[145.853,-5.471],[146.403,-5.617],[147.034,-5.919],[147.377,-5.951],[147.802,-6.315],[147.846,-6.662],[147.119,-6.722],[146.961,-6.929],[147.19,-7.378],[147.724,-7.876],[148.127,-8.104],[148.247,-8.554],[148.583,-9.052],[149.248,-9.071],[149.203,-9.407],[149.761,-9.806],[149.874,-10.013],[150.667,-10.257],[150.482,-10.637],[150.017,-10.577],[149.754,-10.353],[147.769,-10.07],[146.697,-9.025],[146.033,-8.076],[144.974,-7.802],[144.51,-7.567],[143.614,-8.2],[143.095,-8.311],[143.366,-8.961],[142.647,-9.328],[142.23,-9.17],[141.133,-9.221],[140.976,-9.119],[140.975,-6.905],[140.974,-4.226],[140.973,-2.61]]]]}},{"type":"Feature","properties":{"iso":"PH","c":[15.628,120.722],"bb":[[12.57,119.83],[18.56,124.14]]},"geometry":{"type":"MultiPolygon","coordinates":[[[[126.088,9.261],[126.32,8.845],[126.435,7.833],[126.582,7.248],[126.08,6.733],[125.824,7.333],[125.401,6.796],[125.588,6.466],[125.668,5.979],[125.456,5.664],[124.636,5.998],[124.078,6.404],[123.985,6.994],[124.207,7.396],[123.968,7.665],[123.493,7.808],[123.391,7.408],[122.498,7.673],[122.176,7.004],[122.047,7.364],[122.132,7.81],[122.337,8.028],[122.911,8.156],[123.018,8.398],[123.435,8.703],[124.226,8.271],[124.451,8.606],[124.731,8.563],[124.869,8.972],[125.533,9.141],[125.521,9.759],[126.088,9.261]]],[[[125.31,12.446],[125.536,12.191],[125.457,11.953],[125.628,11.132],[125.233,11.145],[124.884,11.775],[124.385,12.244],[124.566,12.526],[125.15,12.573],[125.31,12.446]]],[[[124.644,11.308],[125.027,11.212],[125.013,10.786],[125.253,10.264],[125.027,10.033],[124.781,10.168],[124.787,10.781],[124.446,10.924],[124.644,11.308]]],[[[121.254,18.563],[121.846,18.295],[122.3,18.403],[122.151,17.756],[122.237,17.435],[122.519,17.125],[122.135,16.185],[121.595,15.933],[121.392,15.324],[121.695,14.737],[121.8,14.114],[122.491,14.322],[122.856,14.251],[123.231,13.747],[123.432,13.966],[123.726,13.884],[123.608,13.528],[124.143,13.036],[124.06,12.567],[123.311,13.044],[123.163,13.442],[122.595,13.908],[122.407,13.493],[121.778,13.938],[121.204,13.64],[120.617,14.188],[120.922,14.493],[120.888,14.716],[120.082,14.851],[119.831,16.327],[120.16,16.048],[120.389,16.222],[120.305,16.529],[120.409,16.956],[120.358,17.638],[120.6,18.508],[121.254,18.563]]],[[[123.065,9.053],[122.411,9.694],[122.471,9.962],[122.856,10.087],[122.817,10.504],[122.983,10.887],[123.257,10.994],[123.568,10.781],[123.162,9.864],[123.321,9.273],[123.065,9.053]]],[[[122.613,11.564],[123.158,11.536],[123.017,11.117],[122.77,10.824],[122.198,10.623],[121.964,10.872],[122.104,11.643],[122.291,11.772],[122.613,11.564]]],[[[120.755,13.471],[121.203,13.432],[121.523,13.131],[121.541,12.638],[121.237,12.219],[120.922,12.512],[120.764,12.97],[120.508,13.26],[120.755,13.471]]],[[[117.219,8.367],[117.35,8.714],[117.885,9.241],[118.115,9.347],[119.527,10.953],[119.684,10.552],[119.192,10.061],[118.782,9.916],[118.435,9.256],[117.99,8.877],[117.219,8.367]]]]}},{"type":"Feature","properties":{"iso":"PK"},"geometry":{"type":"Polygon","coordinates":[[[67.668,23.811],[67.309,24.175],[67.171,24.756],[66.693,25.0],[66.699,25.226],[66.429,25.575],[66.219,25.59],[66.131,25.493],[65.68,25.355],[65.406,25.374],[65.061,25.311],[64.777,25.307],[64.659,25.184],[64.544,25.237],[64.152,25.333],[64.059,25.403],[63.936,25.343],[63.721,25.386],[63.557,25.353],[63.491,25.211],[63.17,25.255],[63.015,25.225],[62.572,25.255],[62.315,25.135],[62.199,25.225],[62.089,25.155],[61.744,25.138],[61.588,25.202],[61.669,25.769],[61.754,25.843],[61.81,26.165],[61.87,26.242],[62.239,26.357],[62.312,26.491],[62.439,26.561],[62.787,26.644],[63.093,26.632],[63.168,26.666],[63.25,26.879],[63.242,27.078],[63.167,27.252],[62.915,27.218],[62.763,27.25],[62.812,27.497],[62.74,28.002],[62.763,28.202],[62.565,28.235],[62.353,28.415],[61.89,28.547],[61.623,28.792],[61.338,29.265],[61.318,29.373],[60.843,29.859],[62.373,29.425],[62.477,29.408],[63.568,29.498],[64.099,29.392],[64.266,29.507],[64.521,29.565],[65.096,29.559],[66.177,29.836],[66.313,29.969],[66.247,30.044],[66.305,30.321],[66.287,30.608],[66.397,30.912],[66.567,30.997],[66.731,31.195],[66.924,31.306],[67.287,31.218],[67.453,31.235],[67.738,31.344],[67.578,31.506],[68.017,31.678],[68.214,31.807],[68.443,31.754],[68.598,31.803],[68.782,31.646],[68.869,31.634],[69.083,31.738],[69.279,31.937],[69.241,32.434],[69.405,32.683],[69.502,33.02],[69.704,33.095],[69.92,33.113],[70.261,33.289],[70.284,33.369],[70.057,33.72],[69.868,33.898],[69.995,34.052],[70.416,33.95],[70.848,33.982],[71.052,34.05],[71.096,34.369],[70.966,34.53],[71.294,34.868],[71.455,34.967],[71.621,35.183],[71.546,35.289],[71.601,35.408],[71.428,35.834],[71.185,36.042],[71.233,36.122],[71.621,36.436],[71.822,36.486],[72.157,36.701],[72.623,36.83],[73.117,36.869],[73.769,36.888],[74.002,36.823],[74.541,37.022],[74.692,37.036],[74.889,36.952],[75.054,36.987],[75.347,36.913],[75.424,36.738],[75.667,36.742],[75.84,36.65],[75.974,36.382],[75.945,36.018],[76.071,35.983],[76.148,35.829],[76.252,35.811],[76.551,35.887],[76.563,35.773],[76.767,35.662],[77.049,35.11],[77.001,34.992],[76.783,34.9],[76.594,34.736],[76.457,34.756],[76.172,34.668],[76.041,34.67],[75.709,34.503],[75.453,34.537],[75.188,34.639],[74.952,34.646],[74.3,34.765],[73.961,34.653],[73.812,34.422],[73.81,34.325],[73.979,34.191],[73.95,34.019],[74.246,33.99],[74.216,33.887],[74.001,33.788],[74.004,33.632],[74.15,33.507],[74.118,33.384],[73.994,33.242],[74.126,33.075],[74.304,32.992],[74.355,32.769],[74.663,32.758],[74.658,32.519],[74.789,32.458],[74.987,32.462],[75.234,32.372],[75.333,32.279],[75.254,32.14],[74.739,31.949],[74.556,31.819],[74.51,31.713],[74.594,31.465],[74.518,31.186],[74.633,31.035],[74.216,30.769],[74.009,30.52],[73.899,30.435],[73.933,30.222],[73.809,30.093],[73.382,29.934],[73.231,29.551],[72.903,29.029],[72.342,28.752],[72.179,28.422],[71.948,28.177],[71.87,27.963],[71.543,27.87],[71.185,27.832],[70.875,27.714],[70.737,27.729],[70.629,27.937],[70.404,28.025],[70.145,27.849],[69.896,27.474],[69.568,27.175],[69.47,26.804],[69.507,26.743],[69.736,26.627],[70.059,26.579],[70.157,26.471],[70.133,26.215],[70.078,26.072],[70.1,25.91],[70.265,25.707],[70.648,25.667],[70.652,25.423],[70.905,25.0],[71.044,24.4],[70.547,24.418],[69.716,24.173],[69.559,24.273],[68.728,24.266],[68.724,23.965],[68.165,23.857],[67.668,23.811]]]}},{"type":"Feature","properties":{"iso":"PL","c":[51.936,19.153],"bb":[[49.07,14.13],[54.84,24.11]]},"geometry":{"type":"Polygon","coordinates":[[[22.539,49.073],[22.02,49.21],[21.89,49.343],[21.64,49.412],[21.079,49.418],[20.947,49.317],[20.616,49.392],[20.363,49.385],[20.164,49.316],[20.058,49.181],[19.802,49.192],[19.774,49.372],[19.664,49.396],[19.442,49.598],[19.149,49.4],[18.968,49.396],[18.832,49.511],[18.807,49.614],[18.595,49.758],[18.562,49.879],[18.305,49.914],[18.028,50.035],[17.875,49.972],[17.589,50.157],[17.152,50.378],[16.869,50.415],[16.993,50.26],[16.679,50.097],[16.21,50.424],[16.42,50.574],[16.282,50.656],[16.007,50.612],[15.731,50.74],[15.354,50.812],[15.259,50.959],[14.994,51.014],[14.983,50.887],[14.809,50.859],[15.017,51.253],[14.906,51.463],[14.725,51.524],[14.739,51.627],[14.602,51.832],[14.753,52.082],[14.555,52.36],[14.619,52.529],[14.514,52.646],[14.129,52.878],[14.369,53.106],[14.415,53.283],[14.259,53.73],[14.488,53.672],[14.558,53.823],[14.214,53.871],[14.211,53.95],[14.384,53.925],[14.716,54.018],[15.9,54.254],[16.186,54.29],[16.56,54.554],[16.885,54.596],[17.262,54.73],[17.843,54.817],[18.323,54.838],[18.67,54.431],[18.976,54.349],[19.407,54.386],[19.604,54.459],[20.208,54.421],[22.168,54.36],[22.766,54.357],[23.016,54.348],[23.454,54.143],[23.485,53.94],[23.599,53.599],[23.789,53.271],[23.887,53.028],[23.915,52.77],[23.845,52.664],[23.48,52.552],[23.204,52.338],[23.197,52.257],[23.458,52.17],[23.652,52.04],[23.626,51.809],[23.545,51.71],[23.605,51.518],[23.664,51.31],[24.106,50.845],[23.978,50.786],[24.095,50.617],[23.973,50.41],[23.712,50.377],[23.036,49.899],[22.649,49.539],[22.732,49.295],[22.706,49.171],[22.539,49.073]]]}},{"type":"Feature","properties":{"iso":"PS","c":[31.949,35.26],"bb":[[31.37,34.87],[32.53,35.57]]},"geometry":{"type":"MultiPolygon","coordinates":[[[[35.451,31.479],[35.101,31.366],[34.873,31.397],[34.951,31.602],[35.198,31.776],[34.99,31.913],[34.956,32.161],[35.065,32.46],[35.193,32.534],[35.362,32.507],[35.551,32.396],[35.572,32.238],[35.531,31.985],[35.559,31.766],[35.451,31.479]]],[[[34.245,31.208],[34.198,31.323],[34.477,31.585],[34.526,31.526],[34.35,31.363],[34.245,31.208]]]]}},{"type":"Feature","properties":{"iso":"PT","c":[39.612,-8.28],"bb":[[37.01,-9.47],[42.13,-6.21]]},"geometry":{"type":"MultiPolygon","coordinates":[[[[-7.406,37.179],[-7.834,37.006],[-8.137,37.077],[-8.598,37.121],[-8.998,37.032],[-8.814,37.431],[-8.792,37.733],[-8.879,37.959],[-8.802,38.184],[-8.915,38.512],[-9.213,38.448],[-9.25,38.657],[-9.474,38.731],[-9.375,39.338],[-9.148,39.543],[-8.838,40.116],[-8.887,40.179],[-8.772,40.606],[-8.685,40.753],[-8.656,41.029],[-8.738,41.285],[-8.811,41.652],[-8.888,41.765],[-8.777,41.941],[-8.538,42.069],[-8.213,42.134],[-8.13,42.018],[-8.225,41.896],[-8.152,41.812],[-7.921,41.884],[-7.693,41.888],[-7.404,41.834],[-7.03,41.951],[-6.618,41.942],[-6.542,41.673],[-6.392,41.665],[-6.212,41.532],[-6.403,41.375],[-6.69,41.215],[-6.928,41.009],[-6.818,40.654],[-6.848,40.411],[-6.81,40.343],[-7.015,40.208],[-6.896,40.022],[-7.037,39.714],[-7.454,39.681],[-7.445,39.536],[-7.335,39.465],[-7.306,39.338],[-7.172,39.135],[-6.998,39.056],[-7.046,38.907],[-7.282,38.715],[-7.343,38.457],[-7.023,38.045],[-7.185,38.006],[-7.444,37.728],[-7.504,37.585],[-7.406,37.179]]],[[[-17.054,32.816],[-16.929,32.841],[-16.693,32.758],[-16.837,32.648],[-17.171,32.722],[-17.054,32.816]]],[[[-25.585,37.834],[-25.267,37.849],[-25.251,37.735],[-25.439,37.715],[-25.585,37.834]]]]}},{"type":"Feature","properties":{"iso":"PY","c":[-23.497,-58.419],"bb":[[-27.55,-62.65],[-19.29,-54.24]]},"geometry":{"type":"Polygon","coordinates":[[[-54.616,-25.576],[-54.678,-26.309],[-54.825,-26.652],[-55.427,-27.009],[-55.79,-27.416],[-56.164,-27.321],[-56.437,-27.554],[-58.642,-27.196],[-58.191,-26.63],[-58.203,-26.381],[-57.891,-26.007],[-57.587,-25.405],[-57.822,-25.136],[-58.365,-24.959],[-59.373,-24.454],[-59.892,-24.094],[-60.84,-23.858],[-61.799,-23.182],[-62.373,-22.439],[-62.651,-22.234],[-62.277,-21.066],[-62.276,-20.562],[-61.917,-20.055],[-61.757,-19.645],[-60.007,-19.298],[-59.091,-19.286],[-58.18,-19.818],[-58.16,-20.165],[-57.83,-20.998],[-57.986,-22.046],[-57.82,-22.142],[-56.937,-22.271],[-56.524,-22.103],[-55.849,-22.308],[-55.654,-22.81],[-55.366,-23.991],[-54.625,-23.812],[-54.242,-24.047],[-54.473,-25.22],[-54.616,-25.576]]]}},{"type":"Feature","properties":{"iso":"QA","c":[25.311,51.161],"bb":[[24.61,50.76],[26.15,51.6]]},"geometry":{"type":"Polygon","coordinates":[[[50.82,25.0],[50.777,25.177],[50.763,25.445],[50.869,25.613],[51.003,25.981],[51.262,26.153],[51.543,25.902],[51.572,25.781],[51.485,25.525],[51.602,25.148],[51.596,25.0],[51.268,24.607],[50.804,24.789],[50.82,25.0]]]}},{"type":"Feature","properties":{"iso":"RO","c":[45.861,24.345],"bb":[[43.67,20.24],[48.26,29.71]]},"geometry":{"type":"Polygon","coordinates":[[[29.706,45.26],[29.635,44.98],[29.558,44.843],[29.048,44.758],[28.926,44.81],[28.807,44.565],[28.852,44.506],[28.645,44.296],[28.659,43.984],[28.585,43.742],[28.423,43.74],[28.05,43.822],[27.884,43.987],[27.425,44.021],[27.087,44.167],[26.489,44.084],[26.216,44.007],[25.933,43.871],[25.819,43.767],[25.497,43.671],[25.16,43.686],[24.431,43.794],[24.227,43.763],[23.535,43.854],[23.225,43.874],[22.919,43.834],[22.868,43.948],[23.029,44.078],[22.705,44.238],[22.495,44.435],[22.554,44.54],[22.721,44.606],[22.498,44.706],[22.351,44.676],[22.093,44.542],[21.909,44.666],[21.636,44.71],[21.384,44.87],[21.357,44.991],[21.492,45.122],[20.942,45.365],[20.774,45.484],[20.775,45.75],[20.359,45.975],[20.242,46.109],[20.508,46.167],[20.614,46.133],[20.837,46.26],[21.04,46.242],[21.152,46.304],[21.32,46.608],[21.497,46.704],[21.494,46.79],[21.785,47.138],[21.869,47.305],[21.995,47.396],[22.0,47.505],[22.291,47.728],[22.677,47.799],[22.877,47.947],[23.203,48.085],[23.408,47.99],[23.629,47.996],[24.178,47.906],[24.579,47.931],[24.893,47.718],[25.464,47.911],[26.163,47.993],[26.306,48.204],[26.619,48.26],[26.787,48.256],[26.981,48.155],[27.152,47.959],[27.337,47.64],[27.854,47.115],[28.072,46.978],[28.239,46.641],[28.244,46.451],[28.119,46.139],[28.1,45.973],[28.16,45.647],[28.075,45.599],[28.213,45.45],[28.451,45.292],[28.761,45.234],[29.224,45.403],[29.568,45.371],[29.706,45.26]]]}},{"type":"Feature","properties":{"iso":"RS","c":[44.151,21.044],"bb":[[42.25,18.84],[46.16,22.98]]},"geometry":{"type":"Polygon","coordinates":[[[22.705,44.238],[22.597,44.075],[22.421,44.007],[22.365,43.862],[22.395,43.707],[22.555,43.454],[22.768,43.354],[22.977,43.188],[22.942,43.097],[22.706,42.884],[22.467,42.842],[22.436,42.629],[22.524,42.441],[22.344,42.314],[22.24,42.358],[21.904,42.322],[21.563,42.248],[21.753,42.67],[21.391,42.751],[21.403,42.832],[21.237,42.913],[21.057,43.092],[20.844,43.173],[20.623,43.199],[20.624,43.034],[20.344,42.828],[20.34,42.893],[19.944,43.082],[19.552,43.212],[19.219,43.45],[19.194,43.533],[19.451,43.562],[19.488,43.704],[19.257,43.943],[19.55,43.987],[19.584,44.043],[19.339,44.226],[19.152,44.303],[19.151,44.527],[19.292,44.697],[19.357,44.859],[19.237,44.914],[19.007,44.869],[19.1,44.974],[19.063,45.137],[19.388,45.173],[19.33,45.268],[19.005,45.4],[19.055,45.527],[18.839,45.836],[18.905,45.932],[19.087,46.016],[19.208,45.984],[19.531,46.155],[20.161,46.142],[20.242,46.109],[20.359,45.975],[20.775,45.75],[20.774,45.484],[20.942,45.365],[21.492,45.122],[21.357,44.991],[21.384,44.87],[21.636,44.71],[21.909,44.666],[22.093,44.542],[22.351,44.676],[22.498,44.706],[22.721,44.606],[22.554,44.54],[22.495,44.435],[22.705,44.238]]]}},{"type":"Feature","properties":{"iso":"RU"},"geometry":{"type":"MultiPolygon","coordinates":[[[[22.831,54.838],[22.68,54.493],[22.766,54.357],[22.168,54.36],[20.208,54.421],[19.604,54.459],[19.758,54.545],[19.944,54.75],[19.975,54.921],[20.397,54.951],[20.52,54.995],[20.9,55.287],[20.958,55.279],[20.595,54.982],[20.888,54.909],[21.189,54.935],[21.236,55.264],[22.072,55.064],[22.567,55.059],[22.831,54.838]]],[[[86.812,49.488],[86.614,49.61],[86.61,49.769],[86.181,49.499],[85.372,49.624],[85.21,49.665],[85.001,49.894],[84.989,50.061],[84.607,50.202],[84.258,50.288],[84.176,50.521],[83.945,50.775],[83.718,50.887],[83.357,50.995],[83.16,50.989],[83.019,50.897],[82.761,50.893],[82.494,50.728],[82.098,50.711],[81.934,50.766],[81.466,50.74],[81.388,50.956],[81.125,50.946],[81.127,51.191],[80.877,51.281],[80.65,51.277],[80.448,51.183],[80.424,50.946],[80.22,50.912],[79.986,50.775],[79.469,51.493],[78.475,52.638],[77.86,53.269],[77.704,53.379],[76.576,53.943],[76.422,54.114],[76.655,54.145],[76.789,54.322],[76.759,54.437],[76.496,54.336],[76.267,54.312],[75.657,54.106],[75.437,54.09],[75.377,53.97],[75.052,53.827],[74.834,53.826],[74.452,53.647],[74.403,53.504],[74.069,53.611],[73.643,53.576],[73.47,53.469],[73.286,53.598],[73.399,53.811],[73.679,53.929],[73.618,54.067],[73.381,53.963],[73.119,53.981],[72.914,54.107],[72.622,54.134],[72.586,53.996],[72.404,53.964],[72.387,54.123],[72.269,54.272],[72.004,54.206],[71.336,54.158],[71.093,54.212],[71.186,54.599],[70.91,55.128],[70.738,55.305],[70.486,55.282],[70.182,55.162],[69.493,55.357],[68.977,55.39],[68.525,55.205],[68.206,55.161],[68.244,55.052],[68.074,54.96],[67.693,54.872],[66.223,54.667],[65.477,54.623],[65.237,54.516],[65.158,54.364],[64.927,54.397],[64.65,54.352],[64.461,54.384],[64.004,54.267],[63.191,54.171],[63.074,54.105],[62.633,54.069],[62.499,54.013],[62.04,54.003],[61.929,53.946],[61.334,54.049],[61.144,53.964],[61.113,53.753],[60.979,53.622],[61.248,53.551],[61.199,53.287],[61.66,53.228],[62.015,53.108],[61.974,52.944],[61.401,52.996],[61.047,52.972],[60.802,52.745],[60.821,52.57],[60.979,52.395],[60.938,52.281],[60.67,52.151],[60.425,52.126],[60.066,51.976],[60.067,51.891],[60.388,51.773],[60.465,51.651],[61.363,51.442],[61.555,51.325],[61.585,51.23],[61.389,50.861],[60.942,50.696],[60.638,50.664],[60.288,50.704],[60.112,50.834],[59.955,50.799],[59.812,50.582],[59.523,50.493],[59.452,50.62],[58.884,50.694],[58.547,50.971],[58.359,51.064],[57.839,51.092],[57.654,50.925],[57.442,50.889],[57.179,51.036],[57.012,51.065],[56.62,50.981],[56.491,51.02],[56.144,50.845],[56.05,50.714],[55.798,50.602],[55.542,50.602],[55.195,50.745],[54.727,50.998],[54.606,50.88],[54.65,50.66],[54.471,50.584],[54.421,50.78],[54.042,51.115],[53.688,51.252],[53.535,51.4],[53.338,51.482],[53.038,51.464],[52.571,51.482],[52.331,51.681],[52.007,51.673],[51.609,51.484],[51.345,51.475],[51.163,51.647],[50.794,51.729],[50.756,51.675],[50.247,51.29],[49.822,51.132],[49.498,51.084],[49.323,50.852],[48.808,50.601],[48.655,50.62],[48.7,50.354],[48.843,50.013],[48.759,49.928],[48.434,49.829],[48.225,49.932],[47.85,50.282],[47.706,50.378],[47.504,50.403],[47.326,50.274],[47.295,50.058],[46.992,49.853],[46.89,49.697],[46.802,49.367],[47.018,49.2],[47.014,49.098],[46.703,48.806],[46.609,48.574],[46.661,48.412],[47.004,48.284],[47.119,48.127],[47.093,47.948],[47.292,47.741],[47.482,47.804],[48.11,47.745],[48.553,47.321],[48.959,46.775],[48.776,46.71],[48.605,46.766],[48.509,46.65],[48.61,46.566],[49.232,46.337],[49.08,46.189],[48.684,46.086],[48.69,45.889],[48.487,45.935],[48.159,45.737],[47.83,45.663],[47.701,45.686],[47.524,45.602],[47.489,45.455],[47.221,45.024],[47.115,44.906],[46.755,44.657],[46.753,44.421],[47.024,44.343],[47.23,44.192],[47.362,43.993],[47.429,43.78],[47.628,43.806],[47.509,43.51],[47.513,43.219],[47.463,43.035],[47.709,42.811],[47.822,42.613],[48.229,42.181],[48.384,41.953],[48.573,41.844],[48.391,41.602],[48.056,41.459],[47.861,41.213],[47.521,41.229],[47.261,41.315],[47.205,41.456],[46.749,41.813],[46.552,41.812],[46.43,41.891],[46.213,41.99],[45.954,42.035],[45.639,42.205],[45.728,42.475],[45.563,42.536],[45.344,42.53],[45.208,42.648],[44.871,42.756],[44.771,42.617],[44.644,42.735],[44.506,42.749],[43.957,42.567],[43.738,42.617],[43.783,42.747],[43.558,42.844],[43.089,42.989],[42.992,43.092],[42.761,43.17],[42.566,43.155],[42.419,43.224],[42.05,43.19],[41.581,43.219],[41.358,43.333],[41.083,43.374],[40.648,43.534],[40.519,43.512],[40.15,43.57],[39.978,43.42],[39.517,43.728],[39.329,43.897],[38.717,44.288],[38.181,44.42],[37.851,44.699],[37.572,44.671],[37.411,44.735],[37.205,44.972],[36.944,45.07],[36.651,45.126],[36.619,45.185],[36.941,45.29],[37.647,45.377],[37.612,45.565],[37.841,45.8],[37.933,46.002],[38.133,46.003],[38.184,46.095],[38.492,46.091],[38.078,46.394],[37.914,46.406],[37.767,46.636],[37.968,46.618],[38.23,46.701],[38.501,46.664],[38.439,46.813],[38.801,46.906],[39.293,47.106],[39.196,47.269],[39.024,47.272],[38.928,47.176],[38.668,47.144],[38.485,47.176],[38.214,47.091],[38.281,47.277],[38.201,47.321],[38.287,47.559],[38.719,47.714],[38.9,47.855],[39.391,47.834],[39.736,47.845],[39.885,48.168],[39.961,48.238],[39.836,48.543],[39.645,48.591],[39.793,48.808],[39.687,49.008],[39.89,49.064],[40.07,49.2],[40.126,49.369],[40.031,49.597],[39.781,49.572],[39.463,49.728],[39.303,49.742],[39.175,49.856],[38.918,49.825],[38.648,49.953],[38.451,49.964],[38.259,50.052],[38.047,49.92],[37.704,50.109],[37.582,50.292],[37.423,50.411],[36.759,50.292],[36.619,50.209],[36.306,50.28],[36.116,50.409],[35.89,50.437],[35.674,50.346],[35.412,50.54],[35.44,50.728],[35.312,51.044],[35.158,51.061],[35.064,51.203],[34.712,51.172],[34.281,51.312],[34.121,51.679],[34.398,51.78],[34.113,51.98],[33.922,52.251],[33.735,52.345],[33.148,52.34],[32.9,52.256],[32.508,52.309],[32.363,52.272],[32.283,52.114],[31.974,52.047],[31.763,52.101],[31.577,52.312],[31.535,52.798],[31.259,53.017],[31.418,53.196],[31.668,53.201],[31.85,53.106],[32.142,53.091],[32.704,53.336],[32.686,53.448],[32.47,53.547],[32.45,53.693],[32.2,53.781],[31.754,53.81],[31.792,54.056],[31.404,54.196],[31.185,54.453],[31.075,54.492],[31.121,54.648],[30.799,54.783],[30.83,54.915],[30.978,55.05],[30.814,55.279],[30.907,55.57],[30.626,55.666],[30.456,55.787],[30.234,55.845],[29.937,55.845],[29.482,55.685],[29.353,55.784],[29.375,55.939],[29.087,56.021],[28.795,55.943],[28.564,56.092],[28.284,56.056],[28.148,56.143],[28.202,56.26],[28.103,56.546],[27.806,56.867],[27.639,56.846],[27.815,57.167],[27.797,57.317],[27.352,57.528],[27.542,57.799],[27.753,57.841],[27.488,58.27],[27.531,58.435],[27.427,58.733],[27.464,58.841],[27.758,59.052],[27.898,59.278],[28.151,59.374],[28.013,59.484],[28.014,59.725],[28.335,59.693],[28.454,59.814],[28.947,59.829],[29.147,60.0],[29.67,59.956],[30.123,59.874],[29.721,60.195],[29.069,60.191],[28.643,60.375],[28.651,60.611],[28.513,60.677],[28.179,60.571],[27.798,60.536],[28.407,60.897],[29.252,61.288],[29.69,61.546],[30.566,62.128],[30.936,62.324],[31.286,62.568],[31.534,62.885],[31.181,63.208],[30.419,63.504],[30.055,63.689],[30.504,64.021],[30.488,64.237],[30.108,64.366],[29.986,64.558],[30.073,64.765],[29.783,64.804],[29.604,64.968],[29.811,65.108],[29.63,65.224],[29.716,65.625],[30.095,65.682],[29.903,66.091],[29.671,66.276],[29.464,66.532],[29.093,66.849],[29.087,66.971],[29.941,67.547],[29.979,67.689],[29.344,68.062],[28.685,68.19],[28.471,68.488],[28.752,68.771],[28.566,68.928],[28.966,69.022],[29.21,69.097],[29.388,69.298],[29.994,69.392],[30.228,69.634],[30.615,69.533],[30.861,69.538],[30.87,69.783],[31.453,69.69],[31.985,69.954],[32.565,69.806],[32.942,69.752],[32.754,69.606],[32.177,69.674],[32.378,69.479],[32.637,69.489],[33.454,69.428],[33.684,69.31],[34.229,69.313],[34.864,69.228],[35.29,69.275],[35.858,69.192],[37.731,68.692],[38.43,68.356],[38.832,68.325],[39.569,68.072],[40.036,68.015],[40.381,67.832],[40.966,67.713],[41.134,67.267],[41.359,67.21],[41.189,66.826],[40.522,66.447],[40.103,66.3],[39.289,66.132],[38.398,66.064],[37.628,66.13],[37.295,66.225],[36.77,66.294],[36.373,66.302],[35.513,66.396],[34.825,66.611],[33.482,66.765],[33.15,66.844],[32.848,67.022],[32.93,67.087],[32.4,67.153],[32.464,66.916],[32.929,66.704],[33.181,66.68],[33.217,66.532],[33.656,66.443],[33.567,66.321],[34.113,66.225],[34.4,66.128],[34.786,65.865],[34.616,65.51],[34.406,65.396],[34.804,64.986],[34.87,64.56],[35.035,64.44],[35.432,64.347],[35.647,64.378],[36.146,64.189],[36.365,64.003],[37.442,63.813],[37.968,63.949],[38.071,64.026],[37.954,64.32],[37.741,64.397],[37.184,64.408],[36.528,64.847],[36.786,64.987],[36.883,65.172],[37.141,65.194],[37.528,65.108],[38.009,64.879],[38.412,64.857],[38.541,64.791],[39.054,64.714],[39.567,64.571],[39.758,64.577],[40.058,64.771],[40.445,64.779],[40.281,64.998],[39.798,65.35],[39.817,65.598],[40.328,65.752],[40.692,65.963],[41.476,66.123],[41.781,66.259],[42.211,66.52],[42.602,66.423],[43.233,66.416],[43.653,66.251],[44.104,66.009],[44.097,66.235],[44.489,66.672],[44.404,67.004],[44.292,67.1],[43.782,67.254],[44.225,67.996],[44.169,68.327],[43.404,68.609],[43.472,68.68],[44.048,68.549],[45.078,68.578],[45.892,68.48],[46.684,67.97],[46.69,67.849],[45.529,67.758],[44.939,67.477],[44.939,67.351],[45.562,67.186],[45.986,66.853],[46.691,66.826],[47.496,66.93],[47.709,67.045],[47.768,67.276],[47.908,67.455],[47.875,67.584],[48.878,67.731],[48.696,67.874],[49.155,67.87],[49.931,68.065],[50.839,68.35],[51.336,68.402],[51.995,68.539],[52.67,68.427],[52.55,68.592],[52.684,68.731],[53.802,68.996],[53.971,68.844],[53.759,68.634],[53.931,68.436],[53.343,68.343],[53.261,68.267],[53.968,68.227],[54.561,68.273],[54.861,68.202],[54.923,68.374],[55.418,68.568],[56.044,68.649],[57.127,68.554],[58.173,68.89],[58.919,69.004],[59.371,68.738],[59.112,68.616],[59.099,68.444],[59.604,68.351],[59.897,68.422],[59.896,68.706],[60.489,68.729],[60.934,68.987],[60.665,69.11],[60.171,69.591],[61.016,69.851],[61.771,69.763],[62.631,69.743],[63.361,69.675],[64.19,69.535],[65.032,69.27],[65.736,69.132],[66.416,68.948],[67.002,68.874],[67.149,68.754],[67.731,68.514],[68.504,68.348],[68.829,68.567],[69.141,68.951],[68.763,68.917],[68.543,68.967],[68.117,69.236],[68.006,69.48],[67.064,69.694],[66.804,69.659],[66.926,70.014],[67.239,70.108],[67.146,70.22],[67.285,70.739],[66.822,70.797],[66.666,70.901],[66.847,71.064],[66.918,71.282],[67.542,71.412],[68.269,71.683],[68.596,72.0],[72.561,72.0],[72.279,71.696],[71.912,71.548],[72.079,71.307],[72.581,71.151],[72.732,70.823],[72.7,70.457],[72.469,70.275],[72.53,70.173],[72.616,69.484],[72.527,69.081],[72.812,68.815],[73.548,68.575],[73.465,68.431],[73.139,68.181],[73.152,67.865],[72.949,67.696],[72.594,67.587],[71.847,67.008],[71.365,66.962],[71.551,66.76],[70.939,66.548],[70.725,66.519],[70.383,66.602],[69.877,66.845],[69.218,66.829],[69.013,66.788],[69.194,66.579],[70.339,66.342],[71.146,66.367],[71.566,66.334],[71.917,66.247],[72.322,66.332],[72.417,66.561],[73.342,66.807],[73.792,66.995],[74.075,67.414],[74.77,67.766],[74.743,68.074],[74.391,68.421],[74.58,68.751],[75.125,68.862],[76.108,68.976],[76.459,68.978],[76.735,68.777],[77.112,68.596],[77.238,68.47],[77.248,67.941],[77.174,67.779],[77.675,67.59],[77.986,67.559],[78.922,67.589],[77.588,67.752],[77.536,68.008],[77.665,68.19],[77.995,68.259],[77.651,68.903],[76.001,69.235],[75.42,69.239],[74.815,69.091],[74.363,69.145],[73.977,69.115],[73.776,69.198],[73.891,69.418],[73.56,69.707],[73.83,70.176],[74.207,70.445],[74.311,70.654],[73.507,71.264],[73.086,71.445],[73.672,71.845],[74.501,72.0],[75.274,71.959],[75.247,71.813],[75.503,71.655],[75.28,71.43],[75.332,71.342],[76.11,71.219],[77.59,71.168],[78.068,70.986],[78.526,70.912],[78.213,71.266],[77.908,71.324],[77.481,71.312],[76.312,71.595],[76.032,71.91],[76.399,72.0],[77.074,72.0],[77.551,71.842],[78.187,71.907],[78.185,72.0],[80.841,72.0],[81.511,71.746],[82.08,71.707],[82.547,71.759],[82.986,71.749],[83.234,71.668],[82.918,71.42],[82.323,71.26],[82.239,70.998],[82.336,70.807],[82.869,70.955],[83.051,70.815],[83.03,70.581],[82.682,70.218],[83.497,70.345],[83.736,70.546],[83.579,70.766],[83.151,71.104],[83.571,71.594],[83.2,71.875],[82.755,71.903],[82.479,72.0],[82.184,72.238],[80.827,72.488],[80.51,73.086],[80.583,73.568],[83.545,73.667],[86.591,73.894],[86.651,74.682],[87.671,75.13],[90.185,75.591],[93.55,75.854],[94.576,76.152],[96.879,75.931],[100.322,76.479],[100.99,76.99],[103.131,77.626],[104.015,77.73],[105.895,77.489],[104.912,77.175],[107.43,76.927],[108.028,76.718],[111.115,76.723],[112.62,76.384],[113.871,75.856],[113.614,75.293],[111.868,74.74],[109.84,74.322],[108.2,73.694],[107.271,73.621],[106.478,73.139],[107.75,73.173],[109.855,73.472],[110.261,74.017],[112.147,73.709],[114.061,73.585],[115.338,73.703],[118.45,73.59],[118.43,73.247],[119.75,72.979],[123.16,72.955],[123.622,73.193],[123.305,73.533],[124.388,73.755],[125.617,73.521],[127.74,73.482],[128.889,73.19],[129.412,72.315],[128.359,72.088],[129.762,71.12],[131.157,70.742],[131.562,70.901],[132.562,71.895],[134.103,71.379],[135.885,71.631],[137.315,71.359],[138.118,71.566],[139.695,71.7],[139.601,72.496],[142.061,72.721],[145.486,72.542],[146.594,72.302],[148.402,72.312],[149.502,72.164],[150.6,71.52],[151.582,71.287],[152.509,70.834],[153.794,70.88],[155.895,71.096],[158.037,71.039],[159.351,70.791],[160.006,70.31],[159.833,69.785],[161.537,69.38],[162.376,69.649],[164.16,69.719],[164.513,69.609],[166.82,69.5],[167.628,69.74],[168.303,69.271],[169.311,69.08],[169.61,68.786],[170.538,68.825],[170.995,69.045],[170.582,69.583],[170.487,70.108],[172.56,69.968],[173.277,69.824],[176.108,69.86],[176.924,69.646],[178.848,69.387],[180.0,68.983],[180.0,65.067],[178.52,64.603],[177.467,64.737],[177.433,64.444],[178.65,63.965],[178.706,63.522],[179.332,63.19],[179.571,62.688],[179.121,62.32],[177.351,62.587],[175.268,62.102],[174.514,61.824],[173.623,61.716],[172.857,61.469],[172.393,61.062],[170.608,60.435],[169.983,60.067],[169.227,60.596],[168.138,60.574],[166.964,60.307],[166.352,60.485],[165.085,60.099],[163.78,60.041],[163.41,59.835],[163.273,59.303],[162.142,58.447],[161.96,58.077],[162.467,57.766],[163.214,57.687],[162.779,57.358],[162.803,56.811],[163.257,56.688],[163.336,56.233],[162.528,56.261],[162.085,56.09],[161.729,55.358],[162.106,54.752],[161.726,54.533],[160.773,54.541],[160.074,54.189],[159.844,53.784],[159.898,53.381],[158.609,52.874],[158.463,52.305],[158.104,51.81],[156.748,50.969],[156.5,51.475],[156.365,52.509],[156.099,53.006],[155.62,54.865],[155.555,55.348],[155.983,56.695],[156.728,57.152],[157.45,57.799],[158.21,58.025],[159.037,58.424],[159.847,59.127],[161.754,60.152],[162.004,60.42],[162.973,60.783],[163.71,60.917],[164.005,61.344],[164.256,62.697],[163.332,62.551],[163.009,61.792],[162.393,61.662],[160.767,60.753],[159.883,61.292],[160.317,61.793],[159.552,61.719],[159.077,61.922],[158.07,61.754],[157.469,61.799],[156.68,61.481],[156.63,61.272],[155.853,60.777],[154.971,60.377],[154.293,59.833],[154.583,59.54],[155.167,59.36],[154.011,59.076],[153.361,59.215],[152.882,58.939],[151.99,59.16],[151.486,59.524],[150.457,59.591],[149.643,59.77],[149.205,59.488],[147.875,59.388],[147.514,59.269],[146.444,59.43],[145.932,59.198],[145.555,59.414],[143.192,59.37],[142.025,59.0],[141.755,58.745],[140.685,58.212],[140.447,57.814],[140.002,57.688],[138.662,56.966],[137.692,56.139],[136.175,55.352],[135.263,54.943],[135.852,54.584],[136.797,54.621],[136.683,53.931],[137.155,53.822],[137.328,53.539],[138.292,53.592],[138.661,53.745],[138.696,54.32],[139.707,54.277],[140.347,53.813],[141.402,53.184],[141.17,52.368],[141.485,52.179],[140.688,51.232],[140.476,50.546],[140.517,49.596],[140.171,48.524],[139.373,47.887],[139.001,47.383],[138.587,47.057],[138.337,46.543],[137.685,45.818],[136.804,45.171],[136.142,44.489],[135.875,44.374],[135.131,43.526],[133.709,42.83],[133.16,42.697],[132.304,42.883],[131.722,43.203],[131.158,42.626],[130.687,42.303],[130.527,42.535],[130.577,42.812],[131.069,42.902],[131.262,43.433],[131.255,44.072],[131.082,44.91],[131.978,45.244],[132.936,45.03],[133.186,45.495],[133.861,46.248],[134.168,47.302],[134.752,47.715],[134.564,48.322],[134.293,48.373],[133.468,48.097],[133.144,48.106],[132.562,47.769],[131.003,47.691],[130.712,48.128],[130.804,48.342],[129.498,49.389],[129.12,49.362],[128.704,49.6],[128.0,49.569],[127.502,49.873],[127.59,50.209],[126.925,51.1],[126.313,52.4],[125.649,53.042],[124.812,53.134],[123.608,53.547],[122.338,53.485],[120.704,53.172],[120.095,52.787],[120.656,52.567],[120.75,52.097],[120.067,51.601],[119.192,50.38],[119.26,50.066],[118.452,49.844],[117.873,49.513],[116.683,49.824],[116.135,50.011],[115.275,49.949],[114.743,50.234],[114.297,50.274],[113.164,49.797],[113.056,49.616],[111.337,49.356],[110.828,49.166],[110.2,49.17],[109.237,49.335],[108.614,49.323],[108.034,49.594],[107.948,49.925],[107.233,49.989],[106.711,50.313],[106.218,50.305],[105.384,50.474],[103.633,50.139],[102.683,50.387],[102.288,50.585],[102.112,51.353],[101.381,51.453],[100.536,51.713],[99.922,51.756],[98.849,52.07],[97.947,51.348],[97.825,50.985],[98.279,50.533],[98.103,50.078],[97.209,49.731],[96.986,49.883],[95.852,50.013],[95.523,49.911],[94.615,50.024],[94.251,50.556],[91.804,50.694],[89.644,49.903],[89.654,49.717],[88.832,49.448],[88.193,49.452],[88.0,49.197],[87.814,49.162],[87.323,49.086],[87.234,49.216],[86.953,49.322],[86.812,49.488]]],[[[-173.68,67.145],[-172.641,66.925],[-171.796,66.932],[-170.192,66.201],[-170.666,65.622],[-172.212,65.425],[-172.213,65.048],[-172.924,64.705],[-173.009,64.297],[-173.73,64.365],[-174.318,64.638],[-175.395,64.802],[-175.854,65.011],[-176.093,65.471],[-177.056,65.614],[-178.31,65.485],[-178.879,65.936],[-179.728,65.804],[-179.352,65.517],[-180.0,65.067],[-180.0,65.312],[-180.0,65.557],[-180.0,65.802],[-180.0,66.046],[-180.0,66.291],[-180.0,66.536],[-180.0,66.781],[-180.0,67.025],[-180.0,67.27],[-180.0,67.515],[-180.0,67.76],[-180.0,68.004],[-180.0,68.249],[-180.0,68.494],[-180.0,68.739],[-180.0,68.983],[-179.515,68.917],[-177.408,68.245],[-175.345,67.678],[-174.448,67.103],[-173.68,67.145]]],[[[48.439,68.805],[48.279,69.04],[48.32,69.269],[48.631,69.436],[49.225,69.511],[50.167,69.257],[50.221,69.049],[50.094,69.126],[49.626,68.86],[48.667,68.733],[48.439,68.805]]],[[[58.953,69.893],[58.68,70.051],[58.473,70.267],[59.005,70.465],[59.636,70.197],[60.393,69.962],[60.477,69.794],[60.216,69.688],[59.578,69.739],[59.503,69.866],[58.953,69.893]]],[[[53.074,71.238],[52.835,71.086],[52.297,71.357],[52.777,71.4],[53.074,71.238]]],[[[57.625,70.729],[57.146,70.589],[56.649,70.647],[56.435,70.563],[56.142,70.658],[55.687,70.692],[54.601,70.68],[53.722,70.814],[53.588,71.052],[53.886,71.196],[53.41,71.34],[53.364,71.542],[52.909,71.495],[52.419,71.537],[51.813,71.491],[51.59,71.571],[51.439,71.777],[51.504,72.0],[52.622,72.301],[53.753,73.293],[54.804,73.388],[56.138,73.256],[56.084,72.789],[55.356,72.465],[55.361,72.0],[55.298,71.935],[56.043,71.346],[56.454,71.107],[56.895,70.927],[57.625,70.729]]],[[[143.156,52.084],[143.455,51.471],[143.816,50.283],[144.272,49.311],[143.105,49.199],[142.574,48.072],[142.557,47.738],[143.006,47.223],[143.282,46.559],[142.578,46.701],[142.209,46.089],[141.83,46.451],[142.039,47.14],[141.964,47.587],[142.182,48.013],[141.866,48.75],[142.142,49.569],[142.071,50.515],[142.207,51.223],[141.722,51.736],[141.661,52.273],[141.803,52.556],[141.824,53.34],[142.526,53.447],[142.67,53.968],[142.986,54.086],[142.918,53.794],[143.224,53.296],[143.324,52.614],[143.156,52.084]]],[[[69.651,66.565],[69.469,66.716],[70.077,66.696],[70.021,66.502],[69.651,66.565]]],[[[58.441,74.129],[56.964,73.367],[55.007,73.454],[53.763,73.766],[54.643,73.96],[55.582,74.628],[57.088,75.384],[58.881,75.855],[62.971,76.237],[65.863,76.613],[67.535,77.008],[68.486,76.934],[68.9,76.573],[67.127,76.108],[61.356,75.315],[60.222,74.797],[58.535,74.499],[58.441,74.129]]],[[[145.255,75.586],[144.02,75.045],[141.987,74.991],[139.099,74.657],[138.092,74.797],[137.006,75.235],[137.501,75.91],[138.814,76.2],[140.274,75.822],[141.485,76.137],[142.46,75.904],[143.686,75.864],[145.255,75.586]]],[[[94.652,79.127],[93.071,79.495],[94.987,80.097],[97.587,80.168],[98.018,80.023],[100.061,79.777],[99.44,78.834],[97.555,78.827],[94.652,79.127]]],[[[93.872,80.01],[91.524,80.359],[93.263,80.791],[93.065,80.988],[95.801,81.28],[96.693,80.994],[97.832,80.798],[97.175,80.241],[94.565,80.126],[93.872,80.01]]]]}},{"type":"Feature","properties":{"iso":"RW","c":[-2.046,29.97],"bb":[[-2.81,28.88],[-1.07,30.83]]},"geometry":{"type":"Polygon","coordinates":[[[30.51,-1.067],[30.813,-1.563],[30.829,-2.338],[30.554,-2.4],[29.93,-2.34],[29.868,-2.716],[29.39,-2.809],[29.014,-2.72],[28.876,-2.4],[29.106,-2.233],[29.129,-1.86],[29.577,-1.388],[30.102,-1.369],[30.51,-1.067]]]}},{"type":"Feature","properties":{"iso":"SA","c":[24.236,44.658],"bb":[[16.37,34.62],[32.12,55.64]]},"geometry":{"type":"Polygon","coordinates":[[[42.699,16.737],[42.383,17.122],[42.294,17.435],[41.75,17.886],[41.229,18.678],[41.116,19.082],[40.759,19.755],[40.081,20.266],[39.614,20.518],[39.094,21.31],[38.988,21.882],[39.096,22.393],[38.941,22.882],[38.464,23.712],[37.92,24.185],[37.543,24.292],[37.181,24.82],[37.258,25.0],[37.149,25.291],[36.921,25.641],[36.763,25.751],[36.675,26.039],[36.519,26.105],[36.25,26.595],[36.032,26.881],[35.852,27.07],[35.763,27.259],[35.581,27.432],[35.424,27.734],[35.18,28.035],[35.078,28.087],[34.616,28.148],[34.78,28.507],[34.799,28.721],[34.951,29.354],[36.015,29.19],[36.068,29.201],[36.476,29.495],[36.755,29.866],[37.469,29.995],[37.634,30.313],[37.98,30.5],[37.479,31.008],[36.959,31.492],[37.774,31.696],[38.962,31.995],[39.145,32.125],[40.369,31.939],[40.808,31.725],[42.074,31.08],[42.858,30.495],[44.1,29.619],[44.691,29.202],[45.499,29.132],[46.356,29.064],[46.531,29.096],[47.433,28.99],[47.583,28.628],[47.671,28.533],[48.442,28.543],[48.626,28.133],[48.774,27.959],[48.906,27.629],[49.238,27.493],[49.175,27.438],[49.405,27.181],[49.538,27.152],[49.717,26.956],[49.986,26.829],[50.027,26.527],[50.185,26.405],[50.214,26.308],[50.155,26.101],[50.032,26.111],[50.13,25.847],[50.281,25.566],[50.455,25.425],[50.558,25.087],[50.635,25.0],[50.804,24.789],[51.268,24.607],[51.568,24.286],[51.593,24.079],[52.555,22.933],[55.104,22.621],[55.186,22.704],[55.641,22.002],[54.977,19.996],[53.667,19.559],[51.978,18.996],[49.042,18.582],[48.172,18.157],[47.58,17.448],[47.442,17.112],[46.976,16.953],[46.682,17.269],[46.31,17.231],[45.407,17.32],[45.148,17.427],[44.156,17.399],[43.917,17.325],[43.418,17.516],[43.191,17.359],[43.165,16.689],[42.799,16.372],[42.699,16.737]]]}},{"type":"Feature","properties":{"iso":"SD"},"geometry":{"type":"Polygon","coordinates":[[[24.147,8.666],[23.537,8.816],[23.646,9.823],[23.312,10.388],[22.86,10.92],[22.923,11.345],[22.556,11.67],[22.352,12.66],[21.825,12.791],[22.228,13.33],[22.108,13.73],[22.51,14.127],[22.382,14.55],[22.671,14.722],[22.932,15.162],[23.105,15.703],[23.983,15.78],[23.982,17.266],[23.98,19.497],[23.98,19.996],[24.979,20.003],[24.98,21.996],[28.036,21.995],[29.565,21.995],[32.606,21.996],[34.575,21.996],[36.871,21.997],[36.927,21.587],[37.151,21.104],[37.228,20.557],[37.248,19.582],[37.471,18.82],[37.922,18.556],[38.609,18.005],[38.254,17.585],[37.782,17.458],[37.411,17.062],[37.009,17.059],[36.914,16.296],[36.427,15.132],[36.524,14.257],[36.391,13.626],[36.212,13.271],[36.108,12.726],[35.596,12.537],[35.112,11.817],[34.931,10.865],[34.572,10.88],[34.276,10.528],[34.292,10.125],[34.078,9.462],[33.892,10.199],[33.172,10.85],[33.073,11.592],[33.199,12.217],[32.737,12.01],[32.072,12.007],[32.335,11.716],[32.404,11.058],[31.933,10.663],[31.655,10.221],[31.225,9.799],[30.739,9.743],[30.003,10.277],[29.605,10.065],[29.473,9.769],[29.0,9.61],[28.845,9.326],[28.049,9.329],[27.886,9.6],[27.074,9.614],[26.551,9.526],[25.892,10.203],[25.798,10.421],[25.067,10.294],[24.785,9.775],[24.532,8.887],[24.147,8.666]]]}},{"type":"Feature","properties":{"iso":"SE","c":[62.039,14.854],"bb":[[55.35,11.15],[69.04,24.16]]},"geometry":{"type":"MultiPolygon","coordinates":[[[[20.622,69.037],[21.465,68.691],[21.997,68.521],[22.782,68.391],[23.639,67.954],[23.502,67.875],[23.537,67.59],[23.468,67.45],[23.775,67.329],[23.623,67.184],[23.677,67.068],[23.989,66.811],[23.866,66.577],[23.701,66.481],[23.751,66.191],[23.907,66.148],[24.155,65.805],[23.691,65.829],[23.102,65.735],[22.747,65.871],[22.366,65.843],[22.254,65.598],[21.88,65.424],[21.566,65.408],[21.574,65.126],[21.138,64.809],[21.279,64.725],[21.465,64.38],[21.018,64.178],[20.763,63.868],[20.205,63.662],[19.914,63.611],[19.722,63.463],[19.354,63.477],[19.034,63.238],[18.606,63.178],[18.463,62.896],[17.896,62.831],[17.974,62.721],[17.834,62.503],[17.373,62.427],[17.563,62.212],[17.375,61.866],[17.417,61.741],[17.131,61.576],[17.251,60.701],[17.555,60.643],[17.661,60.535],[17.956,60.59],[18.25,60.362],[18.558,60.254],[18.535,60.153],[18.787,60.079],[18.933,59.942],[18.971,59.757],[18.217,59.421],[18.509,59.408],[18.285,59.109],[17.457,58.858],[16.978,58.654],[16.639,58.651],[16.924,58.493],[16.652,58.434],[16.77,58.214],[16.7,58.161],[16.695,57.918],[16.555,57.812],[16.652,57.501],[16.476,57.265],[16.528,57.068],[16.349,56.709],[16.151,56.501],[15.997,56.223],[15.827,56.125],[15.627,56.186],[15.327,56.151],[14.782,56.162],[14.755,56.033],[14.559,56.049],[14.215,55.833],[14.203,55.729],[14.342,55.528],[14.174,55.397],[13.806,55.429],[13.321,55.346],[12.886,55.411],[12.978,55.694],[12.593,56.138],[12.802,56.264],[12.656,56.441],[12.857,56.452],[12.884,56.618],[12.718,56.663],[12.421,56.906],[11.962,57.426],[11.879,57.679],[11.735,57.718],[11.703,57.973],[11.449,58.118],[11.432,58.34],[11.272,58.476],[11.208,58.866],[11.147,58.989],[11.388,59.037],[11.643,58.926],[11.798,59.29],[11.681,59.592],[11.932,59.864],[12.169,59.913],[12.486,60.107],[12.589,60.451],[12.315,60.892],[12.294,61.003],[12.683,61.047],[12.881,61.352],[12.596,61.541],[12.155,61.721],[12.304,62.286],[12.115,62.592],[12.109,62.919],[12.218,63.001],[12.0,63.292],[12.212,63.492],[12.175,63.596],[12.663,63.94],[12.988,64.05],[13.3,64.075],[13.961,64.014],[14.141,64.174],[14.078,64.464],[13.65,64.582],[14.115,64.946],[14.48,65.301],[14.635,65.845],[14.543,66.129],[15.153,66.191],[15.484,66.306],[15.423,66.49],[16.404,67.055],[16.434,67.155],[16.127,67.426],[16.194,67.505],[16.586,67.628],[16.784,67.895],[17.325,68.104],[17.917,67.965],[18.177,68.201],[18.163,68.528],[18.379,68.562],[19.053,68.493],[19.97,68.356],[20.24,68.478],[19.969,68.542],[20.319,68.754],[20.337,68.9],[20.117,69.021],[20.622,69.037]]],[[[18.994,57.812],[18.814,57.706],[18.785,57.361],[18.7,57.243],[18.285,57.083],[18.105,57.272],[18.137,57.557],[18.537,57.831],[18.841,57.9],[18.994,57.812]]],[[[16.477,56.24],[16.401,56.311],[16.412,56.569],[16.63,56.877],[16.778,56.805],[16.477,56.24]]]]}},{"type":"Feature","properties":{"iso":"SI","c":[46.112,14.609],"bb":[[45.43,13.4],[46.86,16.52]]},"geometry":{"type":"Polygon","coordinates":[[[13.578,45.517],[13.72,45.588],[13.831,45.68],[13.57,45.834],[13.614,45.962],[13.486,46.04],[13.633,46.177],[13.4,46.225],[13.4,46.318],[13.68,46.463],[13.7,46.52],[14.504,46.417],[14.757,46.499],[15.001,46.626],[15.439,46.63],[15.767,46.711],[15.958,46.678],[16.093,46.863],[16.284,46.857],[16.381,46.639],[16.516,46.5],[16.321,46.535],[16.227,46.373],[15.636,46.201],[15.666,46.048],[15.625,45.834],[15.277,45.733],[15.339,45.467],[15.11,45.451],[14.734,45.508],[14.534,45.645],[14.37,45.481],[14.086,45.478],[13.879,45.428],[13.578,45.517]]]}},{"type":"Feature","properties":{"iso":"SK","c":[48.642,19.609],"bb":[[47.76,16.86],[49.6,22.54]]},"geometry":{"type":"Polygon","coordinates":[[[22.132,48.405],[21.767,48.338],[21.451,48.552],[21.067,48.506],[20.867,48.546],[20.49,48.527],[20.334,48.296],[19.899,48.131],[19.625,48.223],[19.467,48.111],[18.914,48.051],[18.792,48.0],[18.724,47.787],[18.146,47.763],[17.762,47.77],[17.317,47.991],[17.147,48.006],[16.973,48.198],[16.865,48.387],[16.953,48.599],[17.063,48.781],[17.188,48.861],[17.483,48.828],[17.758,48.888],[18.086,49.065],[18.161,49.257],[18.365,49.336],[18.596,49.491],[18.832,49.511],[18.968,49.396],[19.149,49.4],[19.442,49.598],[19.664,49.396],[19.774,49.372],[19.802,49.192],[20.058,49.181],[20.164,49.316],[20.363,49.385],[20.616,49.392],[20.947,49.317],[21.079,49.418],[21.64,49.412],[21.89,49.343],[22.02,49.21],[22.539,49.073],[22.295,48.686],[22.143,48.569],[22.132,48.405]]]}},{"type":"Feature","properties":{"iso":"SL"},"geometry":{"type":"Polygon","coordinates":[[[-11.508,6.907],[-11.733,7.089],[-12.486,7.386],[-12.51,7.666],[-12.881,7.857],[-13.228,8.696],[-13.293,9.049],[-12.756,9.374],[-12.501,9.862],[-11.911,9.993],[-11.206,9.978],[-10.691,9.314],[-10.501,8.688],[-10.283,8.485],[-10.647,7.759],[-11.268,7.233],[-11.508,6.907]]]}},{"type":"Feature","properties":{"iso":"SM"},"geometry":{"type":"Polygon","coordinates":[[[12.426,43.894],[12.441,43.982],[12.515,43.953],[12.426,43.894]]]}},{"type":"Feature","properties":{"iso":"SN"},"geometry":{"type":"Polygon","coordinates":[[[-11.389,12.404],[-12.291,12.328],[-13.083,12.634],[-13.729,12.674],[-15.196,12.68],[-15.575,12.49],[-16.712,12.355],[-16.763,13.064],[-16.649,13.154],[-15.834,13.156],[-15.51,13.586],[-16.562,13.587],[-16.798,14.093],[-17.168,14.641],[-17.147,14.922],[-16.535,15.838],[-16.441,16.205],[-16.168,16.547],[-15.621,16.507],[-15.113,16.645],[-14.3,16.58],[-13.868,16.148],[-13.41,16.059],[-13.258,15.7],[-12.858,15.243],[-12.281,14.809],[-12.019,14.206],[-12.054,13.633],[-11.635,13.37],[-11.39,12.942],[-11.389,12.404]]]}},{"type":"Feature","properties":{"iso":"SO"},"geometry":{"type":"Polygon","coordinates":[[[41.884,3.978],[42.024,4.138],[42.792,4.292],[43.016,4.563],[43.538,4.84],[44.028,4.951],[44.941,4.912],[45.935,5.997],[47.978,7.997],[48.938,9.452],[48.939,11.258],[50.11,11.529],[50.792,11.984],[51.255,11.831],[51.084,11.336],[51.141,10.657],[50.898,10.253],[50.825,9.428],[50.43,8.845],[50.103,8.2],[49.349,6.991],[49.049,6.174],[48.649,5.494],[47.975,4.497],[46.879,3.286],[46.051,2.475],[44.92,1.81],[44.333,1.391],[43.468,0.622],[41.98,-0.973],[41.533,-1.695],[40.979,-0.87],[40.97,1.378],[40.964,2.815],[41.342,3.202],[41.884,3.978]]]}},{"type":"Feature","properties":{"iso":"SR"},"geometry":{"type":"Polygon","coordinates":[[[-54.616,2.327],[-55.006,2.593],[-56.129,2.3],[-56.02,1.842],[-56.483,1.942],[-56.704,2.036],[-57.21,2.883],[-57.304,3.377],[-57.55,3.353],[-57.833,3.676],[-58.054,4.172],[-57.711,4.991],[-57.331,5.02],[-57.195,5.548],[-56.97,5.993],[-55.94,5.795],[-55.828,5.962],[-54.834,5.988],[-54.054,5.808],[-54.156,5.359],[-54.452,5.013],[-54.351,4.054],[-53.99,3.59],[-54.203,3.138],[-54.196,2.818],[-54.616,2.327]]]}},{"type":"Feature","properties":{"iso":"SS"},"geometry":{"type":"Polygon","coordinates":[[[30.839,3.491],[30.508,3.836],[30.195,3.982],[29.677,4.587],[29.151,4.388],[28.727,4.505],[28.192,4.35],[27.788,4.645],[27.403,5.109],[27.083,5.777],[26.514,6.069],[26.362,6.635],[25.889,7.065],[25.381,7.333],[25.247,7.725],[24.853,8.138],[24.291,8.291],[24.147,8.666],[24.532,8.887],[24.785,9.775],[25.067,10.294],[25.798,10.421],[25.892,10.203],[26.551,9.526],[27.074,9.614],[27.886,9.6],[28.049,9.329],[28.845,9.326],[29.0,9.61],[29.473,9.769],[29.605,10.065],[30.003,10.277],[30.739,9.743],[31.225,9.799],[31.655,10.221],[31.933,10.663],[32.404,11.058],[32.335,11.716],[32.072,12.007],[32.737,12.01],[33.199,12.217],[33.073,11.592],[33.172,10.85],[33.892,10.199],[34.078,9.462],[34.095,8.582],[33.953,8.444],[33.234,8.396],[33.013,7.952],[33.226,7.761],[33.666,7.671],[34.064,7.226],[34.711,6.66],[35.082,5.673],[35.268,5.492],[33.976,4.22],[33.489,3.755],[32.838,3.798],[32.336,3.706],[32.099,3.529],[31.798,3.803],[31.48,3.68],[31.152,3.786],[30.839,3.491]]]}},{"type":"Feature","properties":{"iso":"SV","c":[13.775,-88.896],"bb":[[13.18,-90.09],[14.42,-87.72]]},"geometry":{"type":"Polygon","coordinates":[[[-87.814,13.399],[-87.931,13.181],[-88.512,13.184],[-89.278,13.478],[-89.804,13.56],[-90.095,13.737],[-89.873,14.046],[-89.363,14.416],[-89.057,14.329],[-88.513,13.979],[-88.151,13.987],[-87.715,13.813],[-87.814,13.399]]]}},{"type":"Feature","properties":{"iso":"SX"},"geometry":{"type":"Polygon","coordinates":[[[-63.011,18.069],[-63.023,18.019],[-63.123,18.069],[-63.011,18.069]]]}},{"type":"Feature","properties":{"iso":"SY"},"geometry":{"type":"Polygon","coordinates":[[[42.359,37.109],[42.35,37.061],[41.789,36.597],[41.417,36.515],[41.296,36.383],[41.246,36.073],[41.353,35.81],[41.354,35.64],[41.216,35.288],[41.195,34.769],[40.987,34.429],[40.689,34.332],[39.564,33.768],[38.774,33.372],[38.056,32.995],[36.818,32.317],[36.372,32.387],[36.22,32.495],[36.059,32.534],[35.895,32.714],[35.787,32.735],[35.888,32.944],[35.785,33.291],[35.816,33.362],[35.869,33.432],[36.022,33.563],[35.942,33.668],[36.092,33.832],[36.282,33.894],[36.585,34.221],[36.504,34.432],[36.326,34.513],[36.433,34.613],[35.976,34.629],[35.899,34.852],[35.89,35.06],[35.943,35.224],[35.902,35.421],[35.764,35.572],[35.893,35.917],[36.127,35.831],[36.348,36.004],[36.375,36.171],[36.641,36.264],[36.538,36.457],[36.659,36.803],[36.942,36.758],[37.066,36.653],[37.436,36.643],[38.192,36.902],[38.444,36.862],[38.767,36.693],[39.357,36.682],[39.687,36.739],[40.016,36.826],[40.706,37.098],[40.959,37.109],[41.265,37.069],[41.516,37.089],[42.06,37.206],[42.269,37.277],[42.359,37.109]]]}},{"type":"Feature","properties":{"iso":"SZ"},"geometry":{"type":"Polygon","coordinates":[[[32.113,-26.839],[31.958,-27.306],[31.47,-27.296],[31.063,-27.112],[30.794,-26.764],[30.803,-26.413],[31.207,-25.843],[31.415,-25.747],[31.948,-25.958],[32.113,-26.839]]]}},{"type":"Feature","properties":{"iso":"TD"},"geometry":{"type":"Polygon","coordinates":[[[22.86,10.92],[22.494,10.996],[21.707,10.575],[21.726,10.367],[21.264,9.975],[20.773,9.406],[20.342,9.127],[19.146,9.016],[19.109,8.656],[18.455,8.032],[17.649,7.984],[16.785,7.551],[16.379,7.684],[15.845,7.475],[15.48,7.524],[15.443,7.852],[15.116,8.557],[14.332,9.204],[13.977,9.692],[14.243,9.98],[15.541,9.96],[15.276,10.357],[15.03,11.114],[15.081,11.846],[14.761,12.656],[14.516,12.98],[14.064,13.079],[13.606,13.705],[13.448,14.381],[14.368,15.75],[15.474,16.908],[15.735,19.904],[15.949,20.303],[15.587,20.733],[15.607,20.954],[15.182,21.523],[15.172,21.922],[14.979,22.996],[15.984,23.445],[18.231,22.336],[19.669,21.626],[21.585,20.679],[23.98,19.497],[23.982,17.266],[23.983,15.78],[23.105,15.703],[22.932,15.162],[22.671,14.722],[22.382,14.55],[22.51,14.127],[22.108,13.73],[22.228,13.33],[21.825,12.791],[22.352,12.66],[22.556,11.67],[22.923,11.345],[22.86,10.92]]]}},{"type":"Feature","properties":{"iso":"TG"},"geometry":{"type":"Polygon","coordinates":[[[1.623,6.217],[1.187,6.089],[0.737,6.453],[0.526,6.851],[0.635,7.354],[0.584,8.146],[0.688,8.304],[0.415,8.653],[0.529,9.358],[0.262,9.496],[0.363,10.236],[-0.058,10.631],[-0.069,11.116],[0.9,10.993],[0.78,10.36],[1.33,9.997],[1.424,9.285],[1.6,9.05],[1.623,6.217]]]}},{"type":"Feature","properties":{"iso":"TH","c":[13.2,101.661],"bb":[[5.79,97.48],[20.42,105.62]]},"geometry":{"type":"Polygon","coordinates":[[[105.183,14.346],[104.779,14.428],[103.199,14.333],[102.729,13.842],[102.32,13.54],[102.5,12.67],[102.756,12.426],[102.737,12.09],[102.934,11.707],[102.763,12.012],[101.724,12.689],[101.445,12.619],[100.863,12.715],[100.963,13.432],[100.656,13.521],[100.017,13.353],[100.09,13.046],[99.964,12.69],[99.989,12.171],[99.627,11.463],[99.487,10.89],[99.165,10.32],[99.161,9.734],[99.394,9.214],[99.724,9.314],[99.905,9.113],[99.961,8.671],[100.279,8.269],[100.454,7.442],[100.586,7.176],[101.018,6.861],[101.498,6.865],[102.101,6.242],[101.874,5.825],[101.556,5.908],[101.257,5.789],[101.054,6.243],[100.345,6.55],[100.119,6.442],[99.696,6.877],[99.72,7.106],[99.051,7.888],[98.579,8.344],[98.238,8.423],[98.371,9.291],[98.703,10.19],[98.757,10.661],[99.19,11.105],[99.615,11.781],[99.405,12.548],[99.22,12.74],[99.137,13.717],[98.246,14.815],[98.191,15.204],[98.565,15.404],[98.689,16.305],[98.439,16.976],[97.793,17.681],[97.485,18.494],[97.754,18.621],[97.817,19.46],[98.239,19.691],[98.917,19.773],[99.021,20.042],[99.338,20.079],[99.89,20.424],[100.122,20.317],[100.543,20.089],[100.398,19.756],[100.625,19.5],[101.155,19.579],[101.286,18.977],[101.051,18.407],[101.113,18.034],[100.908,17.584],[101.105,17.48],[102.101,18.211],[102.718,17.892],[103.051,18.029],[103.367,18.423],[103.95,18.319],[104.816,17.3],[104.751,16.648],[105.047,16.16],[105.406,15.987],[105.622,15.7],[105.513,15.361],[105.476,14.53],[105.183,14.346]]]}},{"type":"Feature","properties":{"iso":"TJ"},"geometry":{"type":"Polygon","coordinates":[[[70.958,40.239],[70.946,40.188],[70.451,40.049],[69.967,40.202],[69.53,40.097],[69.432,39.91],[69.307,39.969],[69.229,39.761],[69.298,39.525],[69.599,39.574],[70.245,39.543],[70.392,39.582],[70.608,39.564],[70.733,39.413],[71.005,39.412],[71.065,39.493],[71.404,39.598],[71.546,39.453],[71.732,39.423],[71.806,39.276],[72.043,39.352],[72.23,39.208],[72.358,39.337],[72.64,39.386],[72.872,39.36],[73.235,39.375],[73.47,39.461],[73.632,39.449],[73.607,39.229],[73.796,39.002],[73.696,38.854],[73.802,38.607],[74.026,38.54],[74.131,38.661],[74.277,38.66],[74.745,38.51],[74.836,38.404],[74.772,38.275],[74.79,38.104],[74.938,37.773],[74.894,37.601],[75.119,37.386],[74.891,37.232],[74.659,37.394],[74.26,37.415],[74.167,37.329],[73.75,37.232],[73.721,37.419],[73.481,37.472],[73.211,37.408],[72.896,37.268],[72.757,37.173],[72.657,37.029],[72.359,36.983],[72.154,36.901],[71.802,36.694],[71.597,36.733],[71.433,37.128],[71.505,37.603],[71.58,37.864],[71.552,37.933],[71.279,37.918],[71.333,38.17],[71.256,38.307],[71.052,38.418],[70.879,38.456],[70.616,38.334],[70.418,38.075],[70.215,37.924],[70.251,37.664],[70.045,37.547],[69.941,37.6],[69.626,37.594],[69.492,37.553],[69.399,37.399],[69.414,37.208],[69.265,37.108],[68.96,37.325],[68.669,37.258],[68.387,37.138],[68.068,36.95],[67.958,36.972],[67.759,37.172],[67.814,37.487],[68.088,37.835],[68.294,38.033],[68.333,38.238],[68.144,38.383],[68.048,38.669],[68.149,38.891],[68.104,38.962],[67.677,39.008],[67.617,39.15],[67.35,39.242],[67.426,39.466],[67.719,39.621],[68.077,39.564],[68.463,39.537],[68.586,39.635],[68.639,39.839],[68.869,39.907],[68.805,40.05],[68.653,40.183],[68.952,40.223],[69.228,40.188],[69.304,40.327],[69.206,40.567],[69.414,40.797],[69.713,40.657],[70.292,40.892],[70.442,41.023],[70.751,40.74],[70.712,40.669],[70.383,40.454],[70.653,40.201],[70.958,40.239]]]}},{"type":"Feature","properties":{"iso":"TL"},"geometry":{"type":"Polygon","coordinates":[[[124.922,-8.942],[125.178,-8.648],[125.804,-8.492],[126.62,-8.459],[126.915,-8.715],[126.383,-8.958],[125.408,-9.276],[125.068,-9.512],[124.922,-8.942]]]}},{"type":"Feature","properties":{"iso":"TM"},"geometry":{"type":"Polygon","coordinates":[[[66.522,37.348],[66.108,37.415],[65.765,37.569],[65.641,37.468],[65.555,37.251],[65.09,37.238],[64.816,37.132],[64.511,36.341],[64.358,36.226],[64.092,36.113],[64.01,36.012],[63.863,36.012],[63.109,35.819],[63.17,35.678],[63.057,35.446],[62.611,35.233],[62.253,35.25],[61.984,35.444],[61.72,35.419],[61.543,35.458],[61.345,35.629],[61.262,35.62],[61.252,35.868],[61.153,35.977],[61.212,36.099],[61.12,36.643],[60.341,36.638],[60.063,36.963],[59.949,37.042],[59.562,37.179],[59.367,37.334],[59.241,37.521],[58.815,37.683],[58.436,37.639],[58.262,37.666],[58.109,37.783],[57.711,37.905],[57.424,37.948],[57.194,38.216],[56.907,38.213],[56.775,38.25],[56.441,38.249],[56.229,38.073],[55.578,38.1],[55.381,38.051],[55.076,37.902],[54.849,37.723],[54.745,37.502],[54.192,37.332],[53.914,37.344],[53.824,37.928],[53.854,38.286],[53.84,38.515],[53.869,38.949],[53.618,39.216],[53.336,39.341],[53.203,39.317],[53.125,39.432],[53.236,39.609],[53.39,39.536],[53.472,39.669],[53.487,39.909],[53.404,39.96],[52.988,39.988],[52.898,39.913],[52.744,40.22],[52.734,40.399],[52.85,40.686],[52.943,41.038],[53.145,40.825],[53.333,40.783],[53.615,40.819],[53.764,40.666],[53.87,40.649],[54.193,40.72],[54.319,40.835],[54.547,40.832],[54.71,40.891],[54.704,41.071],[54.592,41.194],[54.285,41.364],[54.095,41.519],[53.846,42.091],[53.625,42.136],[53.164,42.094],[52.97,41.976],[52.815,41.712],[52.883,41.653],[52.83,41.342],[52.609,41.529],[52.494,41.78],[52.871,42.061],[53.25,42.206],[53.685,42.297],[54.121,42.335],[54.678,42.078],[54.904,41.919],[54.952,41.81],[55.25,41.458],[55.434,41.296],[55.545,41.263],[55.977,41.322],[57.018,41.263],[57.119,41.35],[57.018,41.451],[56.964,41.857],[57.229,42.084],[57.382,42.156],[57.814,42.19],[58.029,42.488],[58.234,42.448],[58.26,42.688],[58.477,42.663],[58.589,42.778],[58.877,42.561],[59.123,42.524],[59.277,42.356],[59.451,42.3],[59.858,42.295],[60.006,42.191],[59.963,41.954],[60.107,41.907],[60.076,41.701],[60.138,41.594],[60.09,41.399],[60.455,41.222],[60.755,41.246],[61.329,41.195],[61.497,41.276],[61.8,41.163],[61.954,41.031],[62.095,40.683],[62.298,40.467],[62.375,40.332],[62.442,40.036],[62.651,39.858],[63.506,39.377],[63.721,39.188],[64.163,38.954],[64.31,38.977],[64.66,38.736],[65.077,38.539],[65.613,38.239],[65.857,38.269],[66.173,38.167],[66.39,38.051],[66.575,38.011],[66.629,37.932],[66.526,37.786],[66.522,37.348]]]}},{"type":"Feature","properties":{"iso":"TN"},"geometry":{"type":"MultiPolygon","coordinates":[[[[9.519,30.229],[9.363,30.833],[9.044,32.072],[8.333,32.544],[8.211,32.927],[8.076,33.089],[7.763,33.233],[7.5,33.832],[7.514,34.081],[7.749,34.254],[7.838,34.41],[8.123,34.564],[8.246,34.734],[8.277,34.979],[8.394,35.204],[8.316,35.403],[8.318,35.655],[8.246,35.871],[8.349,36.368],[8.231,36.545],[8.37,36.633],[8.444,36.761],[8.601,36.834],[8.577,36.937],[8.824,36.998],[9.142,37.195],[9.688,37.34],[9.876,37.254],[10.196,37.206],[10.189,37.034],[10.412,36.732],[10.571,36.879],[10.766,36.93],[10.951,37.059],[11.054,37.073],[11.127,36.874],[10.967,36.743],[10.798,36.493],[10.526,36.323],[10.477,36.175],[10.591,35.887],[11.004,35.634],[11.043,35.335],[11.12,35.24],[10.866,34.884],[10.535,34.545],[10.2,34.346],[10.065,34.212],[10.049,34.056],[10.159,33.85],[10.454,33.663],[10.713,33.689],[10.723,33.514],[11.085,33.563],[11.203,33.249],[11.505,33.182],[11.454,32.643],[11.534,32.525],[11.505,32.414],[10.826,32.081],[10.609,31.93],[10.476,31.736],[10.306,31.705],[10.115,31.464],[10.243,31.032],[10.216,30.783],[9.895,30.387],[9.519,30.229]]],[[[10.931,33.717],[10.722,33.739],[10.745,33.889],[10.922,33.893],[11.038,33.785],[10.931,33.717]]]]}},{"type":"Feature","properties":{"iso":"TR","c":[38.924,35.558],"bb":[[35.83,26.11],[42.06,44.82]]},"geometry":{"type":"MultiPolygon","coordinates":[[[[43.439,41.107],[43.632,40.929],[43.723,40.72],[43.569,40.482],[43.71,40.167],[43.792,40.07],[44.005,40.014],[44.289,40.04],[44.56,39.888],[44.768,39.704],[44.817,39.65],[44.587,39.769],[44.456,39.667],[44.389,39.422],[44.023,39.377],[44.079,39.218],[44.178,39.145],[44.145,38.994],[44.272,38.836],[44.291,38.42],[44.431,38.357],[44.211,37.908],[44.561,37.745],[44.574,37.435],[44.794,37.29],[44.765,37.142],[44.606,37.176],[44.282,36.978],[44.202,37.052],[44.208,37.203],[44.013,37.314],[43.836,37.224],[43.516,37.245],[43.092,37.367],[42.937,37.325],[42.775,37.372],[42.456,37.129],[42.359,37.109],[42.269,37.277],[42.06,37.206],[41.516,37.089],[41.265,37.069],[40.959,37.109],[40.706,37.098],[40.016,36.826],[39.687,36.739],[39.357,36.682],[38.767,36.693],[38.444,36.862],[38.192,36.902],[37.436,36.643],[37.066,36.653],[36.942,36.758],[36.659,36.803],[36.538,36.457],[36.641,36.264],[36.375,36.171],[36.348,36.004],[36.127,35.831],[35.893,35.917],[35.957,35.998],[35.811,36.31],[35.883,36.406],[36.188,36.659],[36.18,36.807],[36.049,36.911],[35.661,36.724],[35.537,36.597],[35.393,36.575],[35.176,36.635],[34.811,36.799],[34.601,36.784],[34.3,36.604],[34.023,36.341],[33.695,36.182],[33.1,36.103],[32.795,36.036],[32.534,36.101],[32.378,36.184],[32.022,36.535],[31.778,36.613],[31.353,36.801],[30.644,36.866],[30.582,36.797],[30.558,36.526],[30.484,36.31],[30.387,36.243],[30.232,36.307],[29.689,36.157],[29.348,36.259],[29.143,36.397],[29.038,36.693],[28.718,36.701],[28.484,36.804],[28.304,36.812],[28.196,36.686],[28.084,36.751],[27.804,36.736],[28.224,36.996],[28.134,37.029],[27.668,37.007],[27.349,37.02],[27.535,37.164],[27.52,37.249],[27.219,37.389],[27.078,37.688],[27.224,37.725],[27.232,37.979],[26.944,38.063],[26.683,38.198],[26.582,38.149],[26.291,38.277],[26.43,38.441],[26.378,38.624],[26.587,38.557],[26.595,38.419],[26.861,38.373],[26.907,38.482],[26.764,38.71],[27.014,38.887],[26.815,38.961],[26.854,39.116],[26.682,39.292],[26.911,39.517],[26.827,39.563],[26.113,39.467],[26.181,39.99],[26.313,40.025],[26.475,40.197],[26.738,40.4],[27.012,40.396],[27.285,40.456],[27.476,40.32],[27.728,40.329],[28.289,40.403],[28.63,40.376],[29.007,40.39],[28.788,40.534],[28.958,40.631],[29.801,40.76],[29.365,40.809],[29.046,41.008],[29.094,41.177],[29.322,41.228],[29.919,41.151],[30.345,41.197],[30.81,41.085],[31.255,41.108],[31.458,41.32],[32.086,41.589],[32.306,41.73],[32.947,41.892],[33.381,42.018],[34.193,41.964],[34.75,41.957],[35.006,42.063],[35.155,42.028],[35.122,41.891],[35.298,41.729],[35.558,41.634],[35.92,41.714],[36.052,41.683],[36.179,41.427],[36.278,41.336],[36.51,41.263],[36.778,41.363],[36.992,41.275],[37.066,41.184],[37.431,41.114],[37.766,41.079],[37.91,41.002],[38.381,40.925],[38.557,40.937],[38.852,41.018],[39.426,41.106],[39.808,40.983],[40.128,40.943],[40.265,40.961],[40.959,41.212],[41.414,41.424],[41.51,41.517],[41.824,41.432],[41.926,41.496],[42.211,41.487],[42.466,41.44],[42.567,41.559],[42.788,41.564],[43.149,41.307],[43.205,41.199],[43.439,41.107]]],[[[26.039,40.727],[26.331,40.954],[26.331,41.239],[26.625,41.402],[26.581,41.601],[26.321,41.717],[26.511,41.826],[26.615,41.965],[26.885,41.992],[27.012,42.059],[27.295,42.08],[27.535,41.921],[27.879,41.987],[28.014,41.969],[27.987,41.855],[28.198,41.554],[28.346,41.466],[28.947,41.248],[29.057,41.23],[28.956,41.008],[28.78,40.974],[28.172,41.081],[27.925,40.991],[27.747,41.013],[27.499,40.973],[27.43,40.84],[27.258,40.687],[26.772,40.498],[26.33,40.123],[26.254,40.315],[26.447,40.445],[26.72,40.544],[26.792,40.627],[26.105,40.611],[26.039,40.727]]],[[[25.74,40.105],[25.741,40.196],[25.918,40.238],[25.97,40.136],[25.74,40.105]]]]}},{"type":"Feature","properties":{"iso":"TW","c":[24.341,121.155],"bb":[[22.36,120.07],[25.27,121.93]]},"geometry":{"type":"Polygon","coordinates":[[[120.947,22.503],[120.581,22.356],[120.326,22.542],[120.072,23.15],[120.159,23.709],[121.041,25.033],[121.594,25.275],[121.929,24.974],[121.296,22.967],[120.947,22.503]]]}},{"type":"Feature","properties":{"iso":"TZ"},"geometry":{"type":"Polygon","coordinates":[[[30.751,-8.194],[30.313,-7.204],[29.71,-6.617],[29.48,-6.025],[29.594,-5.651],[29.343,-4.983],[29.403,-4.449],[29.718,-4.456],[30.147,-4.085],[30.425,-3.589],[30.79,-3.275],[30.515,-2.918],[30.554,-2.4],[30.829,-2.338],[30.813,-1.563],[30.51,-1.067],[30.845,-1.002],[32.016,-1.002],[33.903,-1.002],[33.979,-1.002],[35.837,-2.037],[37.644,-3.045],[37.609,-3.46],[37.797,-3.674],[39.222,-4.692],[38.819,-5.878],[38.874,-6.331],[39.472,-6.879],[39.519,-7.124],[39.288,-7.518],[39.441,-8.012],[39.304,-8.444],[39.784,-9.915],[40.464,-10.464],[39.989,-10.821],[39.322,-11.123],[38.795,-11.229],[38.492,-11.413],[37.92,-11.295],[37.542,-11.675],[36.979,-11.567],[36.519,-11.716],[35.785,-11.453],[35.631,-11.582],[34.959,-11.578],[34.598,-11.037],[34.662,-10.71],[34.524,-10.03],[34.321,-9.732],[32.92,-9.407],[32.433,-9.156],[31.943,-9.054],[31.351,-8.607],[31.076,-8.612],[30.751,-8.194]]]}},{"type":"Feature","properties":{"iso":"UA","c":[48.316,33.959],"bb":[[44.39,22.13],[52.34,40.13]]},"geometry":{"type":"Polygon","coordinates":[[[29.706,45.26],[29.568,45.371],[29.224,45.403],[28.761,45.234],[28.451,45.292],[28.213,45.45],[28.471,45.507],[28.492,45.666],[28.729,45.852],[28.739,45.937],[28.948,46.05],[29.006,46.176],[28.927,46.424],[29.146,46.527],[29.838,46.351],[30.131,46.423],[29.924,46.539],[29.942,46.724],[29.878,46.829],[29.572,46.964],[29.515,47.091],[29.549,47.247],[29.16,47.456],[29.123,47.53],[29.211,47.732],[29.195,47.882],[28.973,47.933],[28.774,48.12],[28.327,48.161],[28.088,48.257],[27.82,48.416],[27.549,48.478],[27.229,48.371],[26.847,48.387],[26.619,48.26],[26.306,48.204],[26.163,47.993],[25.464,47.911],[24.893,47.718],[24.579,47.931],[24.178,47.906],[23.629,47.996],[23.408,47.99],[23.203,48.085],[22.877,47.947],[22.769,48.11],[22.582,48.134],[22.35,48.256],[22.254,48.407],[22.132,48.405],[22.143,48.569],[22.295,48.686],[22.539,49.073],[22.706,49.171],[22.732,49.295],[22.649,49.539],[23.036,49.899],[23.712,50.377],[23.973,50.41],[24.095,50.617],[23.978,50.786],[24.106,50.845],[23.664,51.31],[23.605,51.518],[23.707,51.641],[23.951,51.585],[24.127,51.665],[24.362,51.868],[25.267,51.938],[25.925,51.914],[26.453,51.813],[27.142,51.752],[27.27,51.614],[27.859,51.592],[28.184,51.608],[28.599,51.543],[28.648,51.457],[29.136,51.617],[29.346,51.383],[29.553,51.435],[30.161,51.478],[30.333,51.326],[30.545,51.265],[30.633,51.355],[30.533,51.596],[30.667,51.814],[30.981,52.046],[31.346,52.105],[31.763,52.101],[31.974,52.047],[32.283,52.114],[32.363,52.272],[32.508,52.309],[32.9,52.256],[33.148,52.34],[33.735,52.345],[33.922,52.251],[34.113,51.98],[34.398,51.78],[34.121,51.679],[34.281,51.312],[34.712,51.172],[35.064,51.203],[35.158,51.061],[35.312,51.044],[35.44,50.728],[35.412,50.54],[35.674,50.346],[35.89,50.437],[36.116,50.409],[36.306,50.28],[36.619,50.209],[36.759,50.292],[37.423,50.411],[37.582,50.292],[37.704,50.109],[38.047,49.92],[38.259,50.052],[38.451,49.964],[38.648,49.953],[38.918,49.825],[39.175,49.856],[39.303,49.742],[39.463,49.728],[39.781,49.572],[40.031,49.597],[40.126,49.369],[40.07,49.2],[39.89,49.064],[39.687,49.008],[39.793,48.808],[39.645,48.591],[39.836,48.543],[39.961,48.238],[39.885,48.168],[39.736,47.845],[39.391,47.834],[38.9,47.855],[38.719,47.714],[38.287,47.559],[38.201,47.321],[38.281,47.277],[38.214,47.091],[37.543,47.075],[37.34,46.917],[36.689,46.764],[36.432,46.733],[36.279,46.659],[36.025,46.667],[35.827,46.624],[35.4,46.381],[35.23,46.441],[35.064,46.267],[34.85,46.19],[34.857,45.987],[35.023,45.701],[35.374,45.354],[35.558,45.311],[35.833,45.402],[36.013,45.372],[36.171,45.453],[36.575,45.394],[36.393,45.065],[35.87,45.005],[35.678,45.102],[35.473,45.098],[35.358,44.978],[35.155,44.896],[35.088,44.803],[34.717,44.807],[34.47,44.722],[34.282,44.538],[33.91,44.388],[33.656,44.433],[33.451,44.554],[33.612,44.908],[33.555,45.098],[33.392,45.188],[33.187,45.195],[32.919,45.348],[32.611,45.328],[32.508,45.404],[33.142,45.749],[33.28,45.765],[33.665,45.947],[33.594,46.096],[33.43,46.058],[33.202,46.176],[32.942,46.124],[32.477,46.084],[32.036,46.261],[32.008,46.43],[32.361,46.475],[32.354,46.565],[32.127,46.597],[31.974,46.709],[31.78,46.632],[31.532,46.665],[31.137,46.624],[30.796,46.552],[30.722,46.366],[30.512,46.105],[30.219,45.867],[29.602,45.683],[29.727,45.343],[29.706,45.26]]]}},{"type":"Feature","properties":{"iso":"UG"},"geometry":{"type":"Polygon","coordinates":[[[30.51,-1.067],[30.102,-1.369],[29.577,-1.388],[29.562,-0.977],[29.718,0.098],[29.934,0.499],[29.943,0.819],[30.943,1.683],[31.253,2.045],[31.176,2.27],[30.729,2.455],[30.839,3.491],[31.152,3.786],[31.48,3.68],[31.798,3.803],[32.099,3.529],[32.336,3.706],[32.838,3.798],[33.489,3.755],[33.976,4.22],[34.165,3.813],[34.393,3.692],[34.448,3.163],[34.742,2.818],[34.964,2.062],[34.965,1.643],[34.788,1.231],[34.482,1.042],[33.943,0.174],[33.903,-1.002],[32.016,-1.002],[30.845,-1.002],[30.51,-1.067]]]}},{"type":"Feature","properties":{"iso":"US","c":[36.97,-99.075],"bb":[[25.16,-124.63],[48.99,-67.11]]},"geometry":{"type":"MultiPolygon","coordinates":[[[[-67.125,45.169],[-67.107,44.885],[-67.907,44.454],[-68.277,44.507],[-69.792,43.805],[-70.179,43.766],[-70.829,42.825],[-71.046,42.331],[-70.738,42.229],[-70.405,41.627],[-70.657,41.534],[-71.427,41.633],[-71.523,41.379],[-72.847,41.266],[-73.583,41.022],[-74.227,40.608],[-73.958,40.328],[-74.176,39.727],[-74.429,39.387],[-74.897,39.145],[-75.392,39.093],[-75.036,38.503],[-75.659,37.954],[-76.501,38.532],[-76.264,37.894],[-76.263,37.357],[-75.89,36.657],[-76.479,36.028],[-75.772,35.9],[-75.774,35.647],[-76.513,35.27],[-76.745,34.941],[-77.751,34.285],[-78.013,33.912],[-78.578,33.873],[-78.92,33.659],[-79.276,33.135],[-80.849,32.114],[-81.52,30.875],[-81.25,29.794],[-80.9,29.05],[-80.524,28.486],[-80.65,28.181],[-80.226,27.207],[-80.041,26.569],[-80.126,25.833],[-80.367,25.331],[-80.737,25.156],[-81.098,25.319],[-81.365,25.831],[-81.715,25.983],[-81.867,26.435],[-82.441,27.06],[-82.661,27.718],[-82.844,27.846],[-82.661,28.486],[-82.651,28.888],[-83.29,29.452],[-83.694,29.926],[-84.044,30.104],[-84.383,29.907],[-85.319,29.68],[-85.354,29.876],[-86.257,30.493],[-87.79,30.292],[-88.905,30.415],[-89.588,30.166],[-90.225,30.379],[-90.413,30.14],[-89.59,29.915],[-90.101,29.182],[-90.379,29.295],[-90.751,29.131],[-91.29,29.289],[-91.331,29.514],[-91.893,29.836],[-92.261,29.557],[-93.176,29.779],[-93.695,29.77],[-94.888,29.371],[-95.273,28.964],[-95.853,28.64],[-96.449,28.594],[-96.562,28.367],[-97.156,28.144],[-97.171,27.88],[-97.555,26.967],[-97.402,26.397],[-97.146,25.961],[-97.358,25.871],[-98.083,26.064],[-99.108,26.447],[-99.444,27.037],[-99.505,27.548],[-100.296,28.328],[-100.659,29.069],[-101.44,29.777],[-102.269,29.871],[-102.734,29.644],[-102.892,29.216],[-103.258,29.001],[-104.401,29.574],[-104.979,30.646],[-106.256,31.545],[-106.453,31.77],[-108.212,31.779],[-108.214,31.329],[-111.042,31.324],[-112.939,31.916],[-114.836,32.508],[-114.725,32.715],[-117.128,32.533],[-117.467,33.296],[-118.506,34.017],[-119.144,34.112],[-119.606,34.418],[-120.481,34.472],[-120.645,34.58],[-120.634,35.076],[-120.86,35.365],[-121.877,36.331],[-121.79,36.732],[-122.395,37.208],[-122.467,37.838],[-122.968,38.097],[-122.987,38.277],[-123.701,38.907],[-123.884,39.861],[-124.324,40.252],[-124.372,40.491],[-124.069,41.384],[-124.54,42.813],[-124.149,43.692],[-123.929,45.577],[-124.072,46.745],[-124.376,47.659],[-124.621,47.904],[-124.633,48.375],[-123.976,48.168],[-122.242,48.011],[-122.789,48.993],[-120.981,48.993],[-117.996,48.993],[-115.438,48.993],[-112.027,48.993],[-109.469,48.993],[-105.631,48.993],[-103.499,48.993],[-101.367,48.993],[-99.235,48.993],[-96.677,48.993],[-95.162,48.992],[-94.621,48.743],[-93.708,48.525],[-92.996,48.612],[-91.518,48.058],[-90.84,48.201],[-89.456,47.996],[-88.378,48.303],[-84.876,46.9],[-84.562,46.457],[-84.192,46.55],[-83.978,46.085],[-83.593,45.817],[-82.551,45.347],[-82.138,43.571],[-82.545,42.625],[-83.073,42.3],[-83.142,41.976],[-82.439,41.675],[-81.278,42.209],[-80.248,42.366],[-79.037,42.802],[-79.172,43.467],[-78.72,43.625],[-76.82,43.629],[-76.465,44.058],[-75.179,44.899],[-74.709,45.004],[-71.518,45.008],[-71.327,45.29],[-70.898,45.262],[-70.296,45.906],[-70.008,46.709],[-69.243,47.463],[-68.829,47.203],[-68.311,47.354],[-67.807,47.083],[-67.785,45.702],[-67.433,45.603],[-67.473,45.276],[-67.125,45.169]]],[[[-130.214,55.026],[-130.575,54.77],[-131.048,55.158],[-130.919,55.736],[-131.844,56.16],[-132.814,57.041],[-133.466,57.172],[-133.554,57.695],[-134.063,58.211],[-134.776,58.454],[-135.303,58.256],[-135.862,58.577],[-136.583,58.245],[-137.544,58.581],[-138.352,59.087],[-140.217,59.727],[-140.843,59.749],[-141.67,59.97],[-142.946,60.097],[-143.805,60.013],[-144.901,60.335],[-145.899,60.478],[-146.874,61.005],[-148.344,60.854],[-148.198,60.168],[-148.431,59.989],[-149.432,60.001],[-150.961,59.244],[-151.738,59.189],[-151.735,59.988],[-151.451,60.203],[-151.322,60.743],[-150.441,61.024],[-150.612,61.301],[-151.734,60.911],[-151.75,60.755],[-153.106,59.875],[-154.088,59.363],[-154.13,59.12],[-153.334,58.858],[-154.02,58.493],[-154.247,58.159],[-155.007,58.016],[-156.478,57.328],[-156.475,57.105],[-157.578,56.634],[-158.414,56.436],[-158.276,56.196],[-159.523,55.81],[-159.962,55.795],[-161.1,55.406],[-161.742,55.391],[-162.074,55.139],[-162.865,54.955],[-162.962,55.184],[-162.157,55.719],[-161.216,56.021],[-160.851,55.772],[-160.302,56.314],[-159.283,56.689],[-158.321,57.298],[-157.608,57.601],[-157.524,58.421],[-158.503,58.85],[-159.083,58.47],[-159.67,58.911],[-160.363,59.051],[-161.755,58.612],[-161.829,59.589],[-162.242,60.178],[-163.219,59.846],[-163.907,59.807],[-164.662,60.304],[-165.354,60.541],[-164.805,60.892],[-165.566,61.102],[-166.079,61.803],[-165.195,62.474],[-164.409,63.215],[-163.359,63.046],[-161.974,63.453],[-161.1,63.558],[-160.779,63.819],[-160.932,64.579],[-161.759,64.816],[-162.807,64.374],[-163.713,64.588],[-164.9,64.461],[-166.143,64.583],[-167.404,65.422],[-168.088,65.658],[-164.674,66.555],[-163.775,66.531],[-163.695,66.084],[-161.816,66.054],[-161.557,66.251],[-160.232,66.42],[-160.864,66.671],[-161.857,66.7],[-161.965,67.05],[-163.002,67.027],[-163.721,67.196],[-164.125,67.607],[-166.381,68.425],[-166.209,68.885],[-164.302,68.936],[-163.161,69.388],[-162.952,69.758],[-161.881,70.332],[-160.996,70.305],[-159.315,70.879],[-157.998,70.845],[-156.783,71.319],[-155.167,71.099],[-154.195,70.801],[-153.233,70.933],[-152.233,70.81],[-151.945,70.452],[-149.269,70.501],[-147.705,70.217],[-145.823,70.16],[-145.197,70.009],[-143.218,70.116],[-141.408,69.653],[-141.002,69.651],[-141.002,66.729],[-141.002,64.976],[-141.002,62.346],[-141.002,60.3],[-139.185,60.084],[-137.593,59.226],[-137.439,58.903],[-136.579,59.152],[-136.322,59.605],[-135.476,59.793],[-134.944,59.288],[-133.821,58.705],[-131.866,56.793],[-130.742,56.341],[-130.025,55.888],[-130.037,55.298],[-130.214,55.026]]]]}},{"type":"Feature","properties":{"iso":"UY","c":[-32.605,-55.739],"bb":[[-34.93,-58.4],[-30.11,-53.13]]},"geometry":{"type":"Polygon","coordinates":[[[-58.201,-32.472],[-58.189,-31.924],[-57.811,-30.859],[-57.873,-30.591],[-57.609,-30.188],[-57.214,-30.283],[-56.833,-30.107],[-56.176,-30.628],[-55.874,-31.07],[-55.557,-30.876],[-55.255,-31.226],[-54.588,-31.485],[-54.221,-31.855],[-53.762,-32.057],[-53.602,-32.403],[-53.126,-32.737],[-53.531,-33.171],[-53.371,-33.742],[-53.785,-34.38],[-54.169,-34.671],[-54.902,-34.933],[-55.673,-34.776],[-56.118,-34.908],[-56.855,-34.677],[-57.171,-34.452],[-57.829,-34.477],[-58.4,-33.912],[-58.353,-33.26],[-58.082,-32.894],[-58.201,-32.472]]]}},{"type":"Feature","properties":{"iso":"UZ"},"geometry":{"type":"MultiPolygon","coordinates":[[[[70.958,40.239],[70.653,40.201],[70.383,40.454],[70.712,40.669],[70.751,40.74],[70.442,41.023],[70.292,40.892],[69.713,40.657],[69.414,40.797],[69.206,40.567],[69.304,40.327],[69.228,40.188],[68.952,40.223],[68.653,40.183],[68.805,40.05],[68.869,39.907],[68.639,39.839],[68.586,39.635],[68.463,39.537],[68.077,39.564],[67.719,39.621],[67.426,39.466],[67.35,39.242],[67.617,39.15],[67.677,39.008],[68.104,38.962],[68.149,38.891],[68.048,38.669],[68.144,38.383],[68.333,38.238],[68.294,38.033],[68.088,37.835],[67.814,37.487],[67.759,37.172],[67.517,37.267],[67.32,37.21],[67.069,37.335],[66.828,37.371],[66.522,37.348],[66.526,37.786],[66.629,37.932],[66.575,38.011],[66.39,38.051],[66.173,38.167],[65.857,38.269],[65.613,38.239],[65.077,38.539],[64.66,38.736],[64.31,38.977],[64.163,38.954],[63.721,39.188],[63.506,39.377],[62.651,39.858],[62.442,40.036],[62.375,40.332],[62.298,40.467],[62.095,40.683],[61.954,41.031],[61.8,41.163],[61.497,41.276],[61.329,41.195],[60.755,41.246],[60.455,41.222],[60.09,41.399],[60.138,41.594],[60.076,41.701],[60.107,41.907],[59.963,41.954],[60.006,42.191],[59.858,42.295],[59.451,42.3],[59.277,42.356],[59.123,42.524],[58.877,42.561],[58.589,42.778],[58.477,42.663],[58.26,42.688],[58.234,42.448],[58.029,42.488],[57.814,42.19],[57.382,42.156],[57.229,42.084],[56.964,41.857],[57.018,41.451],[57.119,41.35],[57.018,41.263],[55.977,41.322],[55.977,42.47],[55.976,43.618],[55.976,44.995],[57.477,45.337],[58.555,45.555],[60.188,44.784],[61.008,44.394],[61.161,44.169],[61.99,43.492],[62.072,43.489],[63.207,43.628],[64.443,43.551],[64.905,43.715],[65.271,43.418],[65.496,43.311],[65.803,42.877],[66.1,42.991],[66.01,42.005],[66.499,41.995],[66.538,41.741],[66.669,41.271],[66.814,41.142],[67.936,41.197],[68.113,41.029],[68.048,40.809],[68.292,40.656],[68.496,40.609],[68.601,40.66],[68.584,40.876],[68.737,41.042],[68.987,41.205],[69.065,41.367],[69.368,41.491],[69.664,41.672],[70.096,41.821],[70.416,42.079],[70.613,42.055],[70.715,42.169],[70.947,42.249],[71.036,42.285],[71.229,42.163],[70.842,42.02],[70.803,41.923],[70.631,41.875],[70.455,41.725],[70.181,41.571],[70.471,41.413],[70.646,41.46],[70.782,41.263],[71.111,41.153],[71.408,41.136],[71.421,41.342],[71.792,41.413],[71.879,41.195],[72.164,41.174],[72.187,41.026],[72.364,41.043],[72.62,40.884],[72.99,40.86],[73.113,40.786],[72.774,40.65],[72.567,40.524],[72.402,40.578],[72.358,40.402],[72.131,40.439],[71.956,40.259],[71.692,40.152],[71.305,40.287],[70.958,40.239]]],[[[71.156,39.883],[71.012,39.895],[71.08,40.08],[71.229,40.048],[71.156,39.883]]]]}},{"type":"Feature","properties":{"iso":"VA"},"geometry":{"type":"Polygon","coordinates":[[[12.431,41.898],[12.431,41.905],[12.438,41.906],[12.439,41.898],[12.431,41.898]]]}},{"type":"Feature","properties":{"iso":"VE"},"geometry":{"type":"Polygon","coordinates":[[[-60.742,5.202],[-60.604,4.995],[-61.003,4.535],[-62.153,4.098],[-62.712,4.018],[-62.969,3.594],[-63.295,3.922],[-64.021,3.929],[-64.256,4.14],[-64.568,3.9],[-64.221,3.587],[-64.219,3.205],[-63.924,2.452],[-63.389,2.412],[-63.394,2.223],[-64.035,1.904],[-64.115,1.619],[-65.104,1.108],[-65.361,0.869],[-65.681,0.983],[-66.06,0.785],[-66.429,0.822],[-66.876,1.223],[-67.211,2.39],[-67.835,2.893],[-67.311,3.416],[-67.662,3.864],[-67.855,4.507],[-67.825,5.27],[-67.439,6.026],[-67.859,6.29],[-68.472,6.157],[-69.439,6.135],[-70.095,6.938],[-70.655,7.083],[-71.013,6.994],[-72.084,7.097],[-72.443,7.455],[-72.417,8.382],[-72.665,8.628],[-72.796,9.109],[-73.356,9.227],[-73.007,9.789],[-72.869,10.491],[-72.69,10.836],[-72.248,11.196],[-71.958,11.666],[-71.32,11.862],[-71.869,11.627],[-71.947,11.414],[-71.594,10.657],[-72.113,9.816],[-71.687,9.073],[-71.298,9.126],[-71.086,9.348],[-71.053,9.706],[-71.387,10.264],[-71.545,10.779],[-71.47,10.964],[-70.233,11.373],[-70.287,11.886],[-70.004,12.178],[-69.632,11.48],[-68.828,11.432],[-68.399,11.161],[-68.234,10.569],[-67.872,10.472],[-66.989,10.611],[-66.247,10.632],[-65.852,10.258],[-65.129,10.07],[-64.85,10.098],[-63.873,10.664],[-62.702,10.75],[-62.843,10.418],[-62.515,10.176],[-60.792,9.361],[-61.053,9.095],[-61.304,8.41],[-60.801,8.592],[-60.018,8.549],[-59.832,8.306],[-60.032,8.054],[-60.514,7.813],[-60.719,7.499],[-60.395,6.945],[-61.146,6.695],[-61.129,6.214],[-61.377,5.907],[-60.742,5.202]]]}},{"type":"Feature","properties":{"iso":"VN","c":[15.895,107.842],"bb":[[8.58,102.13],[23.34,109.42]]},"geometry":{"type":"Polygon","coordinates":[[[104.426,10.411],[104.851,10.534],[105.387,10.94],[106.168,11.012],[105.856,11.294],[105.851,11.635],[106.34,11.682],[106.414,11.948],[106.931,12.077],[107.506,12.365],[107.475,13.03],[107.605,13.438],[107.331,14.127],[107.519,14.705],[107.653,15.255],[107.19,15.747],[107.396,16.043],[106.696,16.459],[106.502,16.954],[105.691,17.738],[105.458,18.154],[105.086,18.45],[105.115,18.679],[104.717,18.803],[103.896,19.34],[104.032,19.675],[104.546,19.611],[104.928,20.018],[104.619,20.375],[104.583,20.647],[104.052,20.941],[103.635,20.697],[103.104,20.892],[102.851,21.266],[102.949,21.57],[102.127,22.379],[102.517,22.741],[103.005,22.453],[103.356,22.755],[104.372,22.704],[104.796,22.911],[104.865,23.136],[105.275,23.345],[105.843,22.923],[106.148,22.97],[106.78,22.779],[106.536,22.395],[106.729,22.0],[107.351,21.609],[107.973,21.508],[107.41,21.285],[107.354,21.055],[106.675,20.96],[106.753,20.735],[106.518,20.289],[105.984,19.939],[105.622,18.966],[105.888,18.502],[106.499,17.946],[106.479,17.72],[107.18,16.898],[108.029,16.331],[108.821,15.378],[109.085,14.716],[109.303,13.856],[109.272,13.279],[109.424,12.956],[109.219,12.646],[109.199,11.725],[108.821,11.315],[108.272,10.934],[107.262,10.398],[106.813,10.433],[106.572,9.641],[105.501,9.093],[105.322,8.801],[104.892,8.583],[104.819,8.802],[104.845,9.606],[105.028,10.067],[104.663,10.17],[104.426,10.411]]]}},{"type":"Feature","properties":{"iso":"XK","c":[42.443,20.902],"bb":[[41.87,20.03],[43.2,21.75]]},"geometry":{"type":"Polygon","coordinates":[[[21.563,42.248],[21.39,42.22],[21.256,42.1],[21.06,42.171],[20.778,42.071],[20.744,41.904],[20.566,41.874],[20.575,42.013],[20.485,42.223],[20.241,42.339],[20.064,42.547],[20.029,42.732],[20.344,42.828],[20.624,43.034],[20.623,43.199],[20.844,43.173],[21.057,43.092],[21.237,42.913],[21.403,42.832],[21.391,42.751],[21.753,42.67],[21.563,42.248]]]}},{"type":"Feature","properties":{"iso":"YE"},"geometry":{"type":"Polygon","coordinates":[[[42.799,16.372],[43.165,16.689],[43.191,17.359],[43.418,17.516],[43.917,17.325],[44.156,17.399],[45.148,17.427],[45.407,17.32],[46.31,17.231],[46.682,17.269],[46.976,16.953],[47.442,17.112],[47.58,17.448],[48.172,18.157],[49.042,18.582],[51.978,18.996],[52.729,17.3],[53.086,16.648],[52.328,16.294],[52.217,15.656],[51.604,15.337],[50.527,15.038],[50.167,14.851],[49.35,14.638],[48.668,14.05],[47.99,14.048],[47.408,13.662],[46.789,13.466],[45.657,13.339],[45.039,12.816],[44.618,12.817],[43.93,12.617],[43.475,12.839],[43.232,13.267],[43.283,13.64],[43.089,14.011],[43.021,14.555],[42.717,15.655],[42.799,16.372]]]}},{"type":"Feature","properties":{"iso":"ZA"},"geometry":{"type":"Polygon","coordinates":[[[31.288,-22.402],[31.546,-23.482],[31.8,-23.892],[31.986,-24.461],[31.948,-25.958],[31.415,-25.747],[31.207,-25.843],[30.803,-26.413],[30.794,-26.764],[31.063,-27.112],[31.47,-27.296],[31.958,-27.306],[32.113,-26.839],[32.886,-26.849],[32.535,-28.2],[32.286,-28.621],[31.778,-28.937],[31.335,-29.378],[30.289,-30.97],[28.856,-32.294],[27.861,-33.054],[27.077,-33.521],[26.429,-33.76],[25.99,-33.711],[25.638,-34.011],[25.003,-33.974],[24.827,-34.169],[23.586,-33.985],[23.268,-34.081],[22.246,-34.069],[21.789,-34.373],[21.06,-34.365],[20.53,-34.463],[20.021,-34.786],[19.635,-34.753],[18.809,-34.108],[18.354,-33.939],[18.433,-33.717],[17.878,-32.962],[18.251,-32.652],[18.311,-32.122],[18.211,-31.742],[17.677,-31.019],[17.189,-30.1],[16.95,-29.403],[16.448,-28.618],[16.756,-28.452],[17.056,-28.031],[17.386,-28.353],[17.448,-28.698],[18.311,-28.886],[19.026,-28.928],[19.671,-28.504],[19.98,-28.451],[19.98,-26.531],[19.98,-24.777],[20.345,-25.03],[20.793,-25.916],[20.627,-26.444],[20.74,-26.849],[21.646,-26.854],[22.091,-26.58],[22.64,-26.071],[22.879,-25.458],[23.266,-25.267],[23.894,-25.601],[24.748,-25.817],[25.584,-25.606],[25.912,-24.747],[26.397,-24.614],[26.835,-24.241],[27.146,-23.524],[27.891,-23.074],[28.21,-22.694],[28.84,-22.481],[29.365,-22.194],[29.663,-22.146],[30.46,-22.329],[31.288,-22.402]],[[28.901,-30.038],[29.098,-29.919],[29.391,-29.27],[29.301,-29.09],[28.626,-28.582],[27.736,-28.94],[27.295,-29.519],[27.052,-29.664],[27.388,-30.316],[28.018,-30.642],[28.392,-30.148],[28.901,-30.038]]]}},{"type":"Feature","properties":{"iso":"ZM","c":[-13.113,25.402],"bb":[[-18.04,21.98],[-8.19,33.66]]},"geometry":{"type":"Polygon","coordinates":[[[25.259,-17.794],[24.932,-17.543],[24.275,-17.481],[23.381,-17.641],[22.151,-16.597],[21.98,-15.956],[21.979,-13.001],[23.843,-13.001],[23.991,-12.422],[23.967,-10.872],[24.32,-11.072],[24.519,-11.438],[25.185,-11.243],[25.349,-11.623],[26.026,-11.89],[26.596,-11.972],[26.95,-11.899],[27.046,-11.616],[27.533,-12.195],[28.358,-12.482],[29.014,-13.369],[29.554,-13.249],[29.795,-13.393],[29.795,-12.155],[29.428,-12.431],[29.064,-12.349],[28.483,-11.812],[28.357,-11.483],[28.639,-10.669],[28.63,-9.831],[28.401,-9.225],[28.918,-8.701],[28.972,-8.465],[30.751,-8.194],[31.076,-8.612],[31.351,-8.607],[31.943,-9.054],[32.433,-9.156],[32.92,-9.407],[33.351,-9.862],[33.659,-10.591],[33.261,-10.893],[33.38,-11.158],[33.226,-11.535],[33.252,-12.113],[33.398,-12.49],[33.022,-12.63],[32.968,-13.225],[32.672,-13.61],[32.992,-14.022],[33.202,-14.013],[31.729,-14.496],[30.232,-14.99],[30.396,-15.643],[29.73,-15.645],[28.913,-15.988],[28.761,-16.532],[27.932,-16.896],[27.021,-17.958],[26.78,-18.042],[26.333,-17.929],[25.863,-17.952],[25.259,-17.794]]]}},{"type":"Feature","properties":{"iso":"ZW"},"geometry":{"type":"Polygon","coordinates":[[[29.365,-22.194],[29.037,-21.811],[28.046,-21.573],[27.669,-21.064],[27.7,-20.531],[27.281,-20.479],[27.221,-20.146],[26.678,-19.893],[26.168,-19.538],[25.761,-18.649],[25.224,-17.915],[25.259,-17.794],[25.863,-17.952],[26.333,-17.929],[26.78,-18.042],[27.021,-17.958],[27.932,-16.896],[28.761,-16.532],[28.913,-15.988],[29.73,-15.645],[30.396,-15.643],[30.438,-15.995],[31.236,-16.024],[31.94,-16.429],[32.243,-16.449],[32.948,-16.712],[32.993,-18.36],[32.717,-19.002],[33.007,-19.874],[32.478,-20.713],[32.371,-21.335],[31.288,-22.402],[30.46,-22.329],[29.663,-22.146],[29.365,-22.194]]]}}]}